record_id,text,label,original_job_field,job_title,job_description_clean,key_responsibilities_clean,required_skills_clean,source_row_number,source_url
JD0001,bank teller front-line customer service professional responsible for processing daily financial transactions and addressing basic customer inquiries. process deposits withdrawals and loan payments. balance a cash drawer daily. answer account inquiries and identify referral opportunities. high school diploma. strong cash handling accuracy and customer service skills.,"Banking, Finance & Audit",Retail Banking,Bank Teller,front-line customer service professional responsible for processing daily financial transactions and addressing basic customer inquiries.,process deposits withdrawals and loan payments. balance a cash drawer daily. answer account inquiries and identify referral opportunities.,high school diploma. strong cash handling accuracy and customer service skills.,1,https://www.kaggle.com/datasets/shivamashokgupta/job-description
JD0002,lead teller a senior teller who processes transactions while also providing oversight coaching and vault management support to the teller line. perform all teller duties. manage and balance the bank vault. coach junior tellers and handle escalated customer issues. 2+ years of teller experience. leadership potential advanced problem-solving and cash vault management skills.,"Banking, Finance & Audit",Retail Banking,Lead Teller,a senior teller who processes transactions while also providing oversight coaching and vault management support to the teller line.,perform all teller duties. manage and balance the bank vault. coach junior tellers and handle escalated customer issues.,2+ years of teller experience. leadership potential advanced problem-solving and cash vault management skills.,2,https://www.kaggle.com/datasets/shivamashokgupta/job-description
JD0003,personal banker a sales and service professional in a branch responsible for opening new accounts and selling bank products like loans and credit cards. open new checking/savings accounts and cds. consult with customers to identify needs. process consumer loan and credit card applications. meet established sales and referral goals. bachelor s degree preferred. strong sales communication and relationship-building skills.,"Banking, Finance & Audit",Retail Banking,Personal Banker,a sales and service professional in a branch responsible for opening new accounts and selling bank products like loans and credit cards.,open new checking/savings accounts and cds. consult with customers to identify needs. process consumer loan and credit card applications. meet established sales and referral goals.,bachelor s degree preferred. strong sales communication and relationship-building skills.,3,https://www.kaggle.com/datasets/shivamashokgupta/job-description
JD0004,relationship banker a more advanced personal banker role focused on developing deeper long-term relationships with a portfolio of branch clients. proactively manage and grow a portfolio of consumer clients. provide holistic financial advice. cross-sell a full range of bank products loans investments etc. . bachelor s in finance/business. proven sales record financial acumen and crm skills.,"Banking, Finance & Audit",Retail Banking,Relationship Banker,a more advanced personal banker role focused on developing deeper long-term relationships with a portfolio of branch clients.,proactively manage and grow a portfolio of consumer clients. provide holistic financial advice. cross-sell a full range of bank products loans investments etc. .,bachelor s in finance/business. proven sales record financial acumen and crm skills.,4,https://www.kaggle.com/datasets/shivamashokgupta/job-description
JD0005,small business banker a specialized banker often located within a branch who focuses exclusively on the needs of small business clients. open new business checking accounts. originate small business loans e.g. sba loans lines of credit . sell treasury/cash management services to small businesses. bachelor s in business/finance. b2b sales skills and a strong understanding of business financial statements.,"Banking, Finance & Audit",Retail Banking,Small Business Banker,a specialized banker often located within a branch who focuses exclusively on the needs of small business clients.,open new business checking accounts. originate small business loans e.g. sba loans lines of credit . sell treasury/cash management services to small businesses.,bachelor s in business/finance. b2b sales skills and a strong understanding of business financial statements.,5,https://www.kaggle.com/datasets/shivamashokgupta/job-description
JD0006,mortgage loan officer mlo guides clients through the mortgage application process from pre-approval to closing helping them secure financing for a home purchase. advise clients on various mortgage products. collect and verify all required financial documents. manage a pipeline of loan applications. liaise with underwriters and processors. bachelor s degree. must hold an nmls license. strong sales organization and communication skills.,"Banking, Finance & Audit",Retail Banking,Mortgage Loan Officer (MLO),guides clients through the mortgage application process from pre-approval to closing helping them secure financing for a home purchase.,advise clients on various mortgage products. collect and verify all required financial documents. manage a pipeline of loan applications. liaise with underwriters and processors.,bachelor s degree. must hold an nmls license. strong sales organization and communication skills.,6,https://www.kaggle.com/datasets/shivamashokgupta/job-description
JD0007,assistant branch manager supports the branch manager in all operational and sales functions acting as the manager-on-duty in their absence. supervise the teller line and personal banking team. handle complex operational duties and audit procedures. coach staff to meet sales goals. resolve escalated customer complaints. 3-5+ years of banking experience. proven leadership sales coaching and operational skills.,"Banking, Finance & Audit",Retail Banking,Assistant Branch Manager,supports the branch manager in all operational and sales functions acting as the manager-on-duty in their absence.,supervise the teller line and personal banking team. handle complex operational duties and audit procedures. coach staff to meet sales goals. resolve escalated customer complaints.,3-5+ years of banking experience. proven leadership sales coaching and operational skills.,7,https://www.kaggle.com/datasets/shivamashokgupta/job-description
JD0008,branch manager leads a single bank branch accountable for its overall profitability operational integrity sales performance and team development. manage all branch staff hiring training scheduling . develop and execute sales strategies to meet branch goals. ensure compliance with all banking regulations and security protocols. represent the bank in the local community. bachelor s degree. 5+ years of banking management. strong leadership sales management and financial acumen.,"Banking, Finance & Audit",Retail Banking,Branch Manager,leads a single bank branch accountable for its overall profitability operational integrity sales performance and team development.,manage all branch staff hiring training scheduling . develop and execute sales strategies to meet branch goals. ensure compliance with all banking regulations and security protocols. represent the bank in the local community.,bachelor s degree. 5+ years of banking management. strong leadership sales management and financial acumen.,8,https://www.kaggle.com/datasets/shivamashokgupta/job-description
JD0009,regional manager a senior leader responsible for the performance and operations of an entire geographic region managing multiple branch managers. manage the p l for a defined region. set regional sales and performance targets. coach and develop a team of branch managers. ensure operational consistency and compliance across all branches. bachelor s/mba. 7-10+ years of senior retail bank management experience.,"Banking, Finance & Audit",Retail Banking,Regional Manager,a senior leader responsible for the performance and operations of an entire geographic region managing multiple branch managers.,manage the p l for a defined region. set regional sales and performance targets. coach and develop a team of branch managers. ensure operational consistency and compliance across all branches.,bachelor s/mba. 7-10+ years of senior retail bank management experience.,9,https://www.kaggle.com/datasets/shivamashokgupta/job-description
JD0010,client service associate the primary administrative support role for a team of financial advisors handling all client service and operational tasks. handle client requests e.g. money movement paperwork . open new investment accounts and prepare client review materials. assist financial advisors with scheduling and administration. bachelor s degree. exceptional organization and client service skills. often requires series 7/66 licenses .,"Banking, Finance & Audit",Wealth Management,Client Service Associate,the primary administrative support role for a team of financial advisors handling all client service and operational tasks.,handle client requests e.g. money movement paperwork . open new investment accounts and prepare client review materials. assist financial advisors with scheduling and administration.,bachelor s degree. exceptional organization and client service skills. often requires series 7/66 licenses .,10,https://www.kaggle.com/datasets/shivamashokgupta/job-description
JD0011,financial advisor associate a junior often salaried or trainee-level advisor who supports a senior advisory team by conducting research and assisting with financial plans. assist in building financial models and plans for clients. conduct investment research and portfolio analysis. sit in on client meetings and handle follow-up tasks. bachelor s in finance. must pass sie series 7 and series 66. strong analytical and excel skills.,"Banking, Finance & Audit",Wealth Management,Financial Advisor (Associate),a junior often salaried or trainee-level advisor who supports a senior advisory team by conducting research and assisting with financial plans.,assist in building financial models and plans for clients. conduct investment research and portfolio analysis. sit in on client meetings and handle follow-up tasks.,bachelor s in finance. must pass sie series 7 and series 66. strong analytical and excel skills.,11,https://www.kaggle.com/datasets/shivamashokgupta/job-description
JD0012,financial advisor wealth manager a licensed professional who builds a book of clients providing holistic financial planning and investment management services. prospect for and acquire new high-net-worth hnw clients. create comprehensive financial plans retirement estate insurance . build and manage client investment portfolios. bachelor s/mba. cfp certification highly preferred. strong sales networking and portfolio management skills.,"Banking, Finance & Audit",Wealth Management,Financial Advisor (Wealth Manager),a licensed professional who builds a book of clients providing holistic financial planning and investment management services.,prospect for and acquire new high-net-worth hnw clients. create comprehensive financial plans retirement estate insurance . build and manage client investment portfolios.,bachelor s/mba. cfp certification highly preferred. strong sales networking and portfolio management skills.,12,https://www.kaggle.com/datasets/shivamashokgupta/job-description
JD0013,private banker services the needs of ultra-high-net-worth uhnw clients providing complex credit solutions e.g. asset-backed loans in addition to investments. act as the single point of contact for uhnw clients. provide customized credit and lending solutions. coordinate with trust investment and estate planning specialists. bachelor s/mba. series 7/66. expertise in complex credit products and hnw client management.,"Banking, Finance & Audit",Wealth Management,Private Banker,services the needs of ultra-high-net-worth uhnw clients providing complex credit solutions e.g. asset-backed loans in addition to investments.,act as the single point of contact for uhnw clients. provide customized credit and lending solutions. coordinate with trust investment and estate planning specialists.,bachelor s/mba. series 7/66. expertise in complex credit products and hnw client management.,13,https://www.kaggle.com/datasets/shivamashokgupta/job-description
JD0014,portfolio manager an investment specialist responsible for making the final buy/sell decisions for client portfolios either on a discretionary basis or for a bank s model portfolio. conduct macroeconomic and security-specific research. construct and rebalance investment portfolios to match risk tolerance. monitor market activity and execute trades. communicate investment strategy to clients and advisors. master s in finance or mba. cfa chartered financial analyst designation is the standard.,"Banking, Finance & Audit",Wealth Management,Portfolio Manager,an investment specialist responsible for making the final buy/sell decisions for client portfolios either on a discretionary basis or for a bank s model portfolio.,conduct macroeconomic and security-specific research. construct and rebalance investment portfolios to match risk tolerance. monitor market activity and execute trades. communicate investment strategy to clients and advisors.,master s in finance or mba. cfa chartered financial analyst designation is the standard.,14,https://www.kaggle.com/datasets/shivamashokgupta/job-description
JD0015,trust officer a fiduciary who administers trusts and estates according to the grantor s wishes managing assets on behalf of beneficiaries. ensure compliance with all legal terms of a trust document. manage trust assets investments and real estate. handle distributions to beneficiaries and all tax filings for the trust. communicate regularly with beneficiaries and their legal counsel. bachelor s degree jd law degree or ctfa certified trust and fiduciary advisor cert is standard.,"Banking, Finance & Audit",Wealth Management,Trust Officer,a fiduciary who administers trusts and estates according to the grantor s wishes managing assets on behalf of beneficiaries.,ensure compliance with all legal terms of a trust document. manage trust assets investments and real estate. handle distributions to beneficiaries and all tax filings for the trust. communicate regularly with beneficiaries and their legal counsel.,bachelor s degree jd law degree or ctfa certified trust and fiduciary advisor cert is standard.,15,https://www.kaggle.com/datasets/shivamashokgupta/job-description
JD0016,financial planner a specialist who creates comprehensive long-term financial plans for clients often without directly managing the investments. gather and analyze all client financial data income assets insurance . model scenarios for retirement college savings and estate planning. prepare and present a formal financial plan with actionable recommendations. bachelor s degree. cfp certified financial planner certification is required.,"Banking, Finance & Audit",Wealth Management,Financial Planner,a specialist who creates comprehensive long-term financial plans for clients often without directly managing the investments.,gather and analyze all client financial data income assets insurance . model scenarios for retirement college savings and estate planning. prepare and present a formal financial plan with actionable recommendations.,bachelor s degree. cfp certified financial planner certification is required.,16,https://www.kaggle.com/datasets/shivamashokgupta/job-description
JD0017,credit analyst an analyst who supports relationship managers by performing the financial underwriting on loan requests from business clients. analyze company financial statements balance sheet p l cash flow . perform ratio analysis sensitivity analysis and cash flow modeling. prepare a detailed credit memorandum write-up recommending approval or denial. bachelor s in accounting or finance. strong analytical and excel skills formal credit training.,"Banking, Finance & Audit",Commercial Banking,Credit Analyst,an analyst who supports relationship managers by performing the financial underwriting on loan requests from business clients.,analyze company financial statements balance sheet p l cash flow . perform ratio analysis sensitivity analysis and cash flow modeling. prepare a detailed credit memorandum write-up recommending approval or denial.,bachelor s in accounting or finance. strong analytical and excel skills formal credit training.,17,https://www.kaggle.com/datasets/shivamashokgupta/job-description
JD0018,underwriter commercial a risk-assessment professional often a senior credit analyst who has the authority to approve or deny a business loan application. perform final due diligence on loan applications. assess all forms of risk credit collateral market . approve deny or restructure loan terms and covenants. hold the final credit authority for the bank. bachelor s in finance/accounting. 5+ years of credit analysis experience and delegated lending authority.,"Banking, Finance & Audit",Commercial Banking,Underwriter (Commercial),a risk-assessment professional often a senior credit analyst who has the authority to approve or deny a business loan application.,perform final due diligence on loan applications. assess all forms of risk credit collateral market . approve deny or restructure loan terms and covenants. hold the final credit authority for the bank.,bachelor s in finance/accounting. 5+ years of credit analysis experience and delegated lending authority.,18,https://www.kaggle.com/datasets/shivamashokgupta/job-description
JD0019,relationship manager rm the primary sales and client-facing role in commercial banking. manages a portfolio of business clients and is responsible for lending and cross-selling all bank services. act as the primary advisor and contact for a portfolio of business clients. originate new commercial loans c i loans cre loans . cross-sell other bank products e.g. treasury management wealth management . negotiate loan terms pricing and covenants. bachelor s/mba in finance. formal credit training and strong b2b sales skills.,"Banking, Finance & Audit",Commercial Banking,Relationship Manager (RM),the primary sales and client-facing role in commercial banking. manages a portfolio of business clients and is responsible for lending and cross-selling all bank services.,act as the primary advisor and contact for a portfolio of business clients. originate new commercial loans c i loans cre loans . cross-sell other bank products e.g. treasury management wealth management . negotiate loan terms pricing and covenants.,bachelor s/mba in finance. formal credit training and strong b2b sales skills.,19,https://www.kaggle.com/datasets/shivamashokgupta/job-description
JD0020,treasury management sales officer a specialist who sells cash management products to business clients helping them manage their operating cash flow. sell products like ach/wire services remote deposit capture and fraud protection positive pay . analyze a company s cash conversion cycle to propose solutions. conduct product demos and manage implementation. bachelor s in business. ctp certified treasury professional cert is a plus. strong technical sales skills.,"Banking, Finance & Audit",Commercial Banking,Treasury Management Sales Officer,a specialist who sells cash management products to business clients helping them manage their operating cash flow.,sell products like ach/wire services remote deposit capture and fraud protection positive pay . analyze a company s cash conversion cycle to propose solutions. conduct product demos and manage implementation.,bachelor s in business. ctp certified treasury professional cert is a plus. strong technical sales skills.,20,https://www.kaggle.com/datasets/shivamashokgupta/job-description
JD0021,treasury management analyst an operations and analytical role that supports the treasury sales officers by implementing products and analyzing client service usage. implement new treasury management services for clients. provide technical support and troubleshooting for cash management products. analyze product pricing and client profitability. bachelor s in finance. technical aptitude project management and analytical skills.,"Banking, Finance & Audit",Commercial Banking,Treasury Management Analyst,an operations and analytical role that supports the treasury sales officers by implementing products and analyzing client service usage.,implement new treasury management services for clients. provide technical support and troubleshooting for cash management products. analyze product pricing and client profitability.,bachelor s in finance. technical aptitude project management and analytical skills.,21,https://www.kaggle.com/datasets/shivamashokgupta/job-description
JD0022,small business administration sba specialist a lending expert who specializes in originating and processing loans that are backed by the small business administration sba . structure loans according to complex sba guidelines. collect and package all required sba documentation. work with underwriters to ensure full compliance with federal programs. bachelor s degree. deep expertise in all sba lending programs e.g. 7 a 504 .,"Banking, Finance & Audit",Commercial Banking,Small Business Administration (SBA) Specialist,a lending expert who specializes in originating and processing loans that are backed by the small business administration sba .,structure loans according to complex sba guidelines. collect and package all required sba documentation. work with underwriters to ensure full compliance with federal programs.,bachelor s degree. deep expertise in all sba lending programs e.g. 7 a 504 .,22,https://www.kaggle.com/datasets/shivamashokgupta/job-description
JD0023,commercial real estate cre loan officer a relationship manager who specializes exclusively in lending for commercial property e.g. office buildings apartments retail centers . originate loans for property acquisition development or construction. analyze property cash flows net operating income rent rolls and appraisals. manage a portfolio of cre loans and developer relationships. bachelor s in finance or real estate. expertise in property valuation and construction finance.,"Banking, Finance & Audit",Commercial Banking,Commercial Real Estate (CRE) Loan Officer,a relationship manager who specializes exclusively in lending for commercial property e.g. office buildings apartments retail centers .,originate loans for property acquisition development or construction. analyze property cash flows net operating income rent rolls and appraisals. manage a portfolio of cre loans and developer relationships.,bachelor s in finance or real estate. expertise in property valuation and construction finance.,23,https://www.kaggle.com/datasets/shivamashokgupta/job-description
JD0024,portfolio manager commercial banking an internal non-sales role that partners with relationship managers to manage the risk and administration of an existing loan portfolio. monitor the financial health of existing borrowers. ensure covenant compliance and collect required financial statements. manage loan renewals extensions and modifications. process loan advances and paydowns. bachelor s in finance/accounting. strong credit analysis and administrative skills.,"Banking, Finance & Audit",Commercial Banking,Portfolio Manager (Commercial Banking),an internal non-sales role that partners with relationship managers to manage the risk and administration of an existing loan portfolio.,monitor the financial health of existing borrowers. ensure covenant compliance and collect required financial statements. manage loan renewals extensions and modifications. process loan advances and paydowns.,bachelor s in finance/accounting. strong credit analysis and administrative skills.,24,https://www.kaggle.com/datasets/shivamashokgupta/job-description
JD0025,investment banking analyst the entry-level grunt role. responsible for building the financial models doing research and creating the pitch books used to win deals. build complex financial models dcf lbo merger models . perform valuation analysis comps precedents . create pitch books and presentations. work 80-100+ hours per week. bachelor s from a top university. expert-level excel finance and valuation skills intense work ethic.,"Banking, Finance & Audit",Investment Banking,Investment Banking Analyst,the entry-level grunt role. responsible for building the financial models doing research and creating the pitch books used to win deals.,build complex financial models dcf lbo merger models . perform valuation analysis comps precedents . create pitch books and presentations. work 80-100+ hours per week.,bachelor s from a top university. expert-level excel finance and valuation skills intense work ethic.,25,https://www.kaggle.com/datasets/shivamashokgupta/job-description
JD0026,investment banking associate a post-mba role or a direct promotion that manages the analysts and serves as the bridge between junior and senior bankers. manage and review the analytical work of analysts. draft offering memorandums and management presentations. begin to interact more with clients and coordinate deal processes. mba from a top university or 3+ years as an analyst. strong project management and financial skills.,"Banking, Finance & Audit",Investment Banking,Investment Banking Associate,a post-mba role or a direct promotion that manages the analysts and serves as the bridge between junior and senior bankers.,manage and review the analytical work of analysts. draft offering memorandums and management presentations. begin to interact more with clients and coordinate deal processes.,mba from a top university or 3+ years as an analyst. strong project management and financial skills.,26,https://www.kaggle.com/datasets/shivamashokgupta/job-description
JD0027,investment banking vp vice president a mid-level senior banker responsible for project management and client relationships. manages the entire deal team and execution process. act as the primary project manager on live deals m a ipos . manage associates and analysts to execute the deal. lead key diligence sessions and client communications. begin to develop their own client network. 3-4+ years as an associate. strong leadership project management and client relationship skills.,"Banking, Finance & Audit",Investment Banking,Investment Banking VP (Vice President),a mid-level senior banker responsible for project management and client relationships. manages the entire deal team and execution process.,act as the primary project manager on live deals m a ipos . manage associates and analysts to execute the deal. lead key diligence sessions and client communications. begin to develop their own client network.,3-4+ years as an associate. strong leadership project management and client relationship skills.,27,https://www.kaggle.com/datasets/shivamashokgupta/job-description
JD0028,investment banking director svp a senior banker focused almost entirely on client relationship management and winning new business origination . manage senior-level client relationships. identify and pitch new deal ideas to prospective clients. lead negotiations and provide strategic advice to ceos/cfos. proven track record as a vp. expert negotiation strategic and rainmaking sales skills.,"Banking, Finance & Audit",Investment Banking,Investment Banking Director (SVP),a senior banker focused almost entirely on client relationship management and winning new business origination .,manage senior-level client relationships. identify and pitch new deal ideas to prospective clients. lead negotiations and provide strategic advice to ceos/cfos.,proven track record as a vp. expert negotiation strategic and rainmaking sales skills.,28,https://www.kaggle.com/datasets/shivamashokgupta/job-description
JD0029,managing director md the highest rank. a senior partner responsible for generating millions in revenue by originating deals managing key client relationships and running the business group. serve as the lead relationship manager for the firm s biggest clients. generate significant revenue by winning major m a or capital-raising deals. manage the p l for their industry or product group. set strategy and recruit senior talent. elite track record as a director. world-class reputation network and deal-generation skills.,"Banking, Finance & Audit",Investment Banking,Managing Director (MD),the highest rank. a senior partner responsible for generating millions in revenue by originating deals managing key client relationships and running the business group.,serve as the lead relationship manager for the firm s biggest clients. generate significant revenue by winning major m a or capital-raising deals. manage the p l for their industry or product group. set strategy and recruit senior talent.,elite track record as a director. world-class reputation network and deal-generation skills.,29,https://www.kaggle.com/datasets/shivamashokgupta/job-description
JD0030,m a analyst/associate an investment banker who works in the mergers acquisitions product group specializing only in advising companies on buying or selling. build complex merger models accretion/dilution analysis . manage the m a process data room and diligence requests. analyze strategic alternatives for clients. all the skills of an ib analyst plus specialized m a modeling expertise.,"Banking, Finance & Audit",Investment Banking,M&A Analyst/Associate,an investment banker who works in the mergers acquisitions product group specializing only in advising companies on buying or selling.,build complex merger models accretion/dilution analysis . manage the m a process data room and diligence requests. analyze strategic alternatives for clients.,all the skills of an ib analyst plus specialized m a modeling expertise.,30,https://www.kaggle.com/datasets/shivamashokgupta/job-description
JD0031,equity capital markets ecm banker a product group specialist who advises companies on raising money by selling stock e.g. an ipo follow-on offering . advise clients on the optimal timing and structure of equity offerings. manage the ipo execution process drafting prospectus roadshow . act as the liaison between the client and the bank s sales trading desk. expertise in equity valuation market dynamics and sec regulations for ipos.,"Banking, Finance & Audit",Investment Banking,Equity Capital Markets (ECM) Banker,a product group specialist who advises companies on raising money by selling stock e.g. an ipo follow-on offering .,advise clients on the optimal timing and structure of equity offerings. manage the ipo execution process drafting prospectus roadshow . act as the liaison between the client and the bank s sales trading desk.,expertise in equity valuation market dynamics and sec regulations for ipos.,31,https://www.kaggle.com/datasets/shivamashokgupta/job-description
JD0032,debt capital markets dcm banker a product group specialist who advises companies and governments on raising money by issuing bonds debt . analyze a company s debt profile and credit rating. advise on the optimal timing and structure of a bond issuance. manage the execution pricing and sale of bonds to the market. deep knowledge of fixed-income markets credit ratings and debt structuring.,"Banking, Finance & Audit",Investment Banking,Debt Capital Markets (DCM) Banker,a product group specialist who advises companies and governments on raising money by issuing bonds debt .,analyze a company s debt profile and credit rating. advise on the optimal timing and structure of a bond issuance. manage the execution pricing and sale of bonds to the market.,deep knowledge of fixed-income markets credit ratings and debt structuring.,32,https://www.kaggle.com/datasets/shivamashokgupta/job-description
JD0033,leveraged finance levfin banker a high-yield specialist who arranges debt junk bonds leveraged loans for companies with low credit ratings often to fund lbos by private equity firms. model complex debt scenarios for lbos. structure and market high-yield debt to institutional investors. work very closely with private equity clients and credit funds. expert-level credit analysis lbo modeling and debt market knowledge.,"Banking, Finance & Audit",Investment Banking,Leveraged Finance (LevFin) Banker,a high-yield specialist who arranges debt junk bonds leveraged loans for companies with low credit ratings often to fund lbos by private equity firms.,model complex debt scenarios for lbos. structure and market high-yield debt to institutional investors. work very closely with private equity clients and credit funds.,expert-level credit analysis lbo modeling and debt market knowledge.,33,https://www.kaggle.com/datasets/shivamashokgupta/job-description
JD0034,equity research associate supports a senior analyst in covering a universe of public stocks in a specific industry e.g. software . they write research reports and build models. build and maintain financial models for a list of covered stocks. write research reports with buy/sell/hold recommendations. listen to earnings calls and gather industry data. bachelor s in finance/accounting. cfa or progress is required. strong modeling and writing skills.,"Banking, Finance & Audit",Investment Banking,Equity Research Associate,supports a senior analyst in covering a universe of public stocks in a specific industry e.g. software . they write research reports and build models.,build and maintain financial models for a list of covered stocks. write research reports with buy/sell/hold recommendations. listen to earnings calls and gather industry data.,bachelor s in finance/accounting. cfa or progress is required. strong modeling and writing skills.,34,https://www.kaggle.com/datasets/shivamashokgupta/job-description
JD0035,equity research analyst senior the senior client-facing analyst who publishes research under their own name and serves as an expert for institutional investors e.g. mutual funds . lead an industry coverage team associates . formulate investment theses and make official stock recommendations. build relationships with institutional clients and company management teams. mba or cfa. 7-10+ years of research experience and a stellar reputation/track record.,"Banking, Finance & Audit",Investment Banking,Equity Research Analyst (Senior),the senior client-facing analyst who publishes research under their own name and serves as an expert for institutional investors e.g. mutual funds .,lead an industry coverage team associates . formulate investment theses and make official stock recommendations. build relationships with institutional clients and company management teams.,mba or cfa. 7-10+ years of research experience and a stellar reputation/track record.,35,https://www.kaggle.com/datasets/shivamashokgupta/job-description
JD0036,sales trading analyst sales a junior role on the sell side sales desk. supports senior salespeople who call on institutional clients hedge funds mutual funds to pitch ideas and take orders. support senior sales staff with research data and client requests. prepare morning update summaries for clients. learn market dynamics and build client relationships. bachelor s degree. must pass sie series 7 and 63. strong communication and sales skills.,"Banking, Finance & Audit",Investment Banking,Sales & Trading Analyst (Sales),a junior role on the sell side sales desk. supports senior salespeople who call on institutional clients hedge funds mutual funds to pitch ideas and take orders.,support senior sales staff with research data and client requests. prepare morning update summaries for clients. learn market dynamics and build client relationships.,bachelor s degree. must pass sie series 7 and 63. strong communication and sales skills.,36,https://www.kaggle.com/datasets/shivamashokgupta/job-description
JD0037,sales trading analyst trading a junior role on a trading desk e.g. equities bonds derivatives who assists senior traders in executing trades and managing the desk s book risk . execute client trades under the supervision of a senior trader. analyze market data and p l for the trading desk. develop pricing models for specific financial products. bachelor s often in math econ or engineering . must pass sie series 7 and 63. highly quantitative analytical and risk-tolerant.,"Banking, Finance & Audit",Investment Banking,Sales & Trading Analyst (Trading),a junior role on a trading desk e.g. equities bonds derivatives who assists senior traders in executing trades and managing the desk s book risk .,execute client trades under the supervision of a senior trader. analyze market data and p l for the trading desk. develop pricing models for specific financial products.,bachelor s often in math econ or engineering . must pass sie series 7 and 63. highly quantitative analytical and risk-tolerant.,37,https://www.kaggle.com/datasets/shivamashokgupta/job-description
JD0038,credit risk analyst an internal risk role that analyzes the bank s overall lending portfolio not just one loan to measure risk and ensure diversification. analyze the overall credit risk of the bank s entire loan portfolio. perform stress tests on the portfolio e.g. what if a recession hits . set industry concentration limits and risk appetite for the bank. bachelor s in finance/stats. strong quantitative modeling and data analysis skills.,"Banking, Finance & Audit",Risk Management,Credit Risk Analyst,an internal risk role that analyzes the bank s overall lending portfolio not just one loan to measure risk and ensure diversification.,analyze the overall credit risk of the bank s entire loan portfolio. perform stress tests on the portfolio e.g. what if a recession hits . set industry concentration limits and risk appetite for the bank.,bachelor s in finance/stats. strong quantitative modeling and data analysis skills.,38,https://www.kaggle.com/datasets/shivamashokgupta/job-description
JD0039,market risk analyst monitors the bank s risk exposure from its own trading desks s t measuring potential losses from moves in interest rates stock prices or currencies. monitor and calculate the bank s risk metrics e.g. value-at-risk or var . ensure trading desks stay within their approved risk limits. report risk exposures directly to senior management and regulators. master s in financial engineering or quantitative finance. highly advanced math stats and programming skills python/r .,"Banking, Finance & Audit",Risk Management,Market Risk Analyst,monitors the bank s risk exposure from its own trading desks s t measuring potential losses from moves in interest rates stock prices or currencies.,monitor and calculate the bank s risk metrics e.g. value-at-risk or var . ensure trading desks stay within their approved risk limits. report risk exposures directly to senior management and regulators.,master s in financial engineering or quantitative finance. highly advanced math stats and programming skills python/r .,39,https://www.kaggle.com/datasets/shivamashokgupta/job-description
JD0040,operational risk manager identifies and mitigates risks related to internal failures bad processes human error failed systems or external events e.g. fraud natural disasters . map internal business processes to identify potential failure points. develop and implement internal controls to prevent fraud or errors. manage business continuity and disaster recovery plans. bachelor s in business/finance. strong analytical process-mapping and auditing skills.,"Banking, Finance & Audit",Risk Management,Operational Risk Manager,identifies and mitigates risks related to internal failures bad processes human error failed systems or external events e.g. fraud natural disasters .,map internal business processes to identify potential failure points. develop and implement internal controls to prevent fraud or errors. manage business continuity and disaster recovery plans.,bachelor s in business/finance. strong analytical process-mapping and auditing skills.,40,https://www.kaggle.com/datasets/shivamashokgupta/job-description
JD0041,liquidity risk manager manages the risk that the bank will not have enough cash on hand to meet its short-term obligations e.g. a run on the bank . model the bank s daily weekly and monthly cash flow needs. conduct stress tests on funding sources. manage the bank s portfolio of highly liquid assets. bachelor s/master s in finance. strong cash flow modeling and treasury management skills.,"Banking, Finance & Audit",Risk Management,Liquidity Risk Manager,manages the risk that the bank will not have enough cash on hand to meet its short-term obligations e.g. a run on the bank .,model the bank s daily weekly and monthly cash flow needs. conduct stress tests on funding sources. manage the bank s portfolio of highly liquid assets.,bachelor s/master s in finance. strong cash flow modeling and treasury management skills.,41,https://www.kaggle.com/datasets/shivamashokgupta/job-description
JD0042,aml anti-money laundering analyst an investigative analyst who monitors customer transactions for suspicious activity to prevent money laundering and terrorist financing. investigate automated alerts for potentially suspicious transactions. conduct deep due diligence on high-risk accounts. write and file suspicious activity reports sars with the government fincen . bachelor s degree criminal justice or finance . strong investigative analytical and writing skills. cams certification is a plus.,"Banking, Finance & Audit",Compliance,AML (Anti-Money Laundering) Analyst,an investigative analyst who monitors customer transactions for suspicious activity to prevent money laundering and terrorist financing.,investigate automated alerts for potentially suspicious transactions. conduct deep due diligence on high-risk accounts. write and file suspicious activity reports sars with the government fincen .,bachelor s degree criminal justice or finance . strong investigative analytical and writing skills. cams certification is a plus.,42,https://www.kaggle.com/datasets/shivamashokgupta/job-description
JD0043,kyc know your customer analyst an onboarding compliance role responsible for performing due diligence on new clients before they open an account to verify their identity and assess their risk. verify the identity of new individual and corporate clients. perform enhanced due diligence edd on high-risk clients. ensure all new client documentation meets legal requirements. bachelor s degree. high attention to detail research skills and knowledge of the bank secrecy act bsa .,"Banking, Finance & Audit",Compliance,KYC (Know Your Customer) Analyst,an onboarding compliance role responsible for performing due diligence on new clients before they open an account to verify their identity and assess their risk.,verify the identity of new individual and corporate clients. perform enhanced due diligence edd on high-risk clients. ensure all new client documentation meets legal requirements.,bachelor s degree. high attention to detail research skills and knowledge of the bank secrecy act bsa .,43,https://www.kaggle.com/datasets/shivamashokgupta/job-description
JD0044,compliance officer a mid-to-senior level professional who advises the business on adhering to all banking laws and regulations interprets new rules and manages regulatory exams. act as the subject matter expert on banking regulations e.g. reg w reg o . conduct compliance testing and monitoring of business activities. manage formal examinations by regulators fed occ fdic . develop and deliver compliance training to employees. bachelor s/jd. crcm certified regulatory compliance manager certification is standard.,"Banking, Finance & Audit",Compliance,Compliance Officer,a mid-to-senior level professional who advises the business on adhering to all banking laws and regulations interprets new rules and manages regulatory exams.,act as the subject matter expert on banking regulations e.g. reg w reg o . conduct compliance testing and monitoring of business activities. manage formal examinations by regulators fed occ fdic . develop and deliver compliance training to employees.,bachelor s/jd. crcm certified regulatory compliance manager certification is standard.,44,https://www.kaggle.com/datasets/shivamashokgupta/job-description
JD0045,bank auditor internal an internal employee who independently tests the bank s own internal controls processes and risk management functions to ensure they are working properly. perform audits of various bank departments e.g. lending operations . test financial operational and compliance controls. write audit reports identifying control weaknesses and recommendations. report findings directly to the board s audit committee. bachelor s in accounting/finance. cpa cia certified internal auditor or cfsa certified financial services auditor required.,"Banking, Finance & Audit",Internal Audit,Bank Auditor (Internal),an internal employee who independently tests the bank s own internal controls processes and risk management functions to ensure they are working properly.,perform audits of various bank departments e.g. lending operations . test financial operational and compliance controls. write audit reports identifying control weaknesses and recommendations. report findings directly to the board s audit committee.,bachelor s in accounting/finance. cpa cia certified internal auditor or cfsa certified financial services auditor required.,45,https://www.kaggle.com/datasets/shivamashokgupta/job-description
JD0046,it auditor internal a specialized internal auditor who focuses only on testing the bank s technology systems cybersecurity defenses and it infrastructure. audit it general controls e.g. user access change management . perform cybersecurity and vulnerability assessments. ensure it systems are compliant with regulations e.g. data privacy . bachelor s in info systems. cisa certified information systems auditor certification is required.,"Banking, Finance & Audit",Internal Audit,IT Auditor (Internal),a specialized internal auditor who focuses only on testing the bank s technology systems cybersecurity defenses and it infrastructure.,audit it general controls e.g. user access change management . perform cybersecurity and vulnerability assessments. ensure it systems are compliant with regulations e.g. data privacy .,bachelor s in info systems. cisa certified information systems auditor certification is required.,46,https://www.kaggle.com/datasets/shivamashokgupta/job-description
JD0047,loan processor an administrative role that supports loan officers by gathering verifying and assembling all the documents needed to submit a loan file to underwriting. collect all required documentation from borrowers. verify income employment and assets. order appraisals title reports and flood certifications. package the complete loan file for the underwriter. high school diploma. exceptional organization detail and communication skills.,"Banking, Finance & Audit",Bank Operations,Loan Processor,an administrative role that supports loan officers by gathering verifying and assembling all the documents needed to submit a loan file to underwriting.,collect all required documentation from borrowers. verify income employment and assets. order appraisals title reports and flood certifications. package the complete loan file for the underwriter.,high school diploma. exceptional organization detail and communication skills.,47,https://www.kaggle.com/datasets/shivamashokgupta/job-description
JD0048,loan servicing specialist a post-closing operations role that manages a loan after it has closed handling payments taxes and customer service inquiries. process customer loan payments and manage escrow accounts for taxes/insurance . handle payoffs subordinations and lien releases. answer customer inquiries about their loan balance or payments. high school diploma. strong bookkeeping data entry and customer service skills.,"Banking, Finance & Audit",Bank Operations,Loan Servicing Specialist,a post-closing operations role that manages a loan after it has closed handling payments taxes and customer service inquiries.,process customer loan payments and manage escrow accounts for taxes/insurance . handle payoffs subordinations and lien releases. answer customer inquiries about their loan balance or payments.,high school diploma. strong bookkeeping data entry and customer service skills.,48,https://www.kaggle.com/datasets/shivamashokgupta/job-description
JD0049,fraud analyst a back-office investigator who monitors customer accounts and transactions in real-time to identify and stop fraudulent activity e.g. stolen debit cards check fraud . review real-time transaction alerts for potential fraud. contact customers to verify suspicious activity. place holds on accounts or cards to prevent losses. investigate and document fraud cases for law enforcement. associate s/bachelor s degree. strong investigative analytical and quick decision-making skills.,"Banking, Finance & Audit",Bank Operations,Fraud Analyst,a back-office investigator who monitors customer accounts and transactions in real-time to identify and stop fraudulent activity e.g. stolen debit cards check fraud .,review real-time transaction alerts for potential fraud. contact customers to verify suspicious activity. place holds on accounts or cards to prevent losses. investigate and document fraud cases for law enforcement.,associate s/bachelor s degree. strong investigative analytical and quick decision-making skills.,49,https://www.kaggle.com/datasets/shivamashokgupta/job-description
JD0050,wire transfer specialist a high-risk operational role responsible for accurately and securely processing high-value domestic and international wire transfers. process incoming and outgoing wire transfer requests. verify client identity and perform security callbacks. ensure compliance with aml and ofac sanctions screening. manually key and verify transfer details routing swift codes . high school diploma. extreme attention to detail and ability to work under pressure.,"Banking, Finance & Audit",Bank Operations,Wire Transfer Specialist,a high-risk operational role responsible for accurately and securely processing high-value domestic and international wire transfers.,process incoming and outgoing wire transfer requests. verify client identity and perform security callbacks. ensure compliance with aml and ofac sanctions screening. manually key and verify transfer details routing swift codes .,high school diploma. extreme attention to detail and ability to work under pressure.,50,https://www.kaggle.com/datasets/shivamashokgupta/job-description
JD0051,bank operations manager manages all back office departments that support the bank such as loan servicing deposit operations ach/wire and fraud prevention. lead and manage multiple operational teams. develop and optimize operational workflows for efficiency. ensure operational compliance with all banking regulations. manage vendor relationships e.g. core processing software . bachelor s degree. 7-10+ years in bank operations. aap accredited ach professional cert is a plus.,"Banking, Finance & Audit",Bank Operations,Bank Operations Manager,manages all back office departments that support the bank such as loan servicing deposit operations ach/wire and fraud prevention.,lead and manage multiple operational teams. develop and optimize operational workflows for efficiency. ensure operational compliance with all banking regulations. manage vendor relationships e.g. core processing software .,bachelor s degree. 7-10+ years in bank operations. aap accredited ach professional cert is a plus.,51,https://www.kaggle.com/datasets/shivamashokgupta/job-description
JD0052,fintech developer a software engineer who builds and maintains the bank s technology from customer-facing mobile apps to internal trading or risk platforms. design code and test new applications e.g. mobile banking features . maintain and integrate legacy banking systems. work with core processing systems and apis. bs in computer science. proficiency in java python c# and modern web/mobile frameworks.,"Engineering, Manufacturing & Technology",Bank Technology,FinTech Developer,a software engineer who builds and maintains the bank s technology from customer-facing mobile apps to internal trading or risk platforms.,design code and test new applications e.g. mobile banking features . maintain and integrate legacy banking systems. work with core processing systems and apis.,bs in computer science. proficiency in java python c# and modern web/mobile frameworks.,52,https://www.kaggle.com/datasets/shivamashokgupta/job-description
JD0053,financial systems analyst the bridge between the finance/accounting department and the it department. manages the bank s core financial software e.g. the general ledger risk systems . configure and maintain financial reporting and risk software. write custom reports for finance and accounting users. troubleshoot system errors and manage software upgrades. bachelor s in finance or info systems. strong understanding of both accounting principles and it systems.,"Engineering, Manufacturing & Technology",Bank Technology,Financial Systems Analyst,the bridge between the finance/accounting department and the it department. manages the bank s core financial software e.g. the general ledger risk systems .,configure and maintain financial reporting and risk software. write custom reports for finance and accounting users. troubleshoot system errors and manage software upgrades.,bachelor s in finance or info systems. strong understanding of both accounting principles and it systems.,53,https://www.kaggle.com/datasets/shivamashokgupta/job-description
JD0054,core processing specialist a technical expert on the bank s core system e.g. fiserv fis jack henry the central computer system that holds all customer accounts and ledgers. manage the daily processing and nightly batch jobs for the core system. troubleshoot core system errors and outages. manage updates new feature implementation and system parameters. associate s/bachelor s in it. specific certification/training on a core banking platform.,"Engineering, Manufacturing & Technology",Bank Technology,Core Processing Specialist,a technical expert on the bank s core system e.g. fiserv fis jack henry the central computer system that holds all customer accounts and ledgers.,manage the daily processing and nightly batch jobs for the core system. troubleshoot core system errors and outages. manage updates new feature implementation and system parameters.,associate s/bachelor s in it. specific certification/training on a core banking platform.,54,https://www.kaggle.com/datasets/shivamashokgupta/job-description
JD0055,bank cybersecurity analyst an it professional focused exclusively on defending the bank s data and systems from cyber threats. monitor the bank s network for intrusions using siem tools. conduct vulnerability assessments and penetration testing. respond to and investigate security incidents. implement security protocols firewalls data encryption . bs in cybersecurity. comptia security+ cissp certifications. deep knowledge of network security.,"Engineering, Manufacturing & Technology",Bank Technology,Bank Cybersecurity Analyst,an it professional focused exclusively on defending the bank s data and systems from cyber threats.,monitor the bank s network for intrusions using siem tools. conduct vulnerability assessments and penetration testing. respond to and investigate security incidents. implement security protocols firewalls data encryption .,bs in cybersecurity. comptia security+ cissp certifications. deep knowledge of network security.,55,https://www.kaggle.com/datasets/shivamashokgupta/job-description
JD0056,mutual fund accountant a specialized accountant often at a custodian bank like state street or bny mellon who calculates the daily net asset value nav of a mutual fund. process all fund portfolio transactions buys sells dividends . reconcile cash and asset positions with the broker. calculate the daily nav price per share for the fund. bachelor s in accounting/finance. strong detail-orientation and ability to work on a strict daily deadline.,"Banking, Finance & Audit",Asset Management,Mutual Fund Accountant,a specialized accountant often at a custodian bank like state street or bny mellon who calculates the daily net asset value nav of a mutual fund.,process all fund portfolio transactions buys sells dividends . reconcile cash and asset positions with the broker. calculate the daily nav price per share for the fund.,bachelor s in accounting/finance. strong detail-orientation and ability to work on a strict daily deadline.,56,https://www.kaggle.com/datasets/shivamashokgupta/job-description
JD0057,fund manager portfolio manager an investment professional at a bank s asset management division who manages a mutual fund or etf making all buy/sell decisions for the fund s investors. conduct macroeconomic and company research. make all final investment decisions for the fund s portfolio. market the fund to investors and consultants. adhere to the fund s stated investment prospectus. mba and/or cfa designation. a proven long-term track record of investment performance.,"Banking, Finance & Audit",Asset Management,Fund Manager (Portfolio Manager),an investment professional at a bank s asset management division who manages a mutual fund or etf making all buy/sell decisions for the fund s investors.,conduct macroeconomic and company research. make all final investment decisions for the fund s portfolio. market the fund to investors and consultants. adhere to the fund s stated investment prospectus.,mba and/or cfa designation. a proven long-term track record of investment performance.,57,https://www.kaggle.com/datasets/shivamashokgupta/job-description
JD0058,notary public banker a personal banker or manager who holds a state commission as a notary public to witness and certify signatures on legal documents for bank customers. witness the signing of legal documents e.g. deeds power of attorney . verify the identity of all signers. administer oaths and affirmations. record all notarial acts in a logbook as required by law. must meet state requirements and pass an exam to receive a notary commission.,"Banking, Finance & Audit",Retail Banking,Notary Public (Banker),a personal banker or manager who holds a state commission as a notary public to witness and certify signatures on legal documents for bank customers.,witness the signing of legal documents e.g. deeds power of attorney . verify the identity of all signers. administer oaths and affirmations. record all notarial acts in a logbook as required by law.,must meet state requirements and pass an exam to receive a notary commission.,58,https://www.kaggle.com/datasets/shivamashokgupta/job-description
JD0059,bank marketing manager a marketing professional who develops campaigns and materials digital and print to promote the bank s brand and specific products e.g. new checking accounts . develop marketing campaigns for loans deposits and wealth services. manage the bank s social media website and digital ad spending. ensure all marketing materials are compliant with bank regulations. bachelor s in marketing. strong knowledge of digital marketing and financial services compliance.,"Banking, Finance & Audit",Bank Marketing,Bank Marketing Manager,a marketing professional who develops campaigns and materials digital and print to promote the bank s brand and specific products e.g. new checking accounts .,develop marketing campaigns for loans deposits and wealth services. manage the bank s social media website and digital ad spending. ensure all marketing materials are compliant with bank regulations.,bachelor s in marketing. strong knowledge of digital marketing and financial services compliance.,59,https://www.kaggle.com/datasets/shivamashokgupta/job-description
JD0060,factoring/abl analyst specializes in asset-based lending abl where loans are secured by a company s accounts receivable or inventory requiring daily monitoring. monitor daily borrowing base certificates from clients. analyze a/r aging reports and inventory listings. perform field exams on-site audits of client collateral. bachelor s in accounting/finance. high attention to detail specific training in secured lending.,"Banking, Finance & Audit",Commercial Banking,Factoring/ABL Analyst,specializes in asset-based lending abl where loans are secured by a company s accounts receivable or inventory requiring daily monitoring.,monitor daily borrowing base certificates from clients. analyze a/r aging reports and inventory listings. perform field exams on-site audits of client collateral.,bachelor s in accounting/finance. high attention to detail specific training in secured lending.,60,https://www.kaggle.com/datasets/shivamashokgupta/job-description
JD0061,model risk manager a highly quantitative role responsible for validating the mathematical models the bank uses for things like credit risk market risk and pricing derivatives. independently test and validate the bank s financial models. assess model accuracy assumptions and limitations. report findings and necessary model corrections to senior management. phd or master s in a quantitative field math stats physics . elite programming python/r and mathematical modeling skills.,"Banking, Finance & Audit",Risk Management,Model Risk Manager,a highly quantitative role responsible for validating the mathematical models the bank uses for things like credit risk market risk and pricing derivatives.,independently test and validate the bank s financial models. assess model accuracy assumptions and limitations. report findings and necessary model corrections to senior management.,phd or master s in a quantitative field math stats physics . elite programming python/r and mathematical modeling skills.,61,https://www.kaggle.com/datasets/shivamashokgupta/job-description
JD0062,agri-business banker ag lender a specialized commercial lender who works exclusively with farmers and agricultural businesses. originate loans for farmland livestock equipment and crop operations. analyze farm-specific cash flows commodity prices and government subsidies. understand the unique risks and cycles of the agriculture industry. bachelor s in agri-business or finance. strong background in or knowledge of the agriculture industry.,"Banking, Finance & Audit",Commercial Banking,Agri-Business Banker (Ag Lender),a specialized commercial lender who works exclusively with farmers and agricultural businesses.,originate loans for farmland livestock equipment and crop operations. analyze farm-specific cash flows commodity prices and government subsidies. understand the unique risks and cycles of the agriculture industry.,bachelor s in agri-business or finance. strong background in or knowledge of the agriculture industry.,62,https://www.kaggle.com/datasets/shivamashokgupta/job-description
JD0063,chief lending officer clo the senior executive responsible for the bank s entire lending portfolio both commercial and retail lending strategy and credit risk appetite. manage all senior lending officers commercial retail mortgage . set the bank s overall credit policy and risk strategy. chair the bank s loan committee for approving the largest loans. report on portfolio health to the ceo and board. mba in finance. 15-20+ years of senior credit and lending experience.,"Banking, Finance & Audit",Bank Leadership,Chief Lending Officer (CLO),the senior executive responsible for the bank s entire lending portfolio both commercial and retail lending strategy and credit risk appetite.,manage all senior lending officers commercial retail mortgage . set the bank s overall credit policy and risk strategy. chair the bank s loan committee for approving the largest loans. report on portfolio health to the ceo and board.,mba in finance. 15-20+ years of senior credit and lending experience.,63,https://www.kaggle.com/datasets/shivamashokgupta/job-description
JD0064,chief risk officer cro the executive responsible for identifying and managing all major risks across the entire enterprise credit market operational liquidity and compliance . lead all risk management departments. develop the bank s enterprise risk management erm framework. report directly to the board of directors on all major risk exposures. advanced degree mba/finance/quant . extensive experience across multiple risk disciplines.,"Banking, Finance & Audit",Bank Leadership,Chief Risk Officer (CRO),the executive responsible for identifying and managing all major risks across the entire enterprise credit market operational liquidity and compliance .,lead all risk management departments. develop the bank s enterprise risk management erm framework. report directly to the board of directors on all major risk exposures.,advanced degree mba/finance/quant . extensive experience across multiple risk disciplines.,64,https://www.kaggle.com/datasets/shivamashokgupta/job-description
JD0065,bank ceo chief executive officer the highest-ranking executive responsible for the bank s overall strategy profitability and vision. reports directly to the board of directors. set the overall strategic direction and vision for the bank. manage the entire senior executive team cfo clo cro coo . act as the primary public face of the bank to investors regulators and the community. drive shareholder value and long-term profitability. advanced degree mba . decades of progressive leadership experience in banking.,"Banking, Finance & Audit",Bank Leadership,Bank CEO (Chief Executive Officer),the highest-ranking executive responsible for the bank s overall strategy profitability and vision. reports directly to the board of directors.,set the overall strategic direction and vision for the bank. manage the entire senior executive team cfo clo cro coo . act as the primary public face of the bank to investors regulators and the community. drive shareholder value and long-term profitability.,advanced degree mba . decades of progressive leadership experience in banking.,65,https://www.kaggle.com/datasets/shivamashokgupta/job-description
JD0066,ach specialist an operations expert on the automated clearing house ach network processing direct deposits payroll files and pre-authorized debits. process daily incoming and outgoing ach batch files. handle ach returns disputes and exceptions. ensure strict compliance with all nacha operating rules. originate ach files for commercial clients. high school diploma. aap accredited ach professional certification is highly valued.,"Banking, Finance & Audit",Bank Operations,ACH Specialist,an operations expert on the automated clearing house ach network processing direct deposits payroll files and pre-authorized debits.,process daily incoming and outgoing ach batch files. handle ach returns disputes and exceptions. ensure strict compliance with all nacha operating rules. originate ach files for commercial clients.,high school diploma. aap accredited ach professional certification is highly valued.,66,https://www.kaggle.com/datasets/shivamashokgupta/job-description
JD0067,securities trader wealth an execution-only trader working within a private bank or wealth division to execute buy/sell orders stocks bonds placed by financial advisors. execute large block trades for multiple client accounts simultaneously. find the best market price best execution for client orders. monitor market activity and communicate with advisors. bachelor s degree. must hold series 7 and 63 licenses. ability to work calmly in fast-paced market conditions.,"Banking, Finance & Audit",Wealth Management,Securities Trader (Wealth),an execution-only trader working within a private bank or wealth division to execute buy/sell orders stocks bonds placed by financial advisors.,execute large block trades for multiple client accounts simultaneously. find the best market price best execution for client orders. monitor market activity and communicate with advisors.,bachelor s degree. must hold series 7 and 63 licenses. ability to work calmly in fast-paced market conditions.,67,https://www.kaggle.com/datasets/shivamashokgupta/job-description
JD0068,restructuring banker a specialist investment banker often called rx who advises companies that are in deep financial distress or bankruptcy. advise distressed companies or their creditors on chapter 11 bankruptcy. model complex waterfall scenarios and recovery analysis. negotiate with creditors to restructure the company s debt. arrange dip debtor-in-possession financing. all ib analyst/associate skills. expertise in bankruptcy law and complex credit analysis.,"Banking, Finance & Audit",Investment Banking,Restructuring Banker,a specialist investment banker often called rx who advises companies that are in deep financial distress or bankruptcy.,advise distressed companies or their creditors on chapter 11 bankruptcy. model complex waterfall scenarios and recovery analysis. negotiate with creditors to restructure the company s debt. arrange dip debtor-in-possession financing.,all ib analyst/associate skills. expertise in bankruptcy law and complex credit analysis.,68,https://www.kaggle.com/datasets/shivamashokgupta/job-description
JD0069,bank secrecy act bsa officer the individual formally designated and responsible for the bank s entire anti-money laundering aml and bsa compliance program. develop and manage the bank s overall bsa/aml policies. oversee the aml/kyc analyst teams. ensure all regulatory reporting sars ctrs is filed correctly. act as the main contact for regulators on all bsa matters. bachelor s/master s/jd. cams certification required. 7-10+ years in aml/bsa compliance.,"Banking, Finance & Audit",Risk Management,Bank Secrecy Act (BSA) Officer,the individual formally designated and responsible for the bank s entire anti-money laundering aml and bsa compliance program.,develop and manage the bank s overall bsa/aml policies. oversee the aml/kyc analyst teams. ensure all regulatory reporting sars ctrs is filed correctly. act as the main contact for regulators on all bsa matters.,bachelor s/master s/jd. cams certification required. 7-10+ years in aml/bsa compliance.,69,https://www.kaggle.com/datasets/shivamashokgupta/job-description
JD0070,trade finance specialist facilitates international trade for commercial clients by issuing letters of credit handling documentary collections and managing trade loans. issue and advise on letters of credit l/cs for importers/exporters. examine trade documents to ensure strict compliance with l/c terms. manage import/export financing and open account transactions. bachelor s degree. cdcs certified documentary credit specialist cert. is a plus. deep knowledge of ucp 600 rules.,"Banking, Finance & Audit",Commercial Banking,Trade Finance Specialist,facilitates international trade for commercial clients by issuing letters of credit handling documentary collections and managing trade loans.,issue and advise on letters of credit l/cs for importers/exporters. examine trade documents to ensure strict compliance with l/c terms. manage import/export financing and open account transactions.,bachelor s degree. cdcs certified documentary credit specialist cert. is a plus. deep knowledge of ucp 600 rules.,70,https://www.kaggle.com/datasets/shivamashokgupta/job-description
JD0071,quantitative analyst quant designs and implements complex mathematical models that are used to price securities assess risk or execute algorithmic trading strategies. develop mathematical models for pricing complex derivatives. create algorithms for high-frequency trading. use statistical analysis to back-test trading strategies. phd or master s in a highly quantitative field math physics stats . elite programming c++ python and mathematical skills.,"Banking, Finance & Audit",Investment Banking,"Quantitative Analyst (""Quant"")",designs and implements complex mathematical models that are used to price securities assess risk or execute algorithmic trading strategies.,develop mathematical models for pricing complex derivatives. create algorithms for high-frequency trading. use statistical analysis to back-test trading strategies.,phd or master s in a highly quantitative field math physics stats . elite programming c++ python and mathematical skills.,71,https://www.kaggle.com/datasets/shivamashokgupta/job-description
JD0072,corporate banker manages relationships with very large corporations fortune 500 coordinating all bank products including loans capital markets and treasury services. act as the senior relationship manager for large corporate clients. coordinate with product partners ib treasury to deliver bank solutions. originate massive complex syndicated loans. mba in finance. 10+ years experience. strong credit skills and ability to manage complex relationships.,"Banking, Finance & Audit",Corporate Banking,Corporate Banker,manages relationships with very large corporations fortune 500 coordinating all bank products including loans capital markets and treasury services.,act as the senior relationship manager for large corporate clients. coordinate with product partners ib treasury to deliver bank solutions. originate massive complex syndicated loans.,mba in finance. 10+ years experience. strong credit skills and ability to manage complex relationships.,72,https://www.kaggle.com/datasets/shivamashokgupta/job-description
JD0073,fair lending analyst a compliance specialist who analyzes bank lending data to ensure the bank is not discriminating against applicants based on race gender or other protected classes. use statistical analysis to review loan application data approvals/denials . test for disparities in underwriting and pricing. ensure compliance with the fair housing act and equal credit opportunity act ecoa . bachelor s in finance/stats. strong data analysis skills and knowledge of fair lending laws.,"Banking, Finance & Audit",Compliance,Fair Lending Analyst,a compliance specialist who analyzes bank lending data to ensure the bank is not discriminating against applicants based on race gender or other protected classes.,use statistical analysis to review loan application data approvals/denials . test for disparities in underwriting and pricing. ensure compliance with the fair housing act and equal credit opportunity act ecoa .,bachelor s in finance/stats. strong data analysis skills and knowledge of fair lending laws.,73,https://www.kaggle.com/datasets/shivamashokgupta/job-description
JD0074,community reinvestment act cra officer manages the bank s compliance with the community reinvestment act ensuring the bank meets the credit needs of its entire community including low-income areas. track and document all lending investment and services in lmi census tracts. manage community development donations and initiatives. prepare for and manage the bank s cra regulatory exam. bachelor s degree. strong community relations and data analysis skills.,"Banking, Finance & Audit",Compliance,Community Reinvestment Act (CRA) Officer,manages the bank s compliance with the community reinvestment act ensuring the bank meets the credit needs of its entire community including low-income areas.,track and document all lending investment and services in lmi census tracts. manage community development donations and initiatives. prepare for and manage the bank s cra regulatory exam.,bachelor s degree. strong community relations and data analysis skills.,74,https://www.kaggle.com/datasets/shivamashokgupta/job-description
JD0075,chief credit officer a senior executive often reporting to the cro or clo who sets the bank s credit policies and manages the entire credit underwriting and approval function. develop and maintain the bank s formal credit policy. manage all underwriting teams and credit analysts. chair loan committees and hold the highest level of credit approval authority. bachelor s/mba. 20+ years of expert-level credit and underwriting experience.,"Banking, Finance & Audit",Risk Management,Chief Credit Officer,a senior executive often reporting to the cro or clo who sets the bank s credit policies and manages the entire credit underwriting and approval function.,develop and maintain the bank s formal credit policy. manage all underwriting teams and credit analysts. chair loan committees and hold the highest level of credit approval authority.,bachelor s/mba. 20+ years of expert-level credit and underwriting experience.,75,https://www.kaggle.com/datasets/shivamashokgupta/job-description
JD0076,universal banker a hybrid branch role that combines the duties of both a teller transactions and a personal banker sales and account opening . perform all teller duties processing transactions . perform all personal banker duties opening accounts taking loan apps . handle all customer needs from start to finish. high school diploma/bachelor s. strong skills in both customer service cash handling and sales.,"Banking, Finance & Audit",Retail Banking,Universal Banker,a hybrid branch role that combines the duties of both a teller transactions and a personal banker sales and account opening .,perform all teller duties processing transactions . perform all personal banker duties opening accounts taking loan apps . handle all customer needs from start to finish.,high school diploma/bachelor s. strong skills in both customer service cash handling and sales.,76,https://www.kaggle.com/datasets/shivamashokgupta/job-description
JD0077,prime brokerage associate works in a specialized group that provides a bundle of services to hedge fund clients e.g. lending them cash/securities trade execution and custody . act as the relationship manager for hedge fund clients. facilitate leverage margin lending for the fund. coordinate trade settlement and cash management for the fund. bachelor s/mba. deep knowledge of hedge fund operations risk and derivatives.,"Banking, Finance & Audit",Investment Banking,Prime Brokerage Associate,works in a specialized group that provides a bundle of services to hedge fund clients e.g. lending them cash/securities trade execution and custody .,act as the relationship manager for hedge fund clients. facilitate leverage margin lending for the fund. coordinate trade settlement and cash management for the fund.,bachelor s/mba. deep knowledge of hedge fund operations risk and derivatives.,77,https://www.kaggle.com/datasets/shivamashokgupta/job-description
JD0078,insurance specialist a licensed expert within a wealth management division who advises clients on life disability and long-term care insurance as part of their overall financial plan. analyze a client s existing insurance policies and risk exposure. recommend and sell insurance products life disability ltc . integrate insurance planning into the overall estate plan. bachelor s degree. must hold state life health accident insurance licenses. cfp or clu designation.,"Banking, Finance & Audit",Wealth Management,Insurance Specialist,a licensed expert within a wealth management division who advises clients on life disability and long-term care insurance as part of their overall financial plan.,analyze a client s existing insurance policies and risk exposure. recommend and sell insurance products life disability ltc . integrate insurance planning into the overall estate plan.,bachelor s degree. must hold state life health accident insurance licenses. cfp or clu designation.,78,https://www.kaggle.com/datasets/shivamashokgupta/job-description
JD0079,family office relationship manager services the most elite clients single family offices coordinating all bank services for families typically with 100m+ in assets. act as the quarterback for all bank services for a single family. coordinate private banking custom credit and institutional-level investing. manage generational wealth transfer and philanthropic planning. mba/cfa/jd. decades of experience serving uhnw individuals.,"Banking, Finance & Audit",Wealth Management,Family Office Relationship Manager,services the most elite clients single family offices coordinating all bank services for families typically with 100m+ in assets.,act as the quarterback for all bank services for a single family. coordinate private banking custom credit and institutional-level investing. manage generational wealth transfer and philanthropic planning.,mba/cfa/jd. decades of experience serving uhnw individuals.,79,https://www.kaggle.com/datasets/shivamashokgupta/job-description
JD0080,special assets officer workout a banker who manages the portfolio of non-performing commercial loans. their job is to get the bank s money back from companies that are defaulting. manage a portfolio of defaulted and non-accrual loans. negotiate workout plans forbearance agreements or settlements. manage the foreclosure and liquidation process on collateral. bachelor s in finance. expert credit negotiation and bankruptcy law skills.,"Banking, Finance & Audit",Commercial Banking,Special Assets Officer (Workout),a banker who manages the portfolio of non-performing commercial loans. their job is to get the bank s money back from companies that are defaulting.,manage a portfolio of defaulted and non-accrual loans. negotiate workout plans forbearance agreements or settlements. manage the foreclosure and liquidation process on collateral.,bachelor s in finance. expert credit negotiation and bankruptcy law skills.,80,https://www.kaggle.com/datasets/shivamashokgupta/job-description
JD0081,branch operations specialist an expert on branch procedures compliance and systems. they often float between branches to train staff and conduct self-audits. conduct operational self-audits of branch cash controls and compliance. train new and existing branch staff on policies and procedures. troubleshoot complex operational errors. fill in for assistant managers during vacations/absences. 5+ years of retail banking experience. deep expert-level knowledge of branch operations and compliance.,"Banking, Finance & Audit",Retail Banking,Branch Operations Specialist,an expert on branch procedures compliance and systems. they often float between branches to train staff and conduct self-audits.,conduct operational self-audits of branch cash controls and compliance. train new and existing branch staff on policies and procedures. troubleshoot complex operational errors. fill in for assistant managers during vacations/absences.,5+ years of retail banking experience. deep expert-level knowledge of branch operations and compliance.,81,https://www.kaggle.com/datasets/shivamashokgupta/job-description
JD0082,financial crimes investigator a high-level investigator often ex-law enforcement who handles complex fraud rings internal investigations and elder financial abuse cases. conduct deep investigations into complex external fraud rings. investigate internal employee fraud and ethical violations. work directly with federal and local law enforcement. handle sensitive cases like elder financial abuse. bachelor s degree criminal justice . cfe certified fraud examiner cert. 10+ years of investigative experience.,"Banking, Finance & Audit",Risk Management,Financial Crimes Investigator,a high-level investigator often ex-law enforcement who handles complex fraud rings internal investigations and elder financial abuse cases.,conduct deep investigations into complex external fraud rings. investigate internal employee fraud and ethical violations. work directly with federal and local law enforcement. handle sensitive cases like elder financial abuse.,bachelor s degree criminal justice . cfe certified fraud examiner cert. 10+ years of investigative experience.,82,https://www.kaggle.com/datasets/shivamashokgupta/job-description
JD0083,investment strategist a senior market expert who develops the high-level investment house view e.g. asset allocation economic forecast for the entire wealth division. conduct global macroeconomic research. develop the firm s official investment outlook and asset allocation models. publish white papers and market commentary for advisors and clients. mba cfa designation required. 10+ years as a senior economist or portfolio manager.,"Banking, Finance & Audit",Wealth Management,Investment Strategist,a senior market expert who develops the high-level investment house view e.g. asset allocation economic forecast for the entire wealth division.,conduct global macroeconomic research. develop the firm s official investment outlook and asset allocation models. publish white papers and market commentary for advisors and clients.,mba cfa designation required. 10+ years as a senior economist or portfolio manager.,83,https://www.kaggle.com/datasets/shivamashokgupta/job-description
JD0084,check processing supervisor manages the team and equipment responsible for processing all paper checks including scanning check 21 processing exceptions and handling return items. supervise the daily operations of the check processing department. manage high-speed image sorting and capture equipment. handle large-dollar exception items and nsf non-sufficient funds returns. associate s degree. strong operational and item-processing knowledge.,"Banking, Finance & Audit",Bank Operations,Check Processing Supervisor,manages the team and equipment responsible for processing all paper checks including scanning check 21 processing exceptions and handling return items.,supervise the daily operations of the check processing department. manage high-speed image sorting and capture equipment. handle large-dollar exception items and nsf non-sufficient funds returns.,associate s degree. strong operational and item-processing knowledge.,84,https://www.kaggle.com/datasets/shivamashokgupta/job-description
JD0085,industry group banker e.g. tmt an investment banker analyst to md who works in an industry group focusing only on clients in one sector e.g. technology media telecom . provide all ib services m a ipo specifically for clients in one industry. develop deep industry expertise and relationships. create industry-specific valuation models and trend reports. all standard ib qualifications plus a deep passion/knowledge for a specific sector.,"Banking, Finance & Audit",Investment Banking,"Industry Group Banker (e.g., TMT)",an investment banker analyst to md who works in an industry group focusing only on clients in one sector e.g. technology media telecom .,provide all ib services m a ipo specifically for clients in one industry. develop deep industry expertise and relationships. create industry-specific valuation models and trend reports.,all standard ib qualifications plus a deep passion/knowledge for a specific sector.,85,https://www.kaggle.com/datasets/shivamashokgupta/job-description
JD0086,lockbox supervisor manages a bank operation where commercial clients have their customer payments checks mailed directly to a bank p.o. box for faster processing and deposit. manage a team responsible for opening mail and scanning checks. oversee data entry and validation of payments against client files. ensure same-day deposit and reporting for corporate clients. associate s degree. strong people management and high-volume operations skills.,"Consulting, Business & Operations",Operations,Lockbox Supervisor,manages a bank operation where commercial clients have their customer payments checks mailed directly to a bank p.o. box for faster processing and deposit.,manage a team responsible for opening mail and scanning checks. oversee data entry and validation of payments against client files. ensure same-day deposit and reporting for corporate clients.,associate s degree. strong people management and high-volume operations skills.,86,https://www.kaggle.com/datasets/shivamashokgupta/job-description
JD0087,commission analyst an hr/finance role responsible for accurately calculating and processing complex variable commission payments for mlos bankers and advisors. gather sales performance data from multiple systems. apply complex commission plan rules to calculate payouts. prepare payroll reports and handle commission disputes from employees. bachelor s in finance/hr. advanced excel skills and extreme attention to detail.,"Consulting, Business & Operations",HR (Bank Specific),Commission Analyst,an hr/finance role responsible for accurately calculating and processing complex variable commission payments for mlos bankers and advisors.,gather sales performance data from multiple systems. apply complex commission plan rules to calculate payouts. prepare payroll reports and handle commission disputes from employees.,bachelor s in finance/hr. advanced excel skills and extreme attention to detail.,87,https://www.kaggle.com/datasets/shivamashokgupta/job-description
JD0088,product manager banking manages the lifecycle of a single bank product e.g. the mobile app a credit card . they blend tech marketing and business strategy. define the strategy and feature roadmap for a specific bank product. write user stories and work with developers to build new features. analyze product usage data and profitability. gather user feedback to guide product improvements. bachelor s/mba. experience in product management finance and agile development.,"Consulting, Business & Operations",Marketing,Product Manager (Banking),manages the lifecycle of a single bank product e.g. the mobile app a credit card . they blend tech marketing and business strategy.,define the strategy and feature roadmap for a specific bank product. write user stories and work with developers to build new features. analyze product usage data and profitability. gather user feedback to guide product improvements.,bachelor s/mba. experience in product management finance and agile development.,88,https://www.kaggle.com/datasets/shivamashokgupta/job-description
JD0089,new account review specialist a compliance/operations role that reviews all new accounts after they are opened by the branch to ensure all documentation and kyc data is correct and compliant. perform a quality control review of new account documentation. check for missing signatures ids or incorrect information. ensure all kyc/aml data was collected correctly per the bank secrecy act. send correction notices back to the branch. 2-3+ years of branch or compliance experience. meticulous attention to detail.,"Consulting, Business & Operations",Operations,New Account Review Specialist,a compliance/operations role that reviews all new accounts after they are opened by the branch to ensure all documentation and kyc data is correct and compliant.,perform a quality control review of new account documentation. check for missing signatures ids or incorrect information. ensure all kyc/aml data was collected correctly per the bank secrecy act. send correction notices back to the branch.,2-3+ years of branch or compliance experience. meticulous attention to detail.,89,https://www.kaggle.com/datasets/shivamashokgupta/job-description
JD0090,credit review officer an independent auditor of the auditors. this role independently re-underwrites loans after they have closed to test the quality of the bank s underwriting. select a sample of recently closed loans. re-underwrite the loan from scratch to validate the original credit decision. assign an independent risk rating to the loan. report findings on underwriting quality to the board/regulators. bachelor s in accounting/finance. 10+ years as a senior underwriter or credit officer.,"Banking, Finance & Audit",Risk Management,Credit Review Officer,an independent auditor of the auditors. this role independently re-underwrites loans after they have closed to test the quality of the bank s underwriting.,select a sample of recently closed loans. re-underwrite the loan from scratch to validate the original credit decision. assign an independent risk rating to the loan. report findings on underwriting quality to the board/regulators.,bachelor s in accounting/finance. 10+ years as a senior underwriter or credit officer.,90,https://www.kaggle.com/datasets/shivamashokgupta/job-description
JD0091,robotic process automation rpa developer a tech role that builds bots to automate repetitive manual tasks within the bank s operations e.g. data entry reconciling reports . analyze operational tasks to identify automation opportunities. design build and test software bots using rpa tools e.g. uipath blue prism . maintain and update the bot workforce. bs in compsci or it. certification in rpa software strong process-mapping skills.,"Engineering, Manufacturing & Technology",Bank Technology,Robotic Process Automation (RPA) Developer,a tech role that builds bots to automate repetitive manual tasks within the bank s operations e.g. data entry reconciling reports .,analyze operational tasks to identify automation opportunities. design build and test software bots using rpa tools e.g. uipath blue prism . maintain and update the bot workforce.,bs in compsci or it. certification in rpa software strong process-mapping skills.,91,https://www.kaggle.com/datasets/shivamashokgupta/job-description
JD0092,mortgage loan processor an operations specialist who works with the mlo and underwriter. they are the primary file manager collecting all documents and verifying them. gather all loan documentation from the borrower paystubs bank statements . verify income/employment and order appraisal/title. assemble the complete verified file for underwriting. act as the main communication link between the borrower and underwriter. high school diploma. extreme organization multitasking and communication skills.,"Banking, Finance & Audit",Retail Banking,Mortgage Loan Processor,an operations specialist who works with the mlo and underwriter. they are the primary file manager collecting all documents and verifying them.,gather all loan documentation from the borrower paystubs bank statements . verify income/employment and order appraisal/title. assemble the complete verified file for underwriting. act as the main communication link between the borrower and underwriter.,high school diploma. extreme organization multitasking and communication skills.,92,https://www.kaggle.com/datasets/shivamashokgupta/job-description
JD0093,mortgage underwriter the risk professional who makes the final decision on a mortgage. they analyze the borrower s file to ensure it meets all bank and regulatory fannie/freddie guidelines. analyze the borrower s three c s credit capacity income and collateral appraisal . ensure the loan file is 100 compliant with guidelines. issue the final credit decision approval denial or suspense need more info . bachelor s degree. de direct endorsement certification for fha loans is common. strong analytical and guideline-interpretation skills.,"Banking, Finance & Audit",Retail Banking,Mortgage Underwriter,the risk professional who makes the final decision on a mortgage. they analyze the borrower s file to ensure it meets all bank and regulatory fannie/freddie guidelines.,analyze the borrower s three c s credit capacity income and collateral appraisal . ensure the loan file is 100 compliant with guidelines. issue the final credit decision approval denial or suspense need more info .,bachelor s degree. de direct endorsement certification for fha loans is common. strong analytical and guideline-interpretation skills.,93,https://www.kaggle.com/datasets/shivamashokgupta/job-description
JD0094,loan closer / funder the final step in the loan process. this person prepares the final legal documents coordinates the signing and wires the money funds the loan . prepare the final closing disclosure cd and closing document package. review all signed documents for accuracy. balance the funding worksheet and wire the loan proceeds to the title company. 2+ years of mortgage operations experience. extreme attention to detail and ability to work under a strict deadline.,"Banking, Finance & Audit",Bank Operations,Loan Closer / Funder,the final step in the loan process. this person prepares the final legal documents coordinates the signing and wires the money funds the loan .,prepare the final closing disclosure cd and closing document package. review all signed documents for accuracy. balance the funding worksheet and wire the loan proceeds to the title company.,2+ years of mortgage operations experience. extreme attention to detail and ability to work under a strict deadline.,94,https://www.kaggle.com/datasets/shivamashokgupta/job-description
JD0095,investment operations associate a back-office role for an asset manager. responsible for trade settlement portfolio reconciliation and managing corporate actions. settle trades executed by portfolio managers. reconcile cash and asset positions between the firm custodians and brokers. process mandatory corporate actions e.g. mergers stock splits . bachelor s in finance. strong operations reconciliation and settlement process knowledge.,"Banking, Finance & Audit",Wealth Management,Investment Operations Associate,a back-office role for an asset manager. responsible for trade settlement portfolio reconciliation and managing corporate actions.,settle trades executed by portfolio managers. reconcile cash and asset positions between the firm custodians and brokers. process mandatory corporate actions e.g. mergers stock splits .,bachelor s in finance. strong operations reconciliation and settlement process knowledge.,95,https://www.kaggle.com/datasets/shivamashokgupta/job-description
JD0096,equipment finance specialist a specialized lender who focuses only on providing loans and leases for companies to acquire specific hard assets like manufacturing machinery or transportation fleets. originate loans/leases for equipment purchases. analyze the value and depreciation schedule of specific collateral. structure lease agreements e.g. operating vs. capital lease . bachelor s in finance. strong sales skills and deep knowledge of equipment valuation.,"Banking, Finance & Audit",Commercial Banking,Equipment Finance Specialist,a specialized lender who focuses only on providing loans and leases for companies to acquire specific hard assets like manufacturing machinery or transportation fleets.,originate loans/leases for equipment purchases. analyze the value and depreciation schedule of specific collateral. structure lease agreements e.g. operating vs. capital lease .,bachelor s in finance. strong sales skills and deep knowledge of equipment valuation.,96,https://www.kaggle.com/datasets/shivamashokgupta/job-description
JD0097,talent acquisition partner bank recruiter a corporate recruiter who specializes in finding and hiring talent specifically for the banking industry from tellers to specialized risk roles. manage the full-cycle recruiting process for open roles. source candidates passive and active for specialized positions e.g. underwriters . partner with hiring managers to define roles and negotiate offers. bachelor s degree. 3-5+ years of recruiting experience preferably within financial services.,"Consulting, Business & Operations",Bank HR,Talent Acquisition Partner (Bank Recruiter),a corporate recruiter who specializes in finding and hiring talent specifically for the banking industry from tellers to specialized risk roles.,manage the full-cycle recruiting process for open roles. source candidates passive and active for specialized positions e.g. underwriters . partner with hiring managers to define roles and negotiate offers.,bachelor s degree. 3-5+ years of recruiting experience preferably within financial services.,97,https://www.kaggle.com/datasets/shivamashokgupta/job-description
JD0098,capital introduction analyst a role within prime brokerage that acts as a matchmaker introducing hedge fund clients to potential investors e.g. pensions endowments . research and profile potential institutional investors. understand a hedge fund s strategy in detail. facilitate introductions and host capital introduction events. bachelor s in finance/marketing. strong networking sales and communication skills.,"Banking, Finance & Audit",Investment Banking,Capital Introduction Analyst,a role within prime brokerage that acts as a matchmaker introducing hedge fund clients to potential investors e.g. pensions endowments .,research and profile potential institutional investors. understand a hedge fund s strategy in detail. facilitate introductions and host capital introduction events.,bachelor s in finance/marketing. strong networking sales and communication skills.,98,https://www.kaggle.com/datasets/shivamashokgupta/job-description
JD0099,vendor risk manager manages the risk associated with hiring third-party vendors e.g. software providers call centers . perform due diligence on new vendors checking their finances security etc. . review vendor contracts for risk and compliance clauses. conduct ongoing monitoring of critical vendors to ensure they meet performance and security standards. bachelor s in business/finance. strong contract review risk assessment and analytical skills.,"Banking, Finance & Audit",Risk Management,Vendor Risk Manager,manages the risk associated with hiring third-party vendors e.g. software providers call centers .,perform due diligence on new vendors checking their finances security etc. . review vendor contracts for risk and compliance clauses. conduct ongoing monitoring of critical vendors to ensure they meet performance and security standards.,bachelor s in business/finance. strong contract review risk assessment and analytical skills.,99,https://www.kaggle.com/datasets/shivamashokgupta/job-description
JD0100,bcp / disaster recovery planner an operational risk specialist who creates and maintains the bank s business continuity plan bcp to ensure the bank can function during a disaster. identify critical business processes and systems. develop and document plans to recover operations after a disruption e.g. fire cyberattack . conduct regular disaster recovery tests and exercises. bachelor s degree. cbcp certified business continuity professional certification. strong project management skills.,"Banking, Finance & Audit",Risk Management,BCP / Disaster Recovery Planner,an operational risk specialist who creates and maintains the bank s business continuity plan bcp to ensure the bank can function during a disaster.,identify critical business processes and systems. develop and document plans to recover operations after a disruption e.g. fire cyberattack . conduct regular disaster recovery tests and exercises.,bachelor s degree. cbcp certified business continuity professional certification. strong project management skills.,100,https://www.kaggle.com/datasets/shivamashokgupta/job-description
JD0101,card services specialist manages the operations for the bank s debit and credit card portfolio including disputes fraud and network processing. process customer disputes for card transactions reg e . work with card fraud monitoring systems. reconcile card network settlement reports e.g. from visa/mastercard . order and maintain debit card inventory. associate s degree. strong regulatory knowledge reg e and problem-solving skills.,"Consulting, Business & Operations",Operations,Card Services Specialist,manages the operations for the bank s debit and credit card portfolio including disputes fraud and network processing.,process customer disputes for card transactions reg e . work with card fraud monitoring systems. reconcile card network settlement reports e.g. from visa/mastercard . order and maintain debit card inventory.,associate s degree. strong regulatory knowledge reg e and problem-solving skills.,101,https://www.kaggle.com/datasets/shivamashokgupta/job-description
JD0102,bank secrecy act bsa analyst an entry-level aml role that focuses on one specific part of the process such as reviewing currency transaction reports ctrs or clearing low-level alerts. review daily reports for cash transactions exceeding 10 000. prepare and file currency transaction reports ctrs with fincen. clear or escalate low-level automated transaction monitoring alerts. bachelor s degree. high attention to detail and data entry skills.,"Consulting, Business & Operations",Operations,Bank Secrecy Act (BSA) Analyst,an entry-level aml role that focuses on one specific part of the process such as reviewing currency transaction reports ctrs or clearing low-level alerts.,review daily reports for cash transactions exceeding 10 000. prepare and file currency transaction reports ctrs with fincen. clear or escalate low-level automated transaction monitoring alerts.,bachelor s degree. high attention to detail and data entry skills.,102,https://www.kaggle.com/datasets/shivamashokgupta/job-description
JD0103,bank treasurer a senior executive often reporting to the cfo who manages the bank s own balance sheet including liquidity investments and interest rate risk. manage the bank s investment portfolio bonds etc. . model and manage the bank s interest rate risk irr exposure. oversee the bank s liquidity and funding sources deposits fhlb borrowing . mba cfa designation. 15+ years experience in treasury capital markets or asset-liability management.,"Banking, Finance & Audit",Corporate Treasury,Bank Treasurer,a senior executive often reporting to the cfo who manages the bank s own balance sheet including liquidity investments and interest rate risk.,manage the bank s investment portfolio bonds etc. . model and manage the bank s interest rate risk irr exposure. oversee the bank s liquidity and funding sources deposits fhlb borrowing .,mba cfa designation. 15+ years experience in treasury capital markets or asset-liability management.,103,https://www.kaggle.com/datasets/shivamashokgupta/job-description
JD0104,alm analyst asset-liability supports the treasurer by running complex models that measure the bank s sensitivity to changes in interest rates. run complex financial models simulation gap analysis to measure interest rate risk. analyze how rate changes will impact the bank s net interest margin nim . prepare alco asset-liability committee reports. bachelor s/master s in finance or econ. very strong quantitative modeling and data analysis skills.,"Banking, Finance & Audit",Risk Management,ALM Analyst (Asset-Liability),supports the treasurer by running complex models that measure the bank s sensitivity to changes in interest rates.,run complex financial models simulation gap analysis to measure interest rate risk. analyze how rate changes will impact the bank s net interest margin nim . prepare alco asset-liability committee reports.,bachelor s/master s in finance or econ. very strong quantitative modeling and data analysis skills.,104,https://www.kaggle.com/datasets/shivamashokgupta/job-description
JD0105,robo-advisor product manager a product manager who specifically manages the bank s digital investment platform robo-advisor . design the user experience and investment algorithms for the digital platform. work with developers to build and test the product. analyze user data and market trends to drive strategy. bachelor s/mba. strong background in both fintech/product management and investment principles.,"Banking, Finance & Audit",Wealth Management,Robo-Advisor Product Manager,a product manager who specifically manages the bank s digital investment platform robo-advisor .,design the user experience and investment algorithms for the digital platform. work with developers to build and test the product. analyze user data and market trends to drive strategy.,bachelor s/mba. strong background in both fintech/product management and investment principles.,105,https://www.kaggle.com/datasets/shivamashokgupta/job-description
JD0106,chief operations officer coo the senior executive responsible for managing all non-financial non-sales functions of the bank the back office including all operations and technology. lead all bank operations deposit loan card and it departments. drive process improvement and operational efficiency. execute the bank s strategic plan and manage large-scale tech projects. mba or advanced degree. 15-20+ years of senior leadership in bank operations and technology.,"Banking, Finance & Audit",Bank Leadership,Chief Operations Officer (COO),the senior executive responsible for managing all non-financial non-sales functions of the bank the back office including all operations and technology.,lead all bank operations deposit loan card and it departments. drive process improvement and operational efficiency. execute the bank s strategic plan and manage large-scale tech projects.,mba or advanced degree. 15-20+ years of senior leadership in bank operations and technology.,106,https://www.kaggle.com/datasets/shivamashokgupta/job-description
JD0107,chief compliance officer cco the executive formally responsible for the bank s entire compliance program excluding bsa/aml which may be separate . reports directly to the board. develop and manage the bank s compliance management system cms . act as the primary liaison with all regulators fdic occ fed cfpb . oversee all compliance areas fair lending cra consumer protection regs . jd law degree or crcm certification. 10-15+ years of expert-level bank compliance experience.,"Banking, Finance & Audit",Bank Leadership,Chief Compliance Officer (CCO),the executive formally responsible for the bank s entire compliance program excluding bsa/aml which may be separate . reports directly to the board.,develop and manage the bank s compliance management system cms . act as the primary liaison with all regulators fdic occ fed cfpb . oversee all compliance areas fair lending cra consumer protection regs .,jd law degree or crcm certification. 10-15+ years of expert-level bank compliance experience.,107,https://www.kaggle.com/datasets/shivamashokgupta/job-description
JD0108,mechanical engineer associate an entry-to-mid-level role focusing on designing analyzing and testing mechanical components and systems under the guidance of senior engineers. create 3d models and 2d drawings using cad software. perform basic stress analysis fea . build and test prototypes. support manufacturing and assembly teams. bs in mechanical engineering. proficiency in cad solidworks autocad or catia . strong grasp of physics mechanics and thermodynamics.,"Engineering, Manufacturing & Technology",Mechanical,Mechanical Engineer (Associate),an entry-to-mid-level role focusing on designing analyzing and testing mechanical components and systems under the guidance of senior engineers.,create 3d models and 2d drawings using cad software. perform basic stress analysis fea . build and test prototypes. support manufacturing and assembly teams.,bs in mechanical engineering. proficiency in cad solidworks autocad or catia . strong grasp of physics mechanics and thermodynamics.,108,https://www.kaggle.com/datasets/shivamashokgupta/job-description
JD0109,senior mechanical engineer a technical leader who manages complex design projects performs advanced analysis and mentors junior engineers. lead the design lifecycle of major mechanical systems. run complex simulations fea cfd . select materials and manufacturing processes. interface with vendors and clients. review and approve designs from junior staff. bs or ms in mechanical engineering. 5-8+ years of experience. expert in cad/cae tools. professional engineer pe license often preferred.,"Engineering, Manufacturing & Technology",Mechanical,Senior Mechanical Engineer,a technical leader who manages complex design projects performs advanced analysis and mentors junior engineers.,lead the design lifecycle of major mechanical systems. run complex simulations fea cfd . select materials and manufacturing processes. interface with vendors and clients. review and approve designs from junior staff.,bs or ms in mechanical engineering. 5-8+ years of experience. expert in cad/cae tools. professional engineer pe license often preferred.,109,https://www.kaggle.com/datasets/shivamashokgupta/job-description
JD0110,hvac engineer specializes in designing heating ventilation and air conditioning systems for residential commercial and industrial buildings. calculate heating and cooling loads for buildings. design ductwork piping and control systems. select equipment boilers chillers ahus . ensure designs meet building codes and energy standards. bs in mechanical engineering. knowledge of ashrae standards. proficiency in hvac design software e.g. revit mep trane trace .,"Engineering, Manufacturing & Technology",Mechanical,HVAC Engineer,specializes in designing heating ventilation and air conditioning systems for residential commercial and industrial buildings.,calculate heating and cooling loads for buildings. design ductwork piping and control systems. select equipment boilers chillers ahus . ensure designs meet building codes and energy standards.,bs in mechanical engineering. knowledge of ashrae standards. proficiency in hvac design software e.g. revit mep trane trace .,110,https://www.kaggle.com/datasets/shivamashokgupta/job-description
JD0111,thermodynamics engineer a specialist focusing on thermal management heat transfer and energy conversion in systems like engines power plants and electronics. analyze and model heat transfer within complex systems. design thermal management solutions e.g. heat sinks cooling systems . optimize systems for thermal and energy efficiency. ms or phd in mechanical engineering preferred. expertise in thermodynamics fluid dynamics and heat transfer. skills in cfd and thermal modeling software.,"Engineering, Manufacturing & Technology",Mechanical,Thermodynamics Engineer,a specialist focusing on thermal management heat transfer and energy conversion in systems like engines power plants and electronics.,analyze and model heat transfer within complex systems. design thermal management solutions e.g. heat sinks cooling systems . optimize systems for thermal and energy efficiency.,ms or phd in mechanical engineering preferred. expertise in thermodynamics fluid dynamics and heat transfer. skills in cfd and thermal modeling software.,111,https://www.kaggle.com/datasets/shivamashokgupta/job-description
JD0112,robotics engineer a multidisciplinary role me/ee/cs that designs builds and programs robotic systems and automation solutions. design robotic actuators grippers and chassis mechanical aspect . integrate sensors motors and controllers electrical aspect . program robot movements and logic software aspect . bs or ms in me ee or robotics. skills in c++ python ros robot operating system . knowledge of kinematics dynamics and control systems.,"Engineering, Manufacturing & Technology",Mechanical,Robotics Engineer,a multidisciplinary role me/ee/cs that designs builds and programs robotic systems and automation solutions.,design robotic actuators grippers and chassis mechanical aspect . integrate sensors motors and controllers electrical aspect . program robot movements and logic software aspect .,bs or ms in me ee or robotics. skills in c++ python ros robot operating system . knowledge of kinematics dynamics and control systems.,112,https://www.kaggle.com/datasets/shivamashokgupta/job-description
JD0113,mep engineer stands for mechanical electrical and plumbing. this engineer designs and coordinates these three critical building systems typically for a construction/architecture firm. design and integrate hvac power distribution and plumbing systems. ensure systems do not clash using bim/revit . coordinate utility hookups and building-wide system controls. bs in mechanical or electrical engineering. high proficiency in revit and autocad. strong knowledge of building codes.,"Engineering, Manufacturing & Technology",Mechanical,MEP Engineer,stands for mechanical electrical and plumbing. this engineer designs and coordinates these three critical building systems typically for a construction/architecture firm.,design and integrate hvac power distribution and plumbing systems. ensure systems do not clash using bim/revit . coordinate utility hookups and building-wide system controls.,bs in mechanical or electrical engineering. high proficiency in revit and autocad. strong knowledge of building codes.,113,https://www.kaggle.com/datasets/shivamashokgupta/job-description
JD0114,mechanical design engineer a role focused purely on the design and modeling aspect of engineering translating concepts and requirements into detailed manufacturing blueprints. create detailed 3d models and assemblies. produce 2d manufacturing drawings with full gd t geometric dimensioning and tolerancing . iterate designs based on feedback from analysis and manufacturing teams. bs in mechanical engineering. expert-level cad skills. deep knowledge of manufacturing processes machining injection molding and gd t.,"Engineering, Manufacturing & Technology",Mechanical,Mechanical Design Engineer,a role focused purely on the design and modeling aspect of engineering translating concepts and requirements into detailed manufacturing blueprints.,create detailed 3d models and assemblies. produce 2d manufacturing drawings with full gd t geometric dimensioning and tolerancing . iterate designs based on feedback from analysis and manufacturing teams.,bs in mechanical engineering. expert-level cad skills. deep knowledge of manufacturing processes machining injection molding and gd t.,114,https://www.kaggle.com/datasets/shivamashokgupta/job-description
JD0115,piping engineer a specialist often in oil gas or chem who designs the complex piping systems used to transport fluids and gases within an industrial plant. design pipe layouts routes and support structures. perform pipe stress analysis to handle pressure and temperature. select appropriate materials valves and fittings. create p id piping instrumentation diagrams . bs in mechanical or chemical engineering. proficiency in piping design software e.g. autocad plant 3d caesar ii .,"Engineering, Manufacturing & Technology",Mechanical,Piping Engineer,a specialist often in oil gas or chem who designs the complex piping systems used to transport fluids and gases within an industrial plant.,design pipe layouts routes and support structures. perform pipe stress analysis to handle pressure and temperature. select appropriate materials valves and fittings. create p id piping instrumentation diagrams .,bs in mechanical or chemical engineering. proficiency in piping design software e.g. autocad plant 3d caesar ii .,115,https://www.kaggle.com/datasets/shivamashokgupta/job-description
JD0116,principal mechanical engineer a top-tier technical expert often non-managerial who solves the most complex technical problems and sets the technical strategy for the department. serve as the lead technical consultant for the organization. solve novel engineering problems with no existing precedent. mentor entire teams of senior engineers. drive innovation and new technology adoption. ms or phd with 15+ years of experience. recognized expert in a specific domain. often holds multiple patents.,"Engineering, Manufacturing & Technology",Mechanical,Principal Mechanical Engineer,a top-tier technical expert often non-managerial who solves the most complex technical problems and sets the technical strategy for the department.,serve as the lead technical consultant for the organization. solve novel engineering problems with no existing precedent. mentor entire teams of senior engineers. drive innovation and new technology adoption.,ms or phd with 15+ years of experience. recognized expert in a specific domain. often holds multiple patents.,116,https://www.kaggle.com/datasets/shivamashokgupta/job-description
JD0117,automotive engineer an me specializing in the design development and testing of vehicles or their subsystems e.g. powertrain chassis suspension . design and test vehicle components for performance and durability. analyze vehicle dynamics and powertrain efficiency. integrate various subsystems engine transmission electronics . bs in mechanical or automotive engineering. passion for vehicles. skills in cad and vehicle simulation tools.,"Engineering, Manufacturing & Technology",Mechanical,Automotive Engineer,an me specializing in the design development and testing of vehicles or their subsystems e.g. powertrain chassis suspension .,design and test vehicle components for performance and durability. analyze vehicle dynamics and powertrain efficiency. integrate various subsystems engine transmission electronics .,bs in mechanical or automotive engineering. passion for vehicles. skills in cad and vehicle simulation tools.,117,https://www.kaggle.com/datasets/shivamashokgupta/job-description
JD0118,electrical engineer associate designs develops and tests electrical systems and components focusing on power generation distribution and electronic device applications. design electrical schematics and circuit layouts. select electrical components resistors capacitors ics . build and test prototypes of electrical circuits. assist with compliance and safety testing. bs in electrical engineering bsee . skills in circuit design software e.g. altium eagle and simulation spice .,"Engineering, Manufacturing & Technology",Electrical,Electrical Engineer (Associate),designs develops and tests electrical systems and components focusing on power generation distribution and electronic device applications.,design electrical schematics and circuit layouts. select electrical components resistors capacitors ics . build and test prototypes of electrical circuits. assist with compliance and safety testing.,bs in electrical engineering bsee . skills in circuit design software e.g. altium eagle and simulation spice .,118,https://www.kaggle.com/datasets/shivamashokgupta/job-description
JD0119,senior electrical engineer leads complex electrical design projects manages power systems architecture and oversees compliance for entire products. architect complex electrical systems from concept to production. solve advanced issues in power analog or digital design. mentor junior engineers and review their schematics. manage relationships with component suppliers. bsee or msee. 7+ years of experience. expert in schematic capture and pcb layout. pe license often required for power roles.,"Engineering, Manufacturing & Technology",Electrical,Senior Electrical Engineer,leads complex electrical design projects manages power systems architecture and oversees compliance for entire products.,architect complex electrical systems from concept to production. solve advanced issues in power analog or digital design. mentor junior engineers and review their schematics. manage relationships with component suppliers.,bsee or msee. 7+ years of experience. expert in schematic capture and pcb layout. pe license often required for power roles.,119,https://www.kaggle.com/datasets/shivamashokgupta/job-description
JD0120,power systems engineer a specialized ee focusing on the generation transmission and distribution of high-voltage electric power the power grid . design and analyze power grids substations and transformers. perform load flow short circuit and stability studies. develop protective relaying schemes to protect the grid. ensure grid reliability and efficiency. bsee msee often preferred . expertise in power systems analysis software etap pss/e . pe license is critical.,"Engineering, Manufacturing & Technology",Electrical,Power Systems Engineer,a specialized ee focusing on the generation transmission and distribution of high-voltage electric power the power grid .,design and analyze power grids substations and transformers. perform load flow short circuit and stability studies. develop protective relaying schemes to protect the grid. ensure grid reliability and efficiency.,bsee msee often preferred . expertise in power systems analysis software etap pss/e . pe license is critical.,120,https://www.kaggle.com/datasets/shivamashokgupta/job-description
JD0121,control systems engineer designs and programs the automated control logic like plcs that run industrial machinery manufacturing lines and process plants. design automated control strategies using feedback loops. program plcs programmable logic controllers and hmis human-machine interfaces . tune pid loops for optimal system performance. integrate sensors motors and actuators. bsee or bs in me/cheme. expertise in plc programming e.g. rockwell/allen-bradley siemens . knowledge of industrial networks.,"Engineering, Manufacturing & Technology",Electrical,Control Systems Engineer,designs and programs the automated control logic like plcs that run industrial machinery manufacturing lines and process plants.,design automated control strategies using feedback loops. program plcs programmable logic controllers and hmis human-machine interfaces . tune pid loops for optimal system performance. integrate sensors motors and actuators.,bsee or bs in me/cheme. expertise in plc programming e.g. rockwell/allen-bradley siemens . knowledge of industrial networks.,121,https://www.kaggle.com/datasets/shivamashokgupta/job-description
JD0122,rf radio frequency engineer a highly specialized ee who designs and tests systems that transmit or receive radio waves such as wi-fi 5g bluetooth radar and satellite communications. design rf circuits antennas amplifiers and filters. test and optimize rf signal propagation and quality. use spectrum analyzers and network analyzers. ensure products meet fcc and wireless standards. msee or phd usually required. deep knowledge of electromagnetics high-frequency signals and smith charts.,"Engineering, Manufacturing & Technology",Electrical,RF (Radio Frequency) Engineer,a highly specialized ee who designs and tests systems that transmit or receive radio waves such as wi-fi 5g bluetooth radar and satellite communications.,design rf circuits antennas amplifiers and filters. test and optimize rf signal propagation and quality. use spectrum analyzers and network analyzers. ensure products meet fcc and wireless standards.,msee or phd usually required. deep knowledge of electromagnetics high-frequency signals and smith charts.,122,https://www.kaggle.com/datasets/shivamashokgupta/job-description
JD0123,dsp engineer a digital signal processing engineer. uses advanced math and algorithms to manipulate digital signals like audio video or sensor data . design and implement algorithms to filter noise compress data or identify patterns. program dsp chips or fpgas to execute algorithms in real-time. work heavily in audio/video processing telecom and radar. msee or phd required. expert in advanced mathematics fourier transforms and matlab/c++.,"Engineering, Manufacturing & Technology",Electrical,DSP Engineer,a digital signal processing engineer. uses advanced math and algorithms to manipulate digital signals like audio video or sensor data .,design and implement algorithms to filter noise compress data or identify patterns. program dsp chips or fpgas to execute algorithms in real-time. work heavily in audio/video processing telecom and radar.,msee or phd required. expert in advanced mathematics fourier transforms and matlab/c++.,123,https://www.kaggle.com/datasets/shivamashokgupta/job-description
JD0124,electronics engineer a broad title often synonymous with an ee focused on low-power components printed circuit boards pcbs and consumer electronic devices. design schematics for pcb assemblies. oversee the pcb layout fabrication and assembly process. test and debug prototype boards. manage product lifecycle from concept to end-of-life. bsee. skills in pcb design tools altium kicad . knowledge of microcontrollers.,"Engineering, Manufacturing & Technology",Electrical,Electronics Engineer,a broad title often synonymous with an ee focused on low-power components printed circuit boards pcbs and consumer electronic devices.,design schematics for pcb assemblies. oversee the pcb layout fabrication and assembly process. test and debug prototype boards. manage product lifecycle from concept to end-of-life.,bsee. skills in pcb design tools altium kicad . knowledge of microcontrollers.,124,https://www.kaggle.com/datasets/shivamashokgupta/job-description
JD0125,hardware test engineer an ee who specializes in testing validating and debugging electronic hardware rather than designing it from scratch. develop test plans and procedures for new pcbs. build automated test fixtures using tools like labview . identify document and debug hardware failures. certify that hardware meets all design specifications. bsee or bs in computer engineering. strong debugging and troubleshooting skills. experience with oscilloscopes logic analyzers.,"Engineering, Manufacturing & Technology",Electrical,Hardware Test Engineer,an ee who specializes in testing validating and debugging electronic hardware rather than designing it from scratch.,develop test plans and procedures for new pcbs. build automated test fixtures using tools like labview . identify document and debug hardware failures. certify that hardware meets all design specifications.,bsee or bs in computer engineering. strong debugging and troubleshooting skills. experience with oscilloscopes logic analyzers.,125,https://www.kaggle.com/datasets/shivamashokgupta/job-description
JD0126,instrumentation engineer designs selects and installs the instruments sensors transmitters valves used to measure and control variables in an industrial process plant. select the correct instrument e.g. for pressure temperature flow . create instrumentation loop diagrams and hookup drawings. calibrate and commission instruments in the field. integrate sensor data into the main control system dcs/plc . bsee or bs in cheme. knowledge of industrial instrumentation and process control.,"Engineering, Manufacturing & Technology",Electrical,Instrumentation Engineer,designs selects and installs the instruments sensors transmitters valves used to measure and control variables in an industrial process plant.,select the correct instrument e.g. for pressure temperature flow . create instrumentation loop diagrams and hookup drawings. calibrate and commission instruments in the field. integrate sensor data into the main control system dcs/plc .,bsee or bs in cheme. knowledge of industrial instrumentation and process control.,126,https://www.kaggle.com/datasets/shivamashokgupta/job-description
JD0127,electrical design engineer a role often in construction/utilities focused on designing electrical power systems for buildings campuses or subdivisions. design power distribution layouts cable sizing and panel schedules. plan lighting systems fire alarms and emergency power. ensure all designs comply with the nec national electrical code . bsee. pe license is critical. proficiency in autocad and electrical design software.,"Engineering, Manufacturing & Technology",Electrical,Electrical Design Engineer,a role often in construction/utilities focused on designing electrical power systems for buildings campuses or subdivisions.,design power distribution layouts cable sizing and panel schedules. plan lighting systems fire alarms and emergency power. ensure all designs comply with the nec national electrical code .,bsee. pe license is critical. proficiency in autocad and electrical design software.,127,https://www.kaggle.com/datasets/shivamashokgupta/job-description
JD0128,civil engineer entry an entry-level role supporting projects related to public works including roads bridges and water systems. works under a pe. perform basic design and drafting tasks using autocad civil 3d. assist with site surveying and data collection. conduct material testing and site inspections. prepare quantity calculations and cost estimates. bs in civil engineering. must have passed the fe fundamentals of engineering exam to be on the pe track eit status .,"Engineering, Manufacturing & Technology",Civil,Civil Engineer (Entry),an entry-level role supporting projects related to public works including roads bridges and water systems. works under a pe.,perform basic design and drafting tasks using autocad civil 3d. assist with site surveying and data collection. conduct material testing and site inspections. prepare quantity calculations and cost estimates.,bs in civil engineering. must have passed the fe fundamentals of engineering exam to be on the pe track eit status .,128,https://www.kaggle.com/datasets/shivamashokgupta/job-description
JD0129,civil engineer pe a licensed professional engineer who has the legal authority to sign and seal approve engineering plans for public projects. manage entire design projects for land development or public works. perform and stamp complex engineering calculations. serve as the engineer of record assuming legal responsibility for the design. testify at public meetings and zoning boards. bs in civil engineering. must hold an active pe license requires 4+ years of experience and passing the pe exam .,"Engineering, Manufacturing & Technology",Civil,Civil Engineer (PE),a licensed professional engineer who has the legal authority to sign and seal approve engineering plans for public projects.,manage entire design projects for land development or public works. perform and stamp complex engineering calculations. serve as the engineer of record assuming legal responsibility for the design. testify at public meetings and zoning boards.,bs in civil engineering. must hold an active pe license requires 4+ years of experience and passing the pe exam .,129,https://www.kaggle.com/datasets/shivamashokgupta/job-description
JD0130,structural engineer a specialized civil engineer who analyzes and designs the bones of structures buildings bridges towers to ensure they can withstand loads and resist forces. calculate all potential loads gravity wind seismic . design structural systems beams columns foundations . analyze the structural integrity of existing buildings. produce detailed structural drawings. bs or ms in civil engineering structural emphasis . pe or se structural engineer license is required. expertise in analysis software risa staad.pro .,"Engineering, Manufacturing & Technology",Civil,Structural Engineer,a specialized civil engineer who analyzes and designs the bones of structures buildings bridges towers to ensure they can withstand loads and resist forces.,calculate all potential loads gravity wind seismic . design structural systems beams columns foundations . analyze the structural integrity of existing buildings. produce detailed structural drawings.,bs or ms in civil engineering structural emphasis . pe or se structural engineer license is required. expertise in analysis software risa staad.pro .,130,https://www.kaggle.com/datasets/shivamashokgupta/job-description
JD0131,transportation engineer a civil engineer focused on the planning design and operation of transportation systems including roads highways and public transit. design highway geometry intersections and signage. conduct traffic impact studies for new developments. analyze traffic flow and design signal timing. plan pedestrian and bicycle pathways. bs or ms in civil engineering. knowledge of transportation modeling software e.g. vissim synchro . pe or te traffic engineer license.,"Engineering, Manufacturing & Technology",Civil,Transportation Engineer,a civil engineer focused on the planning design and operation of transportation systems including roads highways and public transit.,design highway geometry intersections and signage. conduct traffic impact studies for new developments. analyze traffic flow and design signal timing. plan pedestrian and bicycle pathways.,bs or ms in civil engineering. knowledge of transportation modeling software e.g. vissim synchro . pe or te traffic engineer license.,131,https://www.kaggle.com/datasets/shivamashokgupta/job-description
JD0132,water resources engineer a civil engineer who manages water systems focusing on hydrology water flow hydraulics water pressure/movement and infrastructure. design stormwater management and drainage systems culverts ponds . model floodplains and analyze flood risk using hec-ras . design water distribution potable and wastewater collection systems. bs in civil or environmental engineering. skills in hydrology/hydraulic modeling software. pe license.,"Engineering, Manufacturing & Technology",Civil,Water Resources Engineer,a civil engineer who manages water systems focusing on hydrology water flow hydraulics water pressure/movement and infrastructure.,design stormwater management and drainage systems culverts ponds . model floodplains and analyze flood risk using hec-ras . design water distribution potable and wastewater collection systems.,bs in civil or environmental engineering. skills in hydrology/hydraulic modeling software. pe license.,132,https://www.kaggle.com/datasets/shivamashokgupta/job-description
JD0133,geotechnical engineer a civil engineer who analyzes the properties of soil and rock to determine their suitability for supporting structures. plan and coordinate soil boring and testing. analyze soil mechanics stability and load-bearing capacity. design foundations deep piles shallow footings for buildings/bridges. design retaining walls and analyze slope stability. ms in civil engineering geotechnical emphasis is standard. pe license required.,"Engineering, Manufacturing & Technology",Civil,Geotechnical Engineer,a civil engineer who analyzes the properties of soil and rock to determine their suitability for supporting structures.,plan and coordinate soil boring and testing. analyze soil mechanics stability and load-bearing capacity. design foundations deep piles shallow footings for buildings/bridges. design retaining walls and analyze slope stability.,ms in civil engineering geotechnical emphasis is standard. pe license required.,133,https://www.kaggle.com/datasets/shivamashokgupta/job-description
JD0134,construction engineer a civil engineer who works on-site at a construction project applying engineering principles to construction methods scheduling and quality. act as the technical liaison between the design team and on-site contractors. manage project scheduling cost control and procurement. ensure construction adheres to the engineering drawings and specs. oversee on-site safety and quality control qc . bs in civil engineering or construction management. strong field and communication skills.,"Engineering, Manufacturing & Technology",Civil,Construction Engineer,a civil engineer who works on-site at a construction project applying engineering principles to construction methods scheduling and quality.,act as the technical liaison between the design team and on-site contractors. manage project scheduling cost control and procurement. ensure construction adheres to the engineering drawings and specs. oversee on-site safety and quality control qc .,bs in civil engineering or construction management. strong field and communication skills.,134,https://www.kaggle.com/datasets/shivamashokgupta/job-description
JD0135,municipal engineer a civil engineer employed directly by a city or county government to manage all public works and infrastructure. oversee the design and maintenance of public roads sewers and parks. review engineering plans submitted by private developers for code compliance. manage public works budgets and capital improvement plans. bs in civil engineering. must hold a pe license. strong understanding of public policy and regulations.,"Engineering, Manufacturing & Technology",Civil,Municipal Engineer,a civil engineer employed directly by a city or county government to manage all public works and infrastructure.,oversee the design and maintenance of public roads sewers and parks. review engineering plans submitted by private developers for code compliance. manage public works budgets and capital improvement plans.,bs in civil engineering. must hold a pe license. strong understanding of public policy and regulations.,135,https://www.kaggle.com/datasets/shivamashokgupta/job-description
JD0136,survey manager manages teams of land surveyors who make precise measurements to determine property boundaries and map land features. coordinate field survey crews using gps total stations drones . perform complex boundary calculations and resolve deed disputes. produce and stamp official plats topo maps and alta surveys. work closely with title companies architects and civil engineers. must be a professional land surveyor pls which requires state licensure.,"Engineering, Manufacturing & Technology",Civil,Survey Manager,manages teams of land surveyors who make precise measurements to determine property boundaries and map land features.,coordinate field survey crews using gps total stations drones . perform complex boundary calculations and resolve deed disputes. produce and stamp official plats topo maps and alta surveys. work closely with title companies architects and civil engineers.,must be a professional land surveyor pls which requires state licensure.,136,https://www.kaggle.com/datasets/shivamashokgupta/job-description
JD0137,civil cad designer/drafter a technical specialist not always an engineer who translates the designs and calculations of engineers into formal construction drawings using autocad civil 3d. create detailed site plans grading plans and road profiles. manage drawing sets layers and standards. incorporate survey data and redlines from engineers. associate s degree or certificate in cad drafting. expert proficiency in autocad civil 3d is the key skill.,"Engineering, Manufacturing & Technology",Civil,Civil CAD Designer/Drafter,a technical specialist not always an engineer who translates the designs and calculations of engineers into formal construction drawings using autocad civil 3d.,create detailed site plans grading plans and road profiles. manage drawing sets layers and standards. incorporate survey data and redlines from engineers.,associate s degree or certificate in cad drafting. expert proficiency in autocad civil 3d is the key skill.,137,https://www.kaggle.com/datasets/shivamashokgupta/job-description
JD0138,software engineer a broad role involving the design development testing and maintenance of software applications using programming languages and engineering principles. write clean maintainable and efficient code. collaborate with teams pms designers to define and build features. debug and resolve bugs in existing codebases. write unit tests and participate in code reviews. bs in computer science cs or related field. proficiency in at least one language e.g. java python c++ c# .,"Engineering, Manufacturing & Technology",Software,Software Engineer,a broad role involving the design development testing and maintenance of software applications using programming languages and engineering principles.,write clean maintainable and efficient code. collaborate with teams pms designers to define and build features. debug and resolve bugs in existing codebases. write unit tests and participate in code reviews.,bs in computer science cs or related field. proficiency in at least one language e.g. java python c++ c# .,138,https://www.kaggle.com/datasets/shivamashokgupta/job-description
JD0139,frontend engineer a software engineer specializing in the client-side the visual elements of a website or application that the user directly interacts with in their browser. translate ui/ux designs into functional responsive web pages using html css and javascript. build and maintain user interfaces using frameworks like react angular or vue. optimize applications for speed and cross-browser compatibility. bs in cs. expertise in javascript html5 css3 and modern js frameworks.,"Engineering, Manufacturing & Technology",Software,Frontend Engineer,a software engineer specializing in the client-side the visual elements of a website or application that the user directly interacts with in their browser.,translate ui/ux designs into functional responsive web pages using html css and javascript. build and maintain user interfaces using frameworks like react angular or vue. optimize applications for speed and cross-browser compatibility.,bs in cs. expertise in javascript html5 css3 and modern js frameworks.,139,https://www.kaggle.com/datasets/shivamashokgupta/job-description
JD0140,backend engineer a software engineer specializing in the server-side the database servers and apis that power the application behind the scenes. build and maintain server-side applications and business logic. design and manage databases sql or nosql . create and maintain scalable apis for the frontend to consume. manage application security and data protection. bs in cs. expertise in backend languages e.g. java python node.js go and database design.,"Engineering, Manufacturing & Technology",Software,Backend Engineer,a software engineer specializing in the server-side the database servers and apis that power the application behind the scenes.,build and maintain server-side applications and business logic. design and manage databases sql or nosql . create and maintain scalable apis for the frontend to consume. manage application security and data protection.,bs in cs. expertise in backend languages e.g. java python node.js go and database design.,140,https://www.kaggle.com/datasets/shivamashokgupta/job-description
JD0141,full-stack engineer an engineer who is comfortable working on both the frontend client-side and backend server-side parts of an application. design and build complete web applications from end to end. manage database server api and client-side ui. work across the entire software stack to solve problems. bs in cs. proficiency in both frontend js framework and backend e.g. node.js python technologies.,"Engineering, Manufacturing & Technology",Software,Full-Stack Engineer,an engineer who is comfortable working on both the frontend client-side and backend server-side parts of an application.,design and build complete web applications from end to end. manage database server api and client-side ui. work across the entire software stack to solve problems.,bs in cs. proficiency in both frontend js framework and backend e.g. node.js python technologies.,141,https://www.kaggle.com/datasets/shivamashokgupta/job-description
JD0142,devops engineer an engineering role that bridges software development dev and it operations ops focusing on automating the software build test and deployment pipeline. build and manage ci/cd continuous integration/continuous deployment pipelines. manage cloud infrastructure as code iac using tools like terraform. implement application monitoring and alerting systems. bs in cs or it. skills in scripting bash python cloud platforms aws azure and ci/cd tools jenkins gitlab .,"Engineering, Manufacturing & Technology",Software,DevOps Engineer,an engineering role that bridges software development dev and it operations ops focusing on automating the software build test and deployment pipeline.,build and manage ci/cd continuous integration/continuous deployment pipelines. manage cloud infrastructure as code iac using tools like terraform. implement application monitoring and alerting systems.,bs in cs or it. skills in scripting bash python cloud platforms aws azure and ci/cd tools jenkins gitlab .,142,https://www.kaggle.com/datasets/shivamashokgupta/job-description
JD0143,site reliability engineer sre a specialized devops role originating at google that treats operations problems as software problems. focuses on reliability scalability and performance. define and measure service level objectives slos and error budgets. automate incident response and operations tasks. conduct blameless postmortems to analyze failures. focus on making systems more scalable and resilient. bs in cs. strong software engineering and systems administration skills.,"Engineering, Manufacturing & Technology",Software,Site Reliability Engineer (SRE),a specialized devops role originating at google that treats operations problems as software problems. focuses on reliability scalability and performance.,define and measure service level objectives slos and error budgets. automate incident response and operations tasks. conduct blameless postmortems to analyze failures. focus on making systems more scalable and resilient.,bs in cs. strong software engineering and systems administration skills.,143,https://www.kaggle.com/datasets/shivamashokgupta/job-description
JD0144,embedded software engineer a software engineer who writes low-level code that runs on hardware directly rather than on a traditional os. this is code for embedded systems like microwaves cars or iot devices. write and debug code in c or c++ for microcontrollers. work directly with hardware reading datasheets and schematics. optimize code for speed memory and power constraints. also known as firmware engineer. bs in computer engineering ee or cs. strong c/c++ skills and understanding of computer architecture.,"Engineering, Manufacturing & Technology",Software,Embedded Software Engineer,a software engineer who writes low-level code that runs on hardware directly rather than on a traditional os. this is code for embedded systems like microwaves cars or iot devices.,write and debug code in c or c++ for microcontrollers. work directly with hardware reading datasheets and schematics. optimize code for speed memory and power constraints. also known as firmware engineer.,bs in computer engineering ee or cs. strong c/c++ skills and understanding of computer architecture.,144,https://www.kaggle.com/datasets/shivamashokgupta/job-description
JD0145,mobile engineer ios/android a software engineer who specializes in building applications specifically for mobile operating systems. develop native applications for either ios using swift/objective-c or android using kotlin/java . integrate with mobile-specific features camera gps notifications . optimize apps for mobile performance and battery life. bs in cs. expertise in the specific mobile platform s sdk and development tools xcode android studio .,"Engineering, Manufacturing & Technology",Software,Mobile Engineer (iOS/Android),a software engineer who specializes in building applications specifically for mobile operating systems.,develop native applications for either ios using swift/objective-c or android using kotlin/java . integrate with mobile-specific features camera gps notifications . optimize apps for mobile performance and battery life.,bs in cs. expertise in the specific mobile platform s sdk and development tools xcode android studio .,145,https://www.kaggle.com/datasets/shivamashokgupta/job-description
JD0146,software architect a very senior engineer who makes high-level design choices for the entire software system defining standards platforms and technology stacks for other teams to follow. design the overall system architecture e.g. microservices vs. monolith . select the technology stack languages databases cloud services . define technical standards for coding apis and security. ensure the system is scalable reliable and maintainable. bs/ms in cs. 10-15+ years of experience as a senior software engineer.,"Engineering, Manufacturing & Technology",Software,Software Architect,a very senior engineer who makes high-level design choices for the entire software system defining standards platforms and technology stacks for other teams to follow.,design the overall system architecture e.g. microservices vs. monolith . select the technology stack languages databases cloud services . define technical standards for coding apis and security. ensure the system is scalable reliable and maintainable.,bs/ms in cs. 10-15+ years of experience as a senior software engineer.,146,https://www.kaggle.com/datasets/shivamashokgupta/job-description
JD0147,cloud engineer an it/engineering role focused on designing deploying and managing applications and infrastructure on cloud computing platforms aws azure gcp . design scalable and secure cloud infrastructure. migrate on-premise applications to the cloud. manage cloud services vms databases storage . monitor cloud spending and optimize costs. bs in cs or it. cloud certifications e.g. aws certified solutions architect are critical.,"Engineering, Manufacturing & Technology",Software,Cloud Engineer,an it/engineering role focused on designing deploying and managing applications and infrastructure on cloud computing platforms aws azure gcp .,design scalable and secure cloud infrastructure. migrate on-premise applications to the cloud. manage cloud services vms databases storage . monitor cloud spending and optimize costs.,bs in cs or it. cloud certifications e.g. aws certified solutions architect are critical.,147,https://www.kaggle.com/datasets/shivamashokgupta/job-description
JD0148,qa automation engineer a quality assurance qa engineer who writes code specifically to automate the testing process rather than testing manually. write automated test scripts using frameworks e.g. selenium cypress playwright . integrate automated tests into the ci/cd pipeline. identify log and track software bugs. develop and maintain the test automation framework. bs in cs or related. strong programming/scripting skills python javascript . detail-oriented and analytical mindset.,"Engineering, Manufacturing & Technology",Software,QA Automation Engineer,a quality assurance qa engineer who writes code specifically to automate the testing process rather than testing manually.,write automated test scripts using frameworks e.g. selenium cypress playwright . integrate automated tests into the ci/cd pipeline. identify log and track software bugs. develop and maintain the test automation framework.,bs in cs or related. strong programming/scripting skills python javascript . detail-oriented and analytical mindset.,148,https://www.kaggle.com/datasets/shivamashokgupta/job-description
JD0149,cybersecurity engineer an engineering role focused on designing and building systems that are resilient to cyber attacks. this is a builder role distinct from a security analyst a defender role . design secure network architectures firewalls vpns zero-trust . implement identity and access management iam solutions. write and review code for security vulnerabilities secure coding . build systems for encryption intrusion detection and data protection. bs in cs or cybersecurity. deep knowledge of networks protocols and encryption. security certs cissp ceh common.,"Engineering, Manufacturing & Technology",Software,Cybersecurity Engineer,an engineering role focused on designing and building systems that are resilient to cyber attacks. this is a builder role distinct from a security analyst a defender role .,design secure network architectures firewalls vpns zero-trust . implement identity and access management iam solutions. write and review code for security vulnerabilities secure coding . build systems for encryption intrusion detection and data protection.,bs in cs or cybersecurity. deep knowledge of networks protocols and encryption. security certs cissp ceh common.,149,https://www.kaggle.com/datasets/shivamashokgupta/job-description
JD0150,computer hardware engineer researches designs develops and tests computer systems and components such as processors circuit boards memory devices and routers. design computer hardware components e.g. motherboards processors . test prototypes and validate hardware performance. integrate components into computer systems. stay current with new hardware technologies e.g. next-gen memory . bs in computer engineering or bsee.,"Engineering, Manufacturing & Technology",Computer H/W,Computer Hardware Engineer,researches designs develops and tests computer systems and components such as processors circuit boards memory devices and routers.,design computer hardware components e.g. motherboards processors . test prototypes and validate hardware performance. integrate components into computer systems. stay current with new hardware technologies e.g. next-gen memory .,bs in computer engineering or bsee.,150,https://www.kaggle.com/datasets/shivamashokgupta/job-description
JD0151,firmware engineer sits between hardware and software. writes the permanent software firmware that is programmed onto a hardware device s rom e.g. the code that boots a computer . write low-level c or assembly code for embedded systems. develop the code that initializes hardware on power-up bios/uefi . debug issues at the hardware/software boundary. bs in computer engineering compe or bsee.,"Engineering, Manufacturing & Technology",Computer H/W,Firmware Engineer,sits between hardware and software. writes the permanent software firmware that is programmed onto a hardware device s rom e.g. the code that boots a computer .,write low-level c or assembly code for embedded systems. develop the code that initializes hardware on power-up bios/uefi . debug issues at the hardware/software boundary.,bs in computer engineering compe or bsee.,151,https://www.kaggle.com/datasets/shivamashokgupta/job-description
JD0152,asic design engineer designs application-specific integrated circuits asics custom chips designed for one specific purpose e.g. a bitcoin miner chip a custom video codec chip . write hardware description language hdl code verilog or vhdl to define chip logic. simulate and verify the chip design before tape-out manufacturing . run logic synthesis and timing analysis. msee or ms in compe required. expertise in hdl verilog/vhdl and design tools e.g. synopsys cadence .,"Engineering, Manufacturing & Technology",Computer H/W,ASIC Design Engineer,designs application-specific integrated circuits asics custom chips designed for one specific purpose e.g. a bitcoin miner chip a custom video codec chip .,write hardware description language hdl code verilog or vhdl to define chip logic. simulate and verify the chip design before tape-out manufacturing . run logic synthesis and timing analysis.,msee or ms in compe required. expertise in hdl verilog/vhdl and design tools e.g. synopsys cadence .,152,https://www.kaggle.com/datasets/shivamashokgupta/job-description
JD0153,fpga design engineer designs logic for fpgas field-programmable gate arrays chips that can be re-programmed after manufacturing ideal for prototyping asics or for low-volume tasks. write verilog or vhdl code to define logic circuits. implement and test designs on fpga development boards. perform timing analysis and resource optimization for the fpga. bsee or bs in compe. expertise in hdl and fpga vendor tools e.g. xilinx vivado intel quartus .,"Engineering, Manufacturing & Technology",Computer H/W,FPGA Design Engineer,designs logic for fpgas field-programmable gate arrays chips that can be re-programmed after manufacturing ideal for prototyping asics or for low-volume tasks.,write verilog or vhdl code to define logic circuits. implement and test designs on fpga development boards. perform timing analysis and resource optimization for the fpga.,bsee or bs in compe. expertise in hdl and fpga vendor tools e.g. xilinx vivado intel quartus .,153,https://www.kaggle.com/datasets/shivamashokgupta/job-description
JD0154,vlsi engineer very large-scale integration. a broad term for engineers who design and manufacture extremely complex integrated circuits microchips with billions of transistors. can be a design role writing verilog or a physical layout role designing the transistor layout on the silicon wafer . focuses on chip fabrication processes. msee or phd required. deep knowledge of semiconductor physics and microelectronics.,"Engineering, Manufacturing & Technology",Computer H/W,VLSI Engineer,very large-scale integration. a broad term for engineers who design and manufacture extremely complex integrated circuits microchips with billions of transistors.,can be a design role writing verilog or a physical layout role designing the transistor layout on the silicon wafer . focuses on chip fabrication processes.,msee or phd required. deep knowledge of semiconductor physics and microelectronics.,154,https://www.kaggle.com/datasets/shivamashokgupta/job-description
JD0155,systems architect hardware a very senior hardware engineer who defines the high-level architecture of a complete hardware system e.g. a new server a smartphone . define the key components processor memory i/o and how they interconnect. make critical trade-offs between performance cost and power. create the system-level technical specification. ms or phd in compe/ee with 15+ years experience.,"Engineering, Manufacturing & Technology",Computer H/W,Systems Architect (Hardware),a very senior hardware engineer who defines the high-level architecture of a complete hardware system e.g. a new server a smartphone .,define the key components processor memory i/o and how they interconnect. make critical trade-offs between performance cost and power. create the system-level technical specification.,ms or phd in compe/ee with 15+ years experience.,155,https://www.kaggle.com/datasets/shivamashokgupta/job-description
JD0156,hardware validation engineer a post-design role. takes the physical hardware prototypes new chips or boards and runs rigorous tests to find bugs escapes from the design phase. develop test plans for new hardware. write test scripts often in python or c to stress the hardware. debug failures using complex lab equipment oscilloscopes logic analyzers . verify the hardware works across all temperatures and voltages. bsee or bs in compe. strong scripting python and lab debugging skills.,"Engineering, Manufacturing & Technology",Computer H/W,Hardware Validation Engineer,a post-design role. takes the physical hardware prototypes new chips or boards and runs rigorous tests to find bugs escapes from the design phase.,develop test plans for new hardware. write test scripts often in python or c to stress the hardware. debug failures using complex lab equipment oscilloscopes logic analyzers . verify the hardware works across all temperatures and voltages.,bsee or bs in compe. strong scripting python and lab debugging skills.,156,https://www.kaggle.com/datasets/shivamashokgupta/job-description
JD0157,network engineer an engineer who plans designs and implements the physical computer networks routers switches firewalls that allow computers to communicate. design logical and physical network layouts. configure and install routers switches and firewalls. monitor network performance and troubleshoot connectivity issues. implement network security policies. bs in it or compe. cisco certifications ccna ccnp are standard.,"Engineering, Manufacturing & Technology",Computer H/W,Network Engineer,an engineer who plans designs and implements the physical computer networks routers switches firewalls that allow computers to communicate.,design logical and physical network layouts. configure and install routers switches and firewalls. monitor network performance and troubleshoot connectivity issues. implement network security policies.,bs in it or compe. cisco certifications ccna ccnp are standard.,157,https://www.kaggle.com/datasets/shivamashokgupta/job-description
JD0158,chemical engineer uses principles of chemistry physics and math to design operate and optimize large-scale industrial processes that turn raw materials into valuable products. design chemical plant equipment reactors distillation columns . develop and optimize large-scale manufacturing processes. monitor process variables temperature pressure flow to ensure safety and quality. also known as a process engineer. bs in chemical engineering bsche .,"Engineering, Manufacturing & Technology",Chemical,Chemical Engineer,uses principles of chemistry physics and math to design operate and optimize large-scale industrial processes that turn raw materials into valuable products.,design chemical plant equipment reactors distillation columns . develop and optimize large-scale manufacturing processes. monitor process variables temperature pressure flow to ensure safety and quality. also known as a process engineer.,bs in chemical engineering bsche .,158,https://www.kaggle.com/datasets/shivamashokgupta/job-description
JD0159,senior chemical engineer leads process design projects manages plant optimization ensures process safety and mentors junior engineers in a manufacturing or energy plant. lead the design of new chemical production units. perform advanced process modeling and simulation e.g. aspen hysys . manage process safety psm and conduct risk assessments hazop . bsche or msche. 5-10+ years experience. pe license often required.,"Engineering, Manufacturing & Technology",Chemical,Senior Chemical Engineer,leads process design projects manages plant optimization ensures process safety and mentors junior engineers in a manufacturing or energy plant.,lead the design of new chemical production units. perform advanced process modeling and simulation e.g. aspen hysys . manage process safety psm and conduct risk assessments hazop .,bsche or msche. 5-10+ years experience. pe license often required.,159,https://www.kaggle.com/datasets/shivamashokgupta/job-description
JD0160,process safety engineer a specialized chemical engineer who focuses 100 on preventing chemical releases fires and explosions in industrial plants. lead process hazard analyses pha and hazop studies. ensure compliance with osha process safety management psm regulations. design safety systems e.g. relief valves shutdown systems . investigate industrial accidents and incidents. bsche. expertise in psm hazop and safety regulations.,"Engineering, Manufacturing & Technology",Chemical,Process Safety Engineer,a specialized chemical engineer who focuses 100 on preventing chemical releases fires and explosions in industrial plants.,lead process hazard analyses pha and hazop studies. ensure compliance with osha process safety management psm regulations. design safety systems e.g. relief valves shutdown systems . investigate industrial accidents and incidents.,bsche. expertise in psm hazop and safety regulations.,160,https://www.kaggle.com/datasets/shivamashokgupta/job-description
JD0161,polymer engineer a specialist in chemical or materials engineering who focuses on the design development and manufacturing of polymer-based products plastics rubbers fibers . develop new polymer formulations with specific properties. design manufacturing processes for polymers e.g. injection molding extrusion . test the mechanical and chemical properties of plastics. bs or ms in cheme materials science or polymer science.,"Engineering, Manufacturing & Technology",Chemical,Polymer Engineer,a specialist in chemical or materials engineering who focuses on the design development and manufacturing of polymer-based products plastics rubbers fibers .,develop new polymer formulations with specific properties. design manufacturing processes for polymers e.g. injection molding extrusion . test the mechanical and chemical properties of plastics.,bs or ms in cheme materials science or polymer science.,161,https://www.kaggle.com/datasets/shivamashokgupta/job-description
JD0162,materials scientist a research-focused role. studies the properties and structures of materials at the atomic level to understand why they behave as they do. conduct lab experiments on materials metals ceramics polymers . analyze material structures using microscopy sem tem . research and develop novel materials with new properties. focuses on the why science behind a material. ms or phd in materials science required.,"Engineering, Manufacturing & Technology",Materials,Materials Scientist,a research-focused role. studies the properties and structures of materials at the atomic level to understand why they behave as they do.,conduct lab experiments on materials metals ceramics polymers . analyze material structures using microscopy sem tem . research and develop novel materials with new properties. focuses on the why science behind a material.,ms or phd in materials science required.,162,https://www.kaggle.com/datasets/shivamashokgupta/job-description
JD0163,materials engineer an applied science role. selects the optimal existing material for a specific application or develops new materials to meet engineering specifications. select the best material metal composite ceramic for a product e.g. a jet engine blade . analyze material failure failure analysis . develop processes to manufacture materials with desired properties. focuses on the how application of a material. bs or ms in materials science engineering mse .,"Engineering, Manufacturing & Technology",Materials,Materials Engineer,an applied science role. selects the optimal existing material for a specific application or develops new materials to meet engineering specifications.,select the best material metal composite ceramic for a product e.g. a jet engine blade . analyze material failure failure analysis . develop processes to manufacture materials with desired properties. focuses on the how application of a material.,bs or ms in materials science engineering mse .,163,https://www.kaggle.com/datasets/shivamashokgupta/job-description
JD0164,metallurgical engineer a specialized materials engineer who focuses only on metals their extraction from ore processing alloying heat treating and properties. develop new metal alloys. design processes to extract metals from ore extractive metallurgy . analyze metal failure corrosion fatigue and microstructure. oversee heat treatment and finishing processes. bs in metallurgical engineering or mse.,"Engineering, Manufacturing & Technology",Materials,Metallurgical Engineer,a specialized materials engineer who focuses only on metals their extraction from ore processing alloying heat treating and properties.,develop new metal alloys. design processes to extract metals from ore extractive metallurgy . analyze metal failure corrosion fatigue and microstructure. oversee heat treatment and finishing processes.,bs in metallurgical engineering or mse.,164,https://www.kaggle.com/datasets/shivamashokgupta/job-description
JD0165,semiconductor process engineer a chemical or materials engineer who works in a fab semiconductor factory developing and controlling the complex chemical processes used to manufacture microchips. manage chemical processes like photolithography etching and chemical vapor deposition cvd . monitor process control data to maximize chip yield. troubleshoot fabrication and contamination issues. bs or ms in cheme mse or electrical engineering.,"Engineering, Manufacturing & Technology",Chemical,Semiconductor Process Engineer,a chemical or materials engineer who works in a fab semiconductor factory developing and controlling the complex chemical processes used to manufacture microchips.,manage chemical processes like photolithography etching and chemical vapor deposition cvd . monitor process control data to maximize chip yield. troubleshoot fabrication and contamination issues.,bs or ms in cheme mse or electrical engineering.,165,https://www.kaggle.com/datasets/shivamashokgupta/job-description
JD0166,quality engineer chemical a cheme who works in manufacturing to ensure that the final product e.g. chemicals pharmaceuticals plastics meets all quality standards and specifications. develop and implement quality control test procedures. use statistical process control spc to monitor production. investigate product failures and manage the capa corrective action process. host regulatory and customer audits. bs in chemical engineering. knowledge of six sigma iso 9001 and quality systems.,"Engineering, Manufacturing & Technology",Chemical,Quality Engineer (Chemical),a cheme who works in manufacturing to ensure that the final product e.g. chemicals pharmaceuticals plastics meets all quality standards and specifications.,develop and implement quality control test procedures. use statistical process control spc to monitor production. investigate product failures and manage the capa corrective action process. host regulatory and customer audits.,bs in chemical engineering. knowledge of six sigma iso 9001 and quality systems.,166,https://www.kaggle.com/datasets/shivamashokgupta/job-description
JD0167,validation engineer a specialist common in pharma/bme who formally proves and documents that equipment processes and systems work exactly as intended and meet all regulatory requirements. write and execute validation protocols iq/oq/pq - installation/operational/performance qualification . test manufacturing equipment and software to ensure they meet gmp/fda rules. create final validation summary reports for regulatory auditors. bs in engineering cheme bme me . extreme attention to detail and knowledge of fda/gmp regulations.,"Engineering, Manufacturing & Technology",Chemical,Validation Engineer,a specialist common in pharma/bme who formally proves and documents that equipment processes and systems work exactly as intended and meet all regulatory requirements.,write and execute validation protocols iq/oq/pq - installation/operational/performance qualification . test manufacturing equipment and software to ensure they meet gmp/fda rules. create final validation summary reports for regulatory auditors.,bs in engineering cheme bme me . extreme attention to detail and knowledge of fda/gmp regulations.,167,https://www.kaggle.com/datasets/shivamashokgupta/job-description
JD0168,aerospace engineer designs develops and tests aircraft spacecraft satellites and missiles. this field combines mechanical electrical and software principles for flight systems. design airframes wings and control surfaces. perform aerodynamic analysis and structural testing. integrate all subsystems propulsion avionics navigation into a working vehicle. bs in aerospace or mechanical engineering.,"Engineering, Manufacturing & Technology",Aerospace,Aerospace Engineer,designs develops and tests aircraft spacecraft satellites and missiles. this field combines mechanical electrical and software principles for flight systems.,design airframes wings and control surfaces. perform aerodynamic analysis and structural testing. integrate all subsystems propulsion avionics navigation into a working vehicle.,bs in aerospace or mechanical engineering.,168,https://www.kaggle.com/datasets/shivamashokgupta/job-description
JD0169,aerodynamics engineer a specialist aerospace engineer who focuses on how air or other fluids flows over a vehicle and the forces lift drag it creates. run complex computational fluid dynamics cfd simulations. conduct wind tunnel testing on scale models. optimize the shape of a vehicle plane car missile to reduce drag and maximize lift. ms or phd in aerospace engineering required. expertise in cfd software e.g. ansys fluent .,"Engineering, Manufacturing & Technology",Aerospace,Aerodynamics Engineer,a specialist aerospace engineer who focuses on how air or other fluids flows over a vehicle and the forces lift drag it creates.,run complex computational fluid dynamics cfd simulations. conduct wind tunnel testing on scale models. optimize the shape of a vehicle plane car missile to reduce drag and maximize lift.,ms or phd in aerospace engineering required. expertise in cfd software e.g. ansys fluent .,169,https://www.kaggle.com/datasets/shivamashokgupta/job-description
JD0170,propulsion engineer a specialist aerospace engineer who designs and tests the engines that create thrust such as jet engines rocket engines or ion thrusters. design engine components turbines nozzles combustion chambers . analyze engine performance fuel efficiency and thermodynamics. conduct hot-fire tests of rocket engines or jet engine ground tests. bs or ms in aerospace or mechanical engineering. expertise in thermodynamics and propulsion systems.,"Engineering, Manufacturing & Technology",Aerospace,Propulsion Engineer,a specialist aerospace engineer who designs and tests the engines that create thrust such as jet engines rocket engines or ion thrusters.,design engine components turbines nozzles combustion chambers . analyze engine performance fuel efficiency and thermodynamics. conduct hot-fire tests of rocket engines or jet engine ground tests.,bs or ms in aerospace or mechanical engineering. expertise in thermodynamics and propulsion systems.,170,https://www.kaggle.com/datasets/shivamashokgupta/job-description
JD0171,avionics engineer an electrical engineer who specializes in the electronic systems used on aircraft and spacecraft aviation electronics avionics . design and integrate communication navigation and flight control systems. manage the complex wiring harnesses and data buses of an aircraft. test and validate all electronic systems for reliability. bsee or bs in aerospace engineering.,"Engineering, Manufacturing & Technology",Aerospace,Avionics Engineer,an electrical engineer who specializes in the electronic systems used on aircraft and spacecraft aviation electronics avionics .,design and integrate communication navigation and flight control systems. manage the complex wiring harnesses and data buses of an aircraft. test and validate all electronic systems for reliability.,bsee or bs in aerospace engineering.,171,https://www.kaggle.com/datasets/shivamashokgupta/job-description
JD0172,flight test engineer an engineer who plans manages and executes the testing of new aircraft to verify they are safe and meet all design specifications. often flies on the test aircraft. create detailed flight test plans and data requirements. coordinate the test flight with pilots and ground control. analyze telemetry data collected during the flight. write the final test report certifying performance. bs in aerospace engineering. must pass a flight medical exam. requires strong nerves and communication skills.,"Engineering, Manufacturing & Technology",Aerospace,Flight Test Engineer,an engineer who plans manages and executes the testing of new aircraft to verify they are safe and meet all design specifications. often flies on the test aircraft.,create detailed flight test plans and data requirements. coordinate the test flight with pilots and ground control. analyze telemetry data collected during the flight. write the final test report certifying performance.,bs in aerospace engineering. must pass a flight medical exam. requires strong nerves and communication skills.,172,https://www.kaggle.com/datasets/shivamashokgupta/job-description
JD0173,spacecraft systems engineer a big picture engineer who ensures all the different subsystems of a satellite or spacecraft propulsion thermal power comms work together as a whole system. define subsystem requirements and interfaces. manage the spacecraft s budgets mass power data . oversee the full integration and testing i t of the spacecraft. plan mission operations. bs or ms in aerospace or systems engineering. broad knowledge of multiple engineering disciplines.,"Engineering, Manufacturing & Technology",Aerospace,Spacecraft Systems Engineer,a big picture engineer who ensures all the different subsystems of a satellite or spacecraft propulsion thermal power comms work together as a whole system.,define subsystem requirements and interfaces. manage the spacecraft s budgets mass power data . oversee the full integration and testing i t of the spacecraft. plan mission operations.,bs or ms in aerospace or systems engineering. broad knowledge of multiple engineering disciplines.,173,https://www.kaggle.com/datasets/shivamashokgupta/job-description
JD0174,structural analysis engineer a specialized me or aero engineer who uses finite element analysis fea to ensure the airframe of a plane or rocket is strong and light enough. build complex fea models of aerospace components. analyze structures for stress strain fatigue and vibration. optimize designs to reduce weight while maintaining safety factors. correlate analysis models with physical test data. ms in me or aerospace preferred. expertise in fea software e.g. nastran abaqus .,"Engineering, Manufacturing & Technology",Aerospace,Structural Analysis Engineer,a specialized me or aero engineer who uses finite element analysis fea to ensure the airframe of a plane or rocket is strong and light enough.,build complex fea models of aerospace components. analyze structures for stress strain fatigue and vibration. optimize designs to reduce weight while maintaining safety factors. correlate analysis models with physical test data.,ms in me or aerospace preferred. expertise in fea software e.g. nastran abaqus .,174,https://www.kaggle.com/datasets/shivamashokgupta/job-description
JD0175,gnc engineer a guidance navigation and control engineer. designs the brain of an autonomous vehicle satellite missile drone that allows it to steer itself. design control loop algorithms e.g. for an autopilot . model the vehicle s dynamics and simulate its flight behavior. implement navigation systems using gps ins and star trackers. msee msme or msae required. expertise in control theory dynamics and matlab/simulink.,"Engineering, Manufacturing & Technology",Aerospace,GNC Engineer,a guidance navigation and control engineer. designs the brain of an autonomous vehicle satellite missile drone that allows it to steer itself.,design control loop algorithms e.g. for an autopilot . model the vehicle s dynamics and simulate its flight behavior. implement navigation systems using gps ins and star trackers.,msee msme or msae required. expertise in control theory dynamics and matlab/simulink.,175,https://www.kaggle.com/datasets/shivamashokgupta/job-description
JD0176,biomedical engineer bme applies engineering principles to biology and medicine to design solutions for healthcare such as medical devices diagnostics and therapeutics. design and test medical devices e.g. glucose monitors surgical tools . research new biological materials or diagnostic methods. ensure all products comply with fda regulations. bs or ms in biomedical engineering bme .,"Engineering, Manufacturing & Technology",Biomedical,Biomedical Engineer (BME),applies engineering principles to biology and medicine to design solutions for healthcare such as medical devices diagnostics and therapeutics.,design and test medical devices e.g. glucose monitors surgical tools . research new biological materials or diagnostic methods. ensure all products comply with fda regulations.,bs or ms in biomedical engineering bme .,176,https://www.kaggle.com/datasets/shivamashokgupta/job-description
JD0177,medical device engineer a bme or me who focuses specifically on the design and development of mechanical or electromechanical medical devices like pacemakers infusion pumps or prosthetic limbs. design components for medical devices using cad. select biocompatible materials suitable for use in the human body. manage the product development process through fda approval stages. bs in bme or me. knowledge of fda regulations design controls and iso 13485.,"Engineering, Manufacturing & Technology",Biomedical,Medical Device Engineer,a bme or me who focuses specifically on the design and development of mechanical or electromechanical medical devices like pacemakers infusion pumps or prosthetic limbs.,design components for medical devices using cad. select biocompatible materials suitable for use in the human body. manage the product development process through fda approval stages.,bs in bme or me. knowledge of fda regulations design controls and iso 13485.,177,https://www.kaggle.com/datasets/shivamashokgupta/job-description
JD0178,clinical engineer a bme who works inside a hospital. they advise on the selection manage the maintenance and ensure the safe operation of all medical technology within the hospital. evaluate and recommend new medical equipment purchases e.g. mri machines . manage the hospital s medical device inventory and maintenance program. train clinical staff doctors nurses on the safe use of equipment. ensure all devices comply with healthcare safety standards. bs or ms in bme. often holds a cce certified clinical engineer certification.,"Engineering, Manufacturing & Technology",Biomedical,Clinical Engineer,a bme who works inside a hospital. they advise on the selection manage the maintenance and ensure the safe operation of all medical technology within the hospital.,evaluate and recommend new medical equipment purchases e.g. mri machines . manage the hospital s medical device inventory and maintenance program. train clinical staff doctors nurses on the safe use of equipment. ensure all devices comply with healthcare safety standards.,bs or ms in bme. often holds a cce certified clinical engineer certification.,178,https://www.kaggle.com/datasets/shivamashokgupta/job-description
JD0179,biomechanical engineer a specialist who applies classical mechanics to biological systems. they study the motion and structure of human bodies organs and cells. design and test prosthetic limbs and artificial joints orthopedics . analyze human movement gait analysis for sports or rehabilitation. model the mechanics of human tissue e.g. arteries bone . ms or phd in bme or me biomechanics focus required.,"Engineering, Manufacturing & Technology",Biomedical,Biomechanical Engineer,a specialist who applies classical mechanics to biological systems. they study the motion and structure of human bodies organs and cells.,design and test prosthetic limbs and artificial joints orthopedics . analyze human movement gait analysis for sports or rehabilitation. model the mechanics of human tissue e.g. arteries bone .,ms or phd in bme or me biomechanics focus required.,179,https://www.kaggle.com/datasets/shivamashokgupta/job-description
JD0180,tissue engineer a research-focused role at the intersection of bme biology and materials science. designs scaffolds and processes to grow or repair human tissues. develop biocompatible scaffolds that cells can grow on. design bioreactors to culture artificial tissues or organs. research and apply stem cell therapies for regeneration. phd in bme or chemical engineering required. highly advanced research field .,"Engineering, Manufacturing & Technology",Biomedical,Tissue Engineer,a research-focused role at the intersection of bme biology and materials science. designs scaffolds and processes to grow or repair human tissues.,develop biocompatible scaffolds that cells can grow on. design bioreactors to culture artificial tissues or organs. research and apply stem cell therapies for regeneration.,phd in bme or chemical engineering required. highly advanced research field .,180,https://www.kaggle.com/datasets/shivamashokgupta/job-description
JD0181,bme quality engineer a bme who ensures that medical devices are designed and manufactured in full compliance with fda regulations and quality standards iso 13485 . manage the design history file dhf required by the fda. conduct risk analysis fmea on device designs. handle the capa corrective and preventive action process. oversee all testing and validation to prove the device is safe and effective. bs in bme or related engineering field. expertise in fda 21 cfr 820 and iso 13485 regulations.,"Engineering, Manufacturing & Technology",Biomedical,BME Quality Engineer,a bme who ensures that medical devices are designed and manufactured in full compliance with fda regulations and quality standards iso 13485 .,manage the design history file dhf required by the fda. conduct risk analysis fmea on device designs. handle the capa corrective and preventive action process. oversee all testing and validation to prove the device is safe and effective.,bs in bme or related engineering field. expertise in fda 21 cfr 820 and iso 13485 regulations.,181,https://www.kaggle.com/datasets/shivamashokgupta/job-description
JD0182,regulatory affairs specialist an engineering-adjacent role often held by engineers responsible for managing the entire regulatory submission process to health agencies like the fda. prepare and submit all paperwork for fda approval e.g. 510 k pma submissions . act as the primary contact with regulatory agencies fda . interpret complex regulatory guidelines for the engineering team. bs or ms in bme/science. extreme attention to detail. rac regulatory affairs certification is highly valued.,"Engineering, Manufacturing & Technology",Biomedical,Regulatory Affairs Specialist,an engineering-adjacent role often held by engineers responsible for managing the entire regulatory submission process to health agencies like the fda.,prepare and submit all paperwork for fda approval e.g. 510 k pma submissions . act as the primary contact with regulatory agencies fda . interpret complex regulatory guidelines for the engineering team.,bs or ms in bme/science. extreme attention to detail. rac regulatory affairs certification is highly valued.,182,https://www.kaggle.com/datasets/shivamashokgupta/job-description
JD0183,industrial engineer ie an engineer focused on optimizing complex systems and processes to eliminate waste. they make processes faster safer more efficient and more cost-effective. analyze manufacturing or service processes to find bottlenecks. use statistical analysis and modeling to improve efficiency. design factory floor layouts for optimal workflow. implement lean manufacturing and six sigma principles. bs in industrial systems engineering ise .,"Engineering, Manufacturing & Technology",Industrial,Industrial Engineer (IE),an engineer focused on optimizing complex systems and processes to eliminate waste. they make processes faster safer more efficient and more cost-effective.,analyze manufacturing or service processes to find bottlenecks. use statistical analysis and modeling to improve efficiency. design factory floor layouts for optimal workflow. implement lean manufacturing and six sigma principles.,bs in industrial systems engineering ise .,183,https://www.kaggle.com/datasets/shivamashokgupta/job-description
JD0184,manufacturing engineer a hands-on engineer who develops and improves the physical manufacturing processes. they are the expert on the machinery and tools used to make a product. design and implement assembly lines and work cells. select and program manufacturing equipment e.g. cnc machines robots . troubleshoot daily production issues on the factory floor. write work instructions for assembly operators. bs in mechanical or industrial engineering.,"Engineering, Manufacturing & Technology",Manufacturing,Manufacturing Engineer,a hands-on engineer who develops and improves the physical manufacturing processes. they are the expert on the machinery and tools used to make a product.,design and implement assembly lines and work cells. select and program manufacturing equipment e.g. cnc machines robots . troubleshoot daily production issues on the factory floor. write work instructions for assembly operators.,bs in mechanical or industrial engineering.,184,https://www.kaggle.com/datasets/shivamashokgupta/job-description
JD0185,process engineer a general title used by cheme ie or me for an engineer who owns and optimizes a specific manufacturing process from start to finish. monitor process variables inputs outputs yield quality . use statistical process control spc to keep the process stable. drive continuous improvement projects to reduce cost or improve quality. bs in engineering cheme me ie . strong statistical and problem-solving skills.,"Engineering, Manufacturing & Technology",Manufacturing,Process Engineer,a general title used by cheme ie or me for an engineer who owns and optimizes a specific manufacturing process from start to finish.,monitor process variables inputs outputs yield quality . use statistical process control spc to keep the process stable. drive continuous improvement projects to reduce cost or improve quality.,bs in engineering cheme me ie . strong statistical and problem-solving skills.,185,https://www.kaggle.com/datasets/shivamashokgupta/job-description
JD0186,quality engineer qe an engineer who designs and manages the quality systems for a manufacturing plant focusing on preventing defects rather than just finding them. implement and manage the quality management system qms like iso 9001. use statistical tools spc gauge r r to analyze product/process quality. lead root cause analysis rca and implement corrective actions capa . manage supplier quality and audit suppliers. bs in engineering ie or me . six sigma green/black belt certification is common.,"Engineering, Manufacturing & Technology",Industrial,Quality Engineer (QE),an engineer who designs and manages the quality systems for a manufacturing plant focusing on preventing defects rather than just finding them.,implement and manage the quality management system qms like iso 9001. use statistical tools spc gauge r r to analyze product/process quality. lead root cause analysis rca and implement corrective actions capa . manage supplier quality and audit suppliers.,bs in engineering ie or me . six sigma green/black belt certification is common.,186,https://www.kaggle.com/datasets/shivamashokgupta/job-description
JD0187,quality assurance qa manager manages the entire quality department including qes and qc inspectors . responsible for overall product quality and regulatory compliance. lead the qa/qc team and department budget. serve as the primary host for all customer and regulatory audits. maintain the company s qms quality management system . report key quality metrics defect rates scrap to senior leadership. bs in engineering. 5+ years in a quality role. strong leadership and knowledge of quality standards.,"Engineering, Manufacturing & Technology",Industrial,Quality Assurance (QA) Manager,manages the entire quality department including qes and qc inspectors . responsible for overall product quality and regulatory compliance.,lead the qa/qc team and department budget. serve as the primary host for all customer and regulatory audits. maintain the company s qms quality management system . report key quality metrics defect rates scrap to senior leadership.,bs in engineering. 5+ years in a quality role. strong leadership and knowledge of quality standards.,187,https://www.kaggle.com/datasets/shivamashokgupta/job-description
JD0188,supply chain engineer an ie who applies engineering and data principles to optimize a company s entire supply chain from sourcing raw materials to final delivery. use data modeling to optimize inventory levels and warehouse locations. design packaging to reduce cost and damage. analyze transportation networks and logistics data. improve demand forecasting models. bs in industrial systems engineering.,"Engineering, Manufacturing & Technology",Industrial,Supply Chain Engineer,an ie who applies engineering and data principles to optimize a company s entire supply chain from sourcing raw materials to final delivery.,use data modeling to optimize inventory levels and warehouse locations. design packaging to reduce cost and damage. analyze transportation networks and logistics data. improve demand forecasting models.,bs in industrial systems engineering.,188,https://www.kaggle.com/datasets/shivamashokgupta/job-description
JD0189,systems engineer a high-level interdisciplinary engineer responsible for the integration and life-cycle management of large complex systems e.g. a defense system an airplane a software suite . define the requirements for the entire system. manage the interfaces between different engineering sub-teams. oversee the full integration and verification validation v v process. manage system requirements throughout the project lifecycle. bs or ms in engineering ie ee aero are common .,"Engineering, Manufacturing & Technology",Industrial,Systems Engineer,a high-level interdisciplinary engineer responsible for the integration and life-cycle management of large complex systems e.g. a defense system an airplane a software suite .,define the requirements for the entire system. manage the interfaces between different engineering sub-teams. oversee the full integration and verification validation v v process. manage system requirements throughout the project lifecycle.,bs or ms in engineering ie ee aero are common .,189,https://www.kaggle.com/datasets/shivamashokgupta/job-description
JD0190,logistics engineer an ie who designs and analyzes the physical systems for moving and storing goods including warehouse layouts material handling equipment and transportation networks. design and optimize warehouse layouts and picking processes. select material handling equipment conveyors agvs racking . analyze freight costs and optimize shipping routes. bs in industrial or supply chain engineering.,"Engineering, Manufacturing & Technology",Industrial,Logistics Engineer,an ie who designs and analyzes the physical systems for moving and storing goods including warehouse layouts material handling equipment and transportation networks.,design and optimize warehouse layouts and picking processes. select material handling equipment conveyors agvs racking . analyze freight costs and optimize shipping routes.,bs in industrial or supply chain engineering.,190,https://www.kaggle.com/datasets/shivamashokgupta/job-description
JD0191,human factors engineer also known as an ergonomics engineer. applies knowledge of human psychology and physiology to the design of products and systems to make them safer more comfortable and easier to use. design user interfaces physical or digital to be intuitive. design workstations to reduce repetitive stress injuries. conduct usability testing with real users. ensure products are safe and effective for human use. bs or ms in industrial engineering or cognitive psychology.,"Engineering, Manufacturing & Technology",Industrial,Human Factors Engineer,also known as an ergonomics engineer. applies knowledge of human psychology and physiology to the design of products and systems to make them safer more comfortable and easier to use.,design user interfaces physical or digital to be intuitive. design workstations to reduce repetitive stress injuries. conduct usability testing with real users. ensure products are safe and effective for human use.,bs or ms in industrial engineering or cognitive psychology.,191,https://www.kaggle.com/datasets/shivamashokgupta/job-description
JD0192,manufacturing plant manager the senior leader responsible for all operations within a single manufacturing plant. often an engineer by training. manage all aspects of plant operations production quality maintenance and logistics. responsible for the plant s p l budget and operational kpis. ensure a safe osha compliance and efficient work environment. lead continuous improvement and capital expenditure projects. bs in engineering me or ie + mba preferred. 10+ years of progressive manufacturing leadership.,"Engineering, Manufacturing & Technology",Manufacturing,Manufacturing Plant Manager,the senior leader responsible for all operations within a single manufacturing plant. often an engineer by training.,manage all aspects of plant operations production quality maintenance and logistics. responsible for the plant s p l budget and operational kpis. ensure a safe osha compliance and efficient work environment. lead continuous improvement and capital expenditure projects.,bs in engineering me or ie + mba preferred. 10+ years of progressive manufacturing leadership.,192,https://www.kaggle.com/datasets/shivamashokgupta/job-description
JD0193,environmental engineer uses principles of biology chemistry and engineering to solve environmental problems related to water air and land pollution. design water and wastewater treatment systems. develop systems for solid waste management and disposal. monitor air and water quality to ensure regulatory compliance epa . design pollution control systems e.g. smokestack scrubbers . bs in environmental civil or chemical engineering.,"Engineering, Manufacturing & Technology",Environmental,Environmental Engineer,uses principles of biology chemistry and engineering to solve environmental problems related to water air and land pollution.,design water and wastewater treatment systems. develop systems for solid waste management and disposal. monitor air and water quality to ensure regulatory compliance epa . design pollution control systems e.g. smokestack scrubbers .,bs in environmental civil or chemical engineering.,193,https://www.kaggle.com/datasets/shivamashokgupta/job-description
JD0194,remediation engineer a specialized environmental engineer who designs systems to clean up remediate contaminated soil and groundwater sites. investigate the extent of site contamination soil/water sampling . design cleanup strategies e.g. soil vapor extraction chemical oxidation . oversee the implementation of cleanup systems in the field. prepare reports for environmental regulatory agencies epa . bs or ms in environmental or chemical engineering.,"Engineering, Manufacturing & Technology",Environmental,Remediation Engineer,a specialized environmental engineer who designs systems to clean up remediate contaminated soil and groundwater sites.,investigate the extent of site contamination soil/water sampling . design cleanup strategies e.g. soil vapor extraction chemical oxidation . oversee the implementation of cleanup systems in the field. prepare reports for environmental regulatory agencies epa .,bs or ms in environmental or chemical engineering.,194,https://www.kaggle.com/datasets/shivamashokgupta/job-description
JD0195,petroleum engineer an engineer who designs and develops methods for extracting oil and gas from deposits below the earth s surface. design and implement drilling operations. select and manage drilling equipment and processes. oversee the completion of wells to make them ready for production. analyze geological data to find oil and gas reservoirs. bs in petroleum engineering.,"Engineering, Manufacturing & Technology",Petroleum,Petroleum Engineer,an engineer who designs and develops methods for extracting oil and gas from deposits below the earth s surface.,design and implement drilling operations. select and manage drilling equipment and processes. oversee the completion of wells to make them ready for production. analyze geological data to find oil and gas reservoirs.,bs in petroleum engineering.,195,https://www.kaggle.com/datasets/shivamashokgupta/job-description
JD0196,reservoir engineer a specialized petroleum engineer who estimates the size of an oil/gas reservoir and determines the optimal strategy to extract the maximum amount of product. use computer models to simulate reservoir fluid flow and pressure. forecast future production rates and total recoverable reserves. plan well placement and optimal extraction methods e.g. water flooding . bs or ms in petroleum or chemical engineering. strong simulation and data analysis skills.,"Engineering, Manufacturing & Technology",Petroleum,Reservoir Engineer,a specialized petroleum engineer who estimates the size of an oil/gas reservoir and determines the optimal strategy to extract the maximum amount of product.,use computer models to simulate reservoir fluid flow and pressure. forecast future production rates and total recoverable reserves. plan well placement and optimal extraction methods e.g. water flooding .,bs or ms in petroleum or chemical engineering. strong simulation and data analysis skills.,196,https://www.kaggle.com/datasets/shivamashokgupta/job-description
JD0197,drilling engineer the primary project manager for drilling a well. they design the well path and manage the complex high-cost drilling operation safely. design the well casing and select the drilling fluid mud . manage the on-site drilling rig operations and budget. solve real-time technical drilling problems e.g. high pressure equipment failure . bs in petroleum or mechanical engineering. often works in remote on-site rotational shifts.,"Engineering, Manufacturing & Technology",Petroleum,Drilling Engineer,the primary project manager for drilling a well. they design the well path and manage the complex high-cost drilling operation safely.,design the well casing and select the drilling fluid mud . manage the on-site drilling rig operations and budget. solve real-time technical drilling problems e.g. high pressure equipment failure .,bs in petroleum or mechanical engineering. often works in remote on-site rotational shifts.,197,https://www.kaggle.com/datasets/shivamashokgupta/job-description
JD0198,nuclear engineer researches and develops the processes instruments and systems used to derive benefits from nuclear energy and radiation. design and operate nuclear reactor cores and power plant systems. develop protocols for the safe handling and disposal of nuclear waste. ensure compliance with nrc nuclear regulatory commission safety rules. research nuclear fusion or medical applications of radiation. bs or ms in nuclear engineering. must be able to pass extensive background checks and security clearances.,"Engineering, Manufacturing & Technology",Nuclear,Nuclear Engineer,researches and develops the processes instruments and systems used to derive benefits from nuclear energy and radiation.,design and operate nuclear reactor cores and power plant systems. develop protocols for the safe handling and disposal of nuclear waste. ensure compliance with nrc nuclear regulatory commission safety rules. research nuclear fusion or medical applications of radiation.,bs or ms in nuclear engineering. must be able to pass extensive background checks and security clearances.,198,https://www.kaggle.com/datasets/shivamashokgupta/job-description
JD0199,solar energy systems engineer designs and oversees the installation of commercial-scale or utility-scale solar photovoltaic pv power systems. design solar array layouts and electrical configurations inverters wiring . perform production modeling using pvsyst to forecast energy output. select components and ensure all designs meet electrical code. coordinate utility interconnection. bsee or bs in renewable energy engineering. proficiency in pvsyst and autocad.,"Engineering, Manufacturing & Technology",Energy,Solar Energy Systems Engineer,designs and oversees the installation of commercial-scale or utility-scale solar photovoltaic pv power systems.,design solar array layouts and electrical configurations inverters wiring . perform production modeling using pvsyst to forecast energy output. select components and ensure all designs meet electrical code. coordinate utility interconnection.,bsee or bs in renewable energy engineering. proficiency in pvsyst and autocad.,199,https://www.kaggle.com/datasets/shivamashokgupta/job-description
JD0200,wind turbine engineer a specialized me or ee who designs wind turbine components blades gearbox or manages the operation and maintenance of wind farms. design and analyze turbine blades generators and control systems. analyze wind data to select optimal turbine sites. manage the on-site operations and maintenance of a wind farm. bs in me or ee. strong skills in mechanics power systems and data analysis.,"Engineering, Manufacturing & Technology",Energy,Wind Turbine Engineer,a specialized me or ee who designs wind turbine components blades gearbox or manages the operation and maintenance of wind farms.,design and analyze turbine blades generators and control systems. analyze wind data to select optimal turbine sites. manage the on-site operations and maintenance of a wind farm.,bs in me or ee. strong skills in mechanics power systems and data analysis.,200,https://www.kaggle.com/datasets/shivamashokgupta/job-description
JD0201,agricultural engineer applies engineering principles mechanical civil chemical to the challenges of agriculture and food production. design agricultural machinery tractors harvesters . design irrigation drainage and erosion control systems. design food processing plants and storage structures silos barns . bs in agricultural engineering or mechanical engineering.,"Engineering, Manufacturing & Technology",Agricultural,Agricultural Engineer,applies engineering principles mechanical civil chemical to the challenges of agriculture and food production.,design agricultural machinery tractors harvesters . design irrigation drainage and erosion control systems. design food processing plants and storage structures silos barns .,bs in agricultural engineering or mechanical engineering.,201,https://www.kaggle.com/datasets/shivamashokgupta/job-description
JD0202,marine engineer an engineer responsible for the design operation and maintenance of the mechanical systems on a ship such as propulsion power and hvac. design and manage a ship s engines generators and hvac systems. work aboard ships managing the engine room chief engineer . oversee maintenance and repair of all onboard machinery. bs in marine engineering. often requires a us coast guard license merchant mariner credential .,"Engineering, Manufacturing & Technology",Marine,Marine Engineer,an engineer responsible for the design operation and maintenance of the mechanical systems on a ship such as propulsion power and hvac.,design and manage a ship s engines generators and hvac systems. work aboard ships managing the engine room chief engineer . oversee maintenance and repair of all onboard machinery.,bs in marine engineering. often requires a us coast guard license merchant mariner credential .,202,https://www.kaggle.com/datasets/shivamashokgupta/job-description
JD0203,naval architect the engineer who designs the actual ship its hull form and structure. they focus on hydrodynamics stability and structural integrity. design the hull shape to optimize speed and stability. analyze the ship s structural strength against wave forces. ensure the ship meets all maritime safety regulations. focuses on the ship s design while a marine engineer focuses on its internal machinery. bs or ms in naval architecture.,"Engineering, Manufacturing & Technology",Marine,Naval Architect,the engineer who designs the actual ship its hull form and structure. they focus on hydrodynamics stability and structural integrity.,design the hull shape to optimize speed and stability. analyze the ship s structural strength against wave forces. ensure the ship meets all maritime safety regulations. focuses on the ship s design while a marine engineer focuses on its internal machinery.,bs or ms in naval architecture.,203,https://www.kaggle.com/datasets/shivamashokgupta/job-description
JD0204,optical engineer a physics/engineering specialist who designs optical components and systems such as lenses lasers telescopes fiber optics and camera systems. design lens assemblies and optical instruments using software e.g. zemax . develop and test lasers and fiber optic communication systems. design illumination and imaging systems for machine vision. ms or phd in optical engineering or physics required.,"Engineering, Manufacturing & Technology",Specialized,Optical Engineer,a physics/engineering specialist who designs optical components and systems such as lenses lasers telescopes fiber optics and camera systems.,design lens assemblies and optical instruments using software e.g. zemax . develop and test lasers and fiber optic communication systems. design illumination and imaging systems for machine vision.,ms or phd in optical engineering or physics required.,204,https://www.kaggle.com/datasets/shivamashokgupta/job-description
JD0205,acoustical engineer an engineer often me who specializes in the science of sound and vibration. they work to control noise improve sound quality or use sound for analysis. design building interiors theaters concert halls for optimal sound. design solutions to reduce noise from machinery highways or aircraft. work on audio products speakers microphones . bs or ms in me or physics acoustics focus .,"Engineering, Manufacturing & Technology",Specialized,Acoustical Engineer,an engineer often me who specializes in the science of sound and vibration. they work to control noise improve sound quality or use sound for analysis.,design building interiors theaters concert halls for optimal sound. design solutions to reduce noise from machinery highways or aircraft. work on audio products speakers microphones .,bs or ms in me or physics acoustics focus .,205,https://www.kaggle.com/datasets/shivamashokgupta/job-description
JD0206,engineering project manager epm manages the schedule budget and scope of a specific engineering project coordinating between different engineering teams me ee sw and the client. develop and maintain the project schedule budget and resource plan. act as the primary point of communication for the project. identify and mitigate project risks. does not typically manage the engineers directly that is the functional manager . bs in engineering. pmp project management professional certification is highly valued.,"Consulting, Business & Operations",Management,Engineering Project Manager (EPM),manages the schedule budget and scope of a specific engineering project coordinating between different engineering teams me ee sw and the client.,develop and maintain the project schedule budget and resource plan. act as the primary point of communication for the project. identify and mitigate project risks. does not typically manage the engineers directly that is the functional manager .,bs in engineering. pmp project management professional certification is highly valued.,206,https://www.kaggle.com/datasets/shivamashokgupta/job-description
JD0207,director of engineering a senior executive who manages all engineering departments or functions. responsible for technical strategy team leadership budgeting and execution. manage the entire engineering department including all functional managers. develop the long-term technical roadmap for the company. hire mentor and lead the entire engineering team. responsible for the departmental budget and successful product delivery. bs or ms in engineering + mba often .,"Consulting, Business & Operations",Management,Director of Engineering,a senior executive who manages all engineering departments or functions. responsible for technical strategy team leadership budgeting and execution.,manage the entire engineering department including all functional managers. develop the long-term technical roadmap for the company. hire mentor and lead the entire engineering team. responsible for the departmental budget and successful product delivery.,bs or ms in engineering + mba often .,207,https://www.kaggle.com/datasets/shivamashokgupta/job-description
JD0208,general practitioner family doctor a primary care physician who provides comprehensive continuous healthcare for individuals and families serving as the first point of contact for a wide variety of medical issues. diagnose and treat acute illnesses e.g. infections injuries . manage chronic conditions e.g. diabetes hypertension . provide preventative care health screenings and immunizations. refer patients to medical specialists for further treatment. skills broad medical diagnostic skills communication empathy problem-solving. qualifications medical degree m.d. or d.o. completion of a family medicine residency and state medical license.,Healthcare & Life Sciences,Physician Care,General Practitioner (Family Doctor),a primary care physician who provides comprehensive continuous healthcare for individuals and families serving as the first point of contact for a wide variety of medical issues.,diagnose and treat acute illnesses e.g. infections injuries . manage chronic conditions e.g. diabetes hypertension . provide preventative care health screenings and immunizations. refer patients to medical specialists for further treatment.,skills broad medical diagnostic skills communication empathy problem-solving. qualifications medical degree m.d. or d.o. completion of a family medicine residency and state medical license.,208,https://www.kaggle.com/datasets/shivamashokgupta/job-description
JD0209,surgeon general a physician who performs a wide range of surgical operations often focusing on the abdominal area to treat diseases injuries and deformities. diagnose conditions that require surgical intervention. perform operations such as appendectomies hernia repairs and cholecystectomies. provide pre-operative and post-operative patient care. lead the surgical team in the operating room. skills exceptional manual dexterity stamina leadership decision-making under pressure. qualifications m.d. or d.o. 5-7 year general surgery residency state license and board certification.,Healthcare & Life Sciences,Physician Care (Specialist),Surgeon (General),a physician who performs a wide range of surgical operations often focusing on the abdominal area to treat diseases injuries and deformities.,diagnose conditions that require surgical intervention. perform operations such as appendectomies hernia repairs and cholecystectomies. provide pre-operative and post-operative patient care. lead the surgical team in the operating room.,skills exceptional manual dexterity stamina leadership decision-making under pressure. qualifications m.d. or d.o. 5-7 year general surgery residency state license and board certification.,209,https://www.kaggle.com/datasets/shivamashokgupta/job-description
JD0210,neurosurgeon a highly specialized physician who diagnoses and surgically treats disorders of the central and peripheral nervous system including the brain spinal cord and nerves. perform complex operations on the brain and spinal cord e.g. tumor removal aneurysm clipping spinal fusion . diagnose neurological conditions using mri ct scans and other tests. manage critical pre- and post-operative neurological care. skills elite precision and dexterity spatial reasoning intense focus problem-solving resilience. qualifications m.d. or d.o. 7-8 year neurosurgery residency state license board certification.,Healthcare & Life Sciences,Physician Care (Specialist),Neurosurgeon,a highly specialized physician who diagnoses and surgically treats disorders of the central and peripheral nervous system including the brain spinal cord and nerves.,perform complex operations on the brain and spinal cord e.g. tumor removal aneurysm clipping spinal fusion . diagnose neurological conditions using mri ct scans and other tests. manage critical pre- and post-operative neurological care.,skills elite precision and dexterity spatial reasoning intense focus problem-solving resilience. qualifications m.d. or d.o. 7-8 year neurosurgery residency state license board certification.,210,https://www.kaggle.com/datasets/shivamashokgupta/job-description
JD0211,anesthesiologist a physician responsible for administering anesthesia to patients before during and after surgical or medical procedures while monitoring vital signs and managing patient pain. evaluate patients pre-operatively to create an anesthetic plan. administer general regional or local anesthesia. monitor patient vital signs heart rate breathing blood pressure intra-operatively. manage patient pain and recovery immediately post-surgery in the pacu . skills deep knowledge of pharmacology vigilance critical thinking calmness under pressure. qualifications m.d. or d.o. anesthesiology residency state license board certification.,Healthcare & Life Sciences,Physician Care (Specialist),Anesthesiologist,a physician responsible for administering anesthesia to patients before during and after surgical or medical procedures while monitoring vital signs and managing patient pain.,evaluate patients pre-operatively to create an anesthetic plan. administer general regional or local anesthesia. monitor patient vital signs heart rate breathing blood pressure intra-operatively. manage patient pain and recovery immediately post-surgery in the pacu .,skills deep knowledge of pharmacology vigilance critical thinking calmness under pressure. qualifications m.d. or d.o. anesthesiology residency state license board certification.,211,https://www.kaggle.com/datasets/shivamashokgupta/job-description
JD0212,cardiologist non-invasive a physician who diagnoses and treats diseases of the heart and cardiovascular system using non-surgical methods such as medication diet and lifestyle changes. diagnose heart conditions using stress tests echocardiograms ecgs and monitors. prescribe medications to treat conditions like high blood pressure and high cholesterol. manage patients with chronic heart disease and heart failure. counsel patients on preventative heart health. skills advanced diagnostic interpretation pharmacology patient education analytical skills. qualifications m.d. or d.o. internal medicine residency followed by a cardiology fellowship board certification.,Healthcare & Life Sciences,Physician Care (Specialist),Cardiologist (Non-Invasive),a physician who diagnoses and treats diseases of the heart and cardiovascular system using non-surgical methods such as medication diet and lifestyle changes.,diagnose heart conditions using stress tests echocardiograms ecgs and monitors. prescribe medications to treat conditions like high blood pressure and high cholesterol. manage patients with chronic heart disease and heart failure. counsel patients on preventative heart health.,skills advanced diagnostic interpretation pharmacology patient education analytical skills. qualifications m.d. or d.o. internal medicine residency followed by a cardiology fellowship board certification.,212,https://www.kaggle.com/datasets/shivamashokgupta/job-description
JD0213,cardiologist interventional a cardiologist with additional training who performs catheter-based minimally invasive procedures to treat structural heart diseases such as blocked arteries. perform angioplasty and stent placements to open blocked coronary arteries. use catheters to repair heart valves e.g. tavr . diagnose blockages using cardiac catheterization angiograms . manage patient care before and after invasive procedures. skills high-level dexterity problem-solving spatial reasoning steady hands under pressure. qualifications m.d. or d.o. cardiology fellowship followed by an interventional cardiology fellowship board certification.,Healthcare & Life Sciences,Physician Care (Specialist),Cardiologist (Interventional),a cardiologist with additional training who performs catheter-based minimally invasive procedures to treat structural heart diseases such as blocked arteries.,perform angioplasty and stent placements to open blocked coronary arteries. use catheters to repair heart valves e.g. tavr . diagnose blockages using cardiac catheterization angiograms . manage patient care before and after invasive procedures.,skills high-level dexterity problem-solving spatial reasoning steady hands under pressure. qualifications m.d. or d.o. cardiology fellowship followed by an interventional cardiology fellowship board certification.,213,https://www.kaggle.com/datasets/shivamashokgupta/job-description
JD0214,radiologist a physician who specializes in diagnosing and treating diseases and injuries using medical imaging techniques such as x-rays ct scans mris and ultrasound. interpret and read diagnostic images from x-rays mris ct scans etc. write detailed reports of findings to provide diagnoses to other physicians. perform image-guided procedures e.g. biopsies draining fluids . consult with other physicians on appropriate imaging tests. skills exceptional visual detail analytical reasoning pattern recognition medical knowledge. qualifications m.d. or d.o. radiology residency often followed by a specialization fellowship state license.,Healthcare & Life Sciences,Physician Care (Specialist),Radiologist,a physician who specializes in diagnosing and treating diseases and injuries using medical imaging techniques such as x-rays ct scans mris and ultrasound.,interpret and read diagnostic images from x-rays mris ct scans etc. write detailed reports of findings to provide diagnoses to other physicians. perform image-guided procedures e.g. biopsies draining fluids . consult with other physicians on appropriate imaging tests.,skills exceptional visual detail analytical reasoning pattern recognition medical knowledge. qualifications m.d. or d.o. radiology residency often followed by a specialization fellowship state license.,214,https://www.kaggle.com/datasets/shivamashokgupta/job-description
JD0215,oncologist medical a physician who diagnoses and treats cancer using chemotherapy hormone therapy targeted therapy and immunotherapy. they are the main care coordinator for cancer patients. diagnose cancer and determine its stage. create comprehensive cancer treatment plans. administer and manage chemotherapy and immunotherapy infusions. coordinate care with surgical oncologists and radiation oncologists. manage patient symptoms and treatment side effects. skills deep knowledge of pharmacology empathy communication long-term patient management. qualifications m.d. or d.o. internal medicine residency followed by an oncology fellowship board certification.,Healthcare & Life Sciences,Physician Care (Specialist),Oncologist (Medical),a physician who diagnoses and treats cancer using chemotherapy hormone therapy targeted therapy and immunotherapy. they are the main care coordinator for cancer patients.,diagnose cancer and determine its stage. create comprehensive cancer treatment plans. administer and manage chemotherapy and immunotherapy infusions. coordinate care with surgical oncologists and radiation oncologists. manage patient symptoms and treatment side effects.,skills deep knowledge of pharmacology empathy communication long-term patient management. qualifications m.d. or d.o. internal medicine residency followed by an oncology fellowship board certification.,215,https://www.kaggle.com/datasets/shivamashokgupta/job-description
JD0216,pediatrician a physician specializing in the medical care of infants children and adolescents providing preventative care and treating common illnesses and injuries. conduct well-child check-ups monitoring growth and development. administer all scheduled immunizations. diagnose and treat common childhood illnesses colds infections rashes . advise parents on child nutrition safety and behavior. skills strong rapport with children communication with parents patience broad diagnostic skills. qualifications m.d. or d.o. pediatrics residency state license board certification.,Healthcare & Life Sciences,Physician Care (Specialist),Pediatrician,a physician specializing in the medical care of infants children and adolescents providing preventative care and treating common illnesses and injuries.,conduct well-child check-ups monitoring growth and development. administer all scheduled immunizations. diagnose and treat common childhood illnesses colds infections rashes . advise parents on child nutrition safety and behavior.,skills strong rapport with children communication with parents patience broad diagnostic skills. qualifications m.d. or d.o. pediatrics residency state license board certification.,216,https://www.kaggle.com/datasets/shivamashokgupta/job-description
JD0217,obstetrician-gynecologist ob/gyn a physician specializing in two areas obstetrics pregnancy childbirth and postpartum care and gynecology female reproductive health . provide prenatal care to pregnant women and deliver babies vaginally or via c-section . perform routine gynecological exams e.g. pap smears pelvic exams . diagnose and treat conditions of the female reproductive system. perform surgeries such as hysterectomies. skills stamina surgical skills communication empathy ability to work long/unpredictable hours. qualifications m.d. or d.o. ob/gyn residency state license board certification.,Healthcare & Life Sciences,Physician Care (Specialist),Obstetrician-Gynecologist (OB/GYN),a physician specializing in two areas obstetrics pregnancy childbirth and postpartum care and gynecology female reproductive health .,provide prenatal care to pregnant women and deliver babies vaginally or via c-section . perform routine gynecological exams e.g. pap smears pelvic exams . diagnose and treat conditions of the female reproductive system. perform surgeries such as hysterectomies.,skills stamina surgical skills communication empathy ability to work long/unpredictable hours. qualifications m.d. or d.o. ob/gyn residency state license board certification.,217,https://www.kaggle.com/datasets/shivamashokgupta/job-description
JD0218,dermatologist a physician who diagnoses and treats conditions related to the skin hair and nails from acne and eczema to skin cancer. diagnose and treat skin conditions e.g. acne psoriasis dermatitis . perform full-body skin cancer screenings. surgically remove skin cancers cysts and moles. perform cosmetic procedures e.g. botox fillers laser therapy . skills strong visual diagnosis knowledge of pathology precision surgical skills. qualifications m.d. or d.o. dermatology residency state license board certification.,Healthcare & Life Sciences,Physician Care (Specialist),Dermatologist,a physician who diagnoses and treats conditions related to the skin hair and nails from acne and eczema to skin cancer.,diagnose and treat skin conditions e.g. acne psoriasis dermatitis . perform full-body skin cancer screenings. surgically remove skin cancers cysts and moles. perform cosmetic procedures e.g. botox fillers laser therapy .,skills strong visual diagnosis knowledge of pathology precision surgical skills. qualifications m.d. or d.o. dermatology residency state license board certification.,218,https://www.kaggle.com/datasets/shivamashokgupta/job-description
JD0219,hospitalist a physician typically trained in internal medicine whose primary professional focus is the general medical care of hospitalized patients. they work exclusively inside the hospital. admit patients from the emergency department. manage and coordinate the entire course of a patient s hospital stay. collaborate with specialists and surgeons involved in the patient s care. discharge patients coordinating follow-up with their primary care doctor. skills broad diagnostic skills care coordination multitasking communication efficiency. qualifications m.d. or d.o. internal medicine or family medicine residency board certification.,Healthcare & Life Sciences,Physician Care (Specialist),Hospitalist,a physician typically trained in internal medicine whose primary professional focus is the general medical care of hospitalized patients. they work exclusively inside the hospital.,admit patients from the emergency department. manage and coordinate the entire course of a patient s hospital stay. collaborate with specialists and surgeons involved in the patient s care. discharge patients coordinating follow-up with their primary care doctor.,skills broad diagnostic skills care coordination multitasking communication efficiency. qualifications m.d. or d.o. internal medicine or family medicine residency board certification.,219,https://www.kaggle.com/datasets/shivamashokgupta/job-description
JD0220,pathologist a physician who examines tissues organs bodily fluids and autopsies to identify and diagnose diseases. they are the doctor s doctor who provides the definitive diagnosis. diagnose diseases by examining tissue samples biopsies under a microscope. oversee clinical laboratories blood banks microbiology chemistry labs . analyze lab test results and ensure quality control. perform autopsies to determine the cause of death. skills expert diagnostic and analytical skills pattern recognition attention to detail laboratory management. qualifications m.d. or d.o. pathology residency state license board certification.,Healthcare & Life Sciences,Physician Care (Specialist),Pathologist,a physician who examines tissues organs bodily fluids and autopsies to identify and diagnose diseases. they are the doctor s doctor who provides the definitive diagnosis.,diagnose diseases by examining tissue samples biopsies under a microscope. oversee clinical laboratories blood banks microbiology chemistry labs . analyze lab test results and ensure quality control. perform autopsies to determine the cause of death.,skills expert diagnostic and analytical skills pattern recognition attention to detail laboratory management. qualifications m.d. or d.o. pathology residency state license board certification.,220,https://www.kaggle.com/datasets/shivamashokgupta/job-description
JD0221,nephrologist a physician specializing in diseases of the kidney. they manage patients with chronic kidney disease acute kidney failure and those requiring dialysis. diagnose and manage acute and chronic kidney disease. manage patient care during dialysis treatments. treat kidney stones hypertension related to kidney disease and electrolyte imbalances. oversee patients post-kidney transplant. skills deep knowledge of physiology and internal medicine long-term patient management. qualifications m.d. or d.o. internal medicine residency followed by a nephrology fellowship board certification.,Healthcare & Life Sciences,Physician Care (Specialist),Nephrologist,a physician specializing in diseases of the kidney. they manage patients with chronic kidney disease acute kidney failure and those requiring dialysis.,diagnose and manage acute and chronic kidney disease. manage patient care during dialysis treatments. treat kidney stones hypertension related to kidney disease and electrolyte imbalances. oversee patients post-kidney transplant.,skills deep knowledge of physiology and internal medicine long-term patient management. qualifications m.d. or d.o. internal medicine residency followed by a nephrology fellowship board certification.,221,https://www.kaggle.com/datasets/shivamashokgupta/job-description
JD0222,endocrinologist a physician specializing in the endocrine system the glands and hormones of the body. they primarily treat metabolic disorders like diabetes thyroid disease and osteoporosis. diagnose and manage type 1 and type 2 diabetes medication insulin pumps . treat thyroid disorders hyper/hypothyroidism thyroid cancer . manage metabolic and bone disorders e.g. osteoporosis pituitary disorders . treat hormonal imbalances and infertility issues. skills complex problem-solving deep knowledge of physiology and biochemistry patient education. qualifications m.d. or d.o. internal medicine residency followed by an endocrinology fellowship board certification.,Healthcare & Life Sciences,Physician Care (Specialist),Endocrinologist,a physician specializing in the endocrine system the glands and hormones of the body. they primarily treat metabolic disorders like diabetes thyroid disease and osteoporosis.,diagnose and manage type 1 and type 2 diabetes medication insulin pumps . treat thyroid disorders hyper/hypothyroidism thyroid cancer . manage metabolic and bone disorders e.g. osteoporosis pituitary disorders . treat hormonal imbalances and infertility issues.,skills complex problem-solving deep knowledge of physiology and biochemistry patient education. qualifications m.d. or d.o. internal medicine residency followed by an endocrinology fellowship board certification.,222,https://www.kaggle.com/datasets/shivamashokgupta/job-description
JD0223,nurse practitioner np an advanced practice registered nurse aprn with a master s or doctoral degree. nps are trained in a patient-centered holistic model and can diagnose illnesses manage treatment plans and prescribe medication. perform comprehensive physical examinations and take patient histories. order perform and interpret diagnostic tests. diagnose acute and chronic illnesses and prescribe medications. manage a patient s overall care often as a primary care provider . skills advanced diagnostics pharmacology patient counseling holistic care approach. qualifications msn or dnp degree active rn license and national np certification in a specialty e.g. fnp agnp . scope of practice varies by state.,Healthcare & Life Sciences,Advanced Practice,Nurse Practitioner (NP),an advanced practice registered nurse aprn with a master s or doctoral degree. nps are trained in a patient-centered holistic model and can diagnose illnesses manage treatment plans and prescribe medication.,perform comprehensive physical examinations and take patient histories. order perform and interpret diagnostic tests. diagnose acute and chronic illnesses and prescribe medications. manage a patient s overall care often as a primary care provider .,skills advanced diagnostics pharmacology patient counseling holistic care approach. qualifications msn or dnp degree active rn license and national np certification in a specialty e.g. fnp agnp . scope of practice varies by state.,223,https://www.kaggle.com/datasets/shivamashokgupta/job-description
JD0224,physician assistant pa a licensed medical professional with an advanced degree who works collaboratively with physicians. pas are trained in a medical disease-focused model to diagnose treat and prescribe. take detailed patient histories and perform physical exams. diagnose and treat illnesses develop treatment plans. prescribe medications. assist in surgeries a common specialty for pas . must work under the supervision or in collaboration with a physician md/do . skills broad medical knowledge diagnostic skills adaptability collaboration procedural skills. qualifications master s degree from an accredited pa program must pass the pance certifying exam and hold a state license.,Healthcare & Life Sciences,Advanced Practice,Physician Assistant (PA),a licensed medical professional with an advanced degree who works collaboratively with physicians. pas are trained in a medical disease-focused model to diagnose treat and prescribe.,take detailed patient histories and perform physical exams. diagnose and treat illnesses develop treatment plans. prescribe medications. assist in surgeries a common specialty for pas . must work under the supervision or in collaboration with a physician md/do .,skills broad medical knowledge diagnostic skills adaptability collaboration procedural skills. qualifications master s degree from an accredited pa program must pass the pance certifying exam and hold a state license.,224,https://www.kaggle.com/datasets/shivamashokgupta/job-description
JD0225,certified registered nurse anesthetist crna an aprn with specialized training in anesthesia. crnas administer anesthesia and related care before during and after procedures with a similar scope to an anesthesiologist. perform pre-anesthesia patient assessments. administer all forms of anesthesia general regional spinal . monitor patient vital signs and manage airways during surgery. provide post-anesthesia care and pain management. skills deep pharmacology knowledge critical care expertise vigilance crisis management. qualifications msn or dnp prior critical care icu nursing experience crna program graduation and national certification.,Healthcare & Life Sciences,Advanced Practice,Certified Registered Nurse Anesthetist (CRNA),an aprn with specialized training in anesthesia. crnas administer anesthesia and related care before during and after procedures with a similar scope to an anesthesiologist.,perform pre-anesthesia patient assessments. administer all forms of anesthesia general regional spinal . monitor patient vital signs and manage airways during surgery. provide post-anesthesia care and pain management.,skills deep pharmacology knowledge critical care expertise vigilance crisis management. qualifications msn or dnp prior critical care icu nursing experience crna program graduation and national certification.,225,https://www.kaggle.com/datasets/shivamashokgupta/job-description
JD0226,certified nurse-midwife cnm an aprn specializing in women s reproductive health and childbirth. they provide comprehensive care to women before during and after pregnancy focusing on low-intervention and holistic approaches. provide gynecological exams and family planning services. manage prenatal care throughout pregnancy. manage the labor and delivery process for low-risk pregnancies . provide postpartum and newborn care. skills expertise in childbirth patient coaching empathy clinical assessment. qualifications msn or dnp active rn license graduation from a certified midwifery program and national certification amcb .,Healthcare & Life Sciences,Advanced Practice,Certified Nurse-Midwife (CNM),an aprn specializing in women s reproductive health and childbirth. they provide comprehensive care to women before during and after pregnancy focusing on low-intervention and holistic approaches.,provide gynecological exams and family planning services. manage prenatal care throughout pregnancy. manage the labor and delivery process for low-risk pregnancies . provide postpartum and newborn care.,skills expertise in childbirth patient coaching empathy clinical assessment. qualifications msn or dnp active rn license graduation from a certified midwifery program and national certification amcb .,226,https://www.kaggle.com/datasets/shivamashokgupta/job-description
JD0227,clinical nurse specialist cns an aprn focused on improving patient outcomes and nursing practice within a specific specialty e.g. oncology pediatrics . they are expert consultants educators and researchers. provide expert clinical care to complex patients within their specialty. educate and mentor other nurses and nursing staff on best practices. lead evidence-based practice initiatives and quality improvement projects. conduct nursing research and develop patient care policies. skills clinical expertise leadership mentoring research systems-thinking. qualifications msn or dnp active rn license and national cns certification.,Healthcare & Life Sciences,Advanced Practice,Clinical Nurse Specialist (CNS),an aprn focused on improving patient outcomes and nursing practice within a specific specialty e.g. oncology pediatrics . they are expert consultants educators and researchers.,provide expert clinical care to complex patients within their specialty. educate and mentor other nurses and nursing staff on best practices. lead evidence-based practice initiatives and quality improvement projects. conduct nursing research and develop patient care policies.,skills clinical expertise leadership mentoring research systems-thinking. qualifications msn or dnp active rn license and national cns certification.,227,https://www.kaggle.com/datasets/shivamashokgupta/job-description
JD0228,registered nurse rn - med/surg the foundational rn role providing direct care to a diverse range of adult patients who are acutely ill recovering from surgery or managing chronic conditions in a hospital setting. assess patient conditions and monitor vital signs. administer medications and iv fluids. perform wound care and manage post-operative drains. educate patients and families on disease management and discharge instructions. coordinate care with physicians therapists and other staff. skills clinical assessment time management multitasking patient education teamwork. qualifications associate s degree in nursing adn or bachelor of science in nursing bsn must pass nclex-rn exam and hold a state license.,Healthcare & Life Sciences,Nursing (Registered),Registered Nurse (RN) - Med/Surg,the foundational rn role providing direct care to a diverse range of adult patients who are acutely ill recovering from surgery or managing chronic conditions in a hospital setting.,assess patient conditions and monitor vital signs. administer medications and iv fluids. perform wound care and manage post-operative drains. educate patients and families on disease management and discharge instructions. coordinate care with physicians therapists and other staff.,skills clinical assessment time management multitasking patient education teamwork. qualifications associate s degree in nursing adn or bachelor of science in nursing bsn must pass nclex-rn exam and hold a state license.,228,https://www.kaggle.com/datasets/shivamashokgupta/job-description
JD0229,intensive care unit icu rn a critical care nurse who manages patients with life-threatening conditions. they work in a high-intensity environment requiring advanced monitoring and rapid intervention. perform continuous advanced monitoring of patient vital signs and hemodynamic status. manage complex life-support equipment ventilators crrt ecmo . titrate adjust continuous iv medications vasopressors sedation . intervene rapidly in life-threatening emergencies. skills advanced clinical assessment critical thinking calmness under pressure technical proficiency emotional resilience. qualifications rn license bsn preferred requires extensive training and certifications like bls acls. ccrn certification is the specialty standard.,Healthcare & Life Sciences,Nursing (Registered),Intensive Care Unit (ICU) RN,a critical care nurse who manages patients with life-threatening conditions. they work in a high-intensity environment requiring advanced monitoring and rapid intervention.,perform continuous advanced monitoring of patient vital signs and hemodynamic status. manage complex life-support equipment ventilators crrt ecmo . titrate adjust continuous iv medications vasopressors sedation . intervene rapidly in life-threatening emergencies.,skills advanced clinical assessment critical thinking calmness under pressure technical proficiency emotional resilience. qualifications rn license bsn preferred requires extensive training and certifications like bls acls. ccrn certification is the specialty standard.,229,https://www.kaggle.com/datasets/shivamashokgupta/job-description
JD0230,emergency room er rn a specialized nurse who treats patients experiencing trauma or acute illness in a fast-paced emergency department. they must rapidly triage patients and stabilize their conditions. perform rapid triage to prioritize patients by severity of condition. stabilize patients experiencing trauma cardiac arrest or stroke. administer emergency medications and assist with urgent procedures. manage a wide variety of medical conditions simultaneously. handle high-stress situations and patient/family anxiety. skills rapid assessment multitasking adaptability decisiveness crisis management. qualifications rn license bsn preferred bls acls pals certifications. cen certified emergency nurse is the specialty cert.,Healthcare & Life Sciences,Nursing (Registered),Emergency Room (ER) RN,a specialized nurse who treats patients experiencing trauma or acute illness in a fast-paced emergency department. they must rapidly triage patients and stabilize their conditions.,perform rapid triage to prioritize patients by severity of condition. stabilize patients experiencing trauma cardiac arrest or stroke. administer emergency medications and assist with urgent procedures. manage a wide variety of medical conditions simultaneously. handle high-stress situations and patient/family anxiety.,skills rapid assessment multitasking adaptability decisiveness crisis management. qualifications rn license bsn preferred bls acls pals certifications. cen certified emergency nurse is the specialty cert.,230,https://www.kaggle.com/datasets/shivamashokgupta/job-description
JD0231,operating room or rn a perioperative nurse who cares for patients before during and after surgery. they ensure the operating room is sterile and safe and advocate for the patient while they are under anesthesia. act as a scrub nurse handling sterile instruments or circulating nurse managing the or environment documentation and patient safety . prepare the or ensuring all equipment is sterile and functional. advocate for the patient s safety and needs during the procedure. skills meticulous attention to detail organization teamwork adherence to sterile technique. qualifications rn license bsn preferred . requires specialized on-the-job training. cnor certification is the standard.,Healthcare & Life Sciences,Nursing (Registered),Operating Room (OR) RN,a perioperative nurse who cares for patients before during and after surgery. they ensure the operating room is sterile and safe and advocate for the patient while they are under anesthesia.,act as a scrub nurse handling sterile instruments or circulating nurse managing the or environment documentation and patient safety . prepare the or ensuring all equipment is sterile and functional. advocate for the patient s safety and needs during the procedure.,skills meticulous attention to detail organization teamwork adherence to sterile technique. qualifications rn license bsn preferred . requires specialized on-the-job training. cnor certification is the standard.,231,https://www.kaggle.com/datasets/shivamashokgupta/job-description
JD0232,labor delivery l d rn provides care for women during labor childbirth and the immediate postpartum period. they monitor both the mother and fetus coach the mother and assist the physician or midwife. monitor the mother s vital signs and the fetal heart rate during labor. administer medications e.g. pitocin epidurals as ordered. coach the mother through the pushing and delivery stages. assist the provider with the delivery and provide immediate care to the newborn. skills patient coaching fetal monitoring interpretation empathy ability to act quickly in emergencies e.g. c-section . qualifications rn license bsn preferred bls acls and neonatal resuscitation program nrp certifications.,Healthcare & Life Sciences,Nursing (Registered),Labor & Delivery (L&D) RN,provides care for women during labor childbirth and the immediate postpartum period. they monitor both the mother and fetus coach the mother and assist the physician or midwife.,monitor the mother s vital signs and the fetal heart rate during labor. administer medications e.g. pitocin epidurals as ordered. coach the mother through the pushing and delivery stages. assist the provider with the delivery and provide immediate care to the newborn.,skills patient coaching fetal monitoring interpretation empathy ability to act quickly in emergencies e.g. c-section . qualifications rn license bsn preferred bls acls and neonatal resuscitation program nrp certifications.,232,https://www.kaggle.com/datasets/shivamashokgupta/job-description
JD0233,oncology rn a nurse specializing in the care of patients diagnosed with cancer. they administer treatments manage complex side effects and provide long-term emotional support. administer chemotherapy immunotherapy and other treatments requires special certification . manage the complex side effects of cancer and its treatment pain nausea fatigue . educate patients and families on their diagnosis and treatment plan. provide psychosocial and end-of-life care and support. skills iv proficiency pharmacology knowledge patient education deep empathy emotional resilience. qualifications rn license bsn preferred specialized chemotherapy/biotherapy certification required to administer drugs. ocn cert is the standard.,Healthcare & Life Sciences,Nursing (Registered),Oncology RN,a nurse specializing in the care of patients diagnosed with cancer. they administer treatments manage complex side effects and provide long-term emotional support.,administer chemotherapy immunotherapy and other treatments requires special certification . manage the complex side effects of cancer and its treatment pain nausea fatigue . educate patients and families on their diagnosis and treatment plan. provide psychosocial and end-of-life care and support.,skills iv proficiency pharmacology knowledge patient education deep empathy emotional resilience. qualifications rn license bsn preferred specialized chemotherapy/biotherapy certification required to administer drugs. ocn cert is the standard.,233,https://www.kaggle.com/datasets/shivamashokgupta/job-description
JD0234,pediatric rn a nurse specializing in the care of infants children and adolescents. they adapt nursing care to the unique physical developmental and emotional needs of young patients. perform age-appropriate assessments and monitor development. calculate and administer medications based on pediatric dosing. provide care for common childhood illnesses and post-surgical recovery. communicate with and educate parents/guardians. skills family-centered communication patience knowledge of child development patient education. qualifications rn license bsn preferred bls and pals pediatric advanced life support certifications. cpn cert is the standard.,Healthcare & Life Sciences,Nursing (Registered),Pediatric RN,a nurse specializing in the care of infants children and adolescents. they adapt nursing care to the unique physical developmental and emotional needs of young patients.,perform age-appropriate assessments and monitor development. calculate and administer medications based on pediatric dosing. provide care for common childhood illnesses and post-surgical recovery. communicate with and educate parents/guardians.,skills family-centered communication patience knowledge of child development patient education. qualifications rn license bsn preferred bls and pals pediatric advanced life support certifications. cpn cert is the standard.,234,https://www.kaggle.com/datasets/shivamashokgupta/job-description
JD0235,neonatal icu nicu rn a critical care nurse who cares for newborn infants born prematurely or with life-threatening conditions like birth defects infections or breathing problems. provide highly specialized critical care to premature and sick newborns. manage incubators ventilators and complex feeding iv nutrition gavage feeding . monitor the subtle changes in a neonate s condition. support and educate anxious parents on their infant s care. skills extreme attention to detail critical care skills gentle handling parent communication emotional resilience. qualifications rn license bsn preferred bls and nrp neonatal resuscitation certifications.,Healthcare & Life Sciences,Nursing (Registered),Neonatal ICU (NICU) RN,a critical care nurse who cares for newborn infants born prematurely or with life-threatening conditions like birth defects infections or breathing problems.,provide highly specialized critical care to premature and sick newborns. manage incubators ventilators and complex feeding iv nutrition gavage feeding . monitor the subtle changes in a neonate s condition. support and educate anxious parents on their infant s care.,skills extreme attention to detail critical care skills gentle handling parent communication emotional resilience. qualifications rn license bsn preferred bls and nrp neonatal resuscitation certifications.,235,https://www.kaggle.com/datasets/shivamashokgupta/job-description
JD0236,pacu rn post-anesthesia care unit a critical care nurse who cares for patients in the immediate period after surgery as they recover from anesthesia. they are the first stop before a patient goes to a med-surg room. monitor patients waking up from anesthesia focusing on airway breathing and circulation. manage post-operative pain nausea and vital signs. stabilize the patient until they meet criteria for discharge to an inpatient unit or home. assess the surgical site for immediate complications e.g. bleeding . skills rapid assessment airway management pain management critical thinking. qualifications rn license bsn preferred typically requires prior icu or er experience. bls acls pals certifications.,Healthcare & Life Sciences,Nursing (Registered),PACU RN (Post-Anesthesia Care Unit),a critical care nurse who cares for patients in the immediate period after surgery as they recover from anesthesia. they are the first stop before a patient goes to a med-surg room.,monitor patients waking up from anesthesia focusing on airway breathing and circulation. manage post-operative pain nausea and vital signs. stabilize the patient until they meet criteria for discharge to an inpatient unit or home. assess the surgical site for immediate complications e.g. bleeding .,skills rapid assessment airway management pain management critical thinking. qualifications rn license bsn preferred typically requires prior icu or er experience. bls acls pals certifications.,236,https://www.kaggle.com/datasets/shivamashokgupta/job-description
JD0237,home health rn a nurse who provides care to patients often elderly or post-operative in their own homes. this role requires a high degree of autonomy and patient education. travel to patients homes to perform skilled nursing care wound care iv infusions . assess the patient s condition and the home environment for safety. educate patients and family members on how to manage their condition at home. coordinate care with physicians physical therapists and social workers. skills high autonomy strong assessment and clinical skills patient education time management driving. qualifications rn license typically requires 1-2 years of hospital experience first.,Healthcare & Life Sciences,Nursing (Registered),Home Health RN,a nurse who provides care to patients often elderly or post-operative in their own homes. this role requires a high degree of autonomy and patient education.,travel to patients homes to perform skilled nursing care wound care iv infusions . assess the patient s condition and the home environment for safety. educate patients and family members on how to manage their condition at home. coordinate care with physicians physical therapists and social workers.,skills high autonomy strong assessment and clinical skills patient education time management driving. qualifications rn license typically requires 1-2 years of hospital experience first.,237,https://www.kaggle.com/datasets/shivamashokgupta/job-description
JD0238,flight nurse critical care transport a highly experienced critical care nurse icu or er who provides care to critically ill patients during transport on a helicopter or fixed-wing aircraft. provide advanced critical care managing vents drips monitors in a cramped mobile environment. work with a flight paramedic to stabilize and transport trauma or critically ill patients. manage all care autonomously reporting to a medical director via radio. perform advanced procedures as part of the transport team. skills expert-level critical care adaptability crisis management communication working in austere environments. qualifications rn license bsn 3-5+ years of icu/er experience multiple certifications bls acls pals nrp trauma certs like cfrn .,Healthcare & Life Sciences,Nursing (Registered),Flight Nurse (Critical Care Transport),a highly experienced critical care nurse icu or er who provides care to critically ill patients during transport on a helicopter or fixed-wing aircraft.,provide advanced critical care managing vents drips monitors in a cramped mobile environment. work with a flight paramedic to stabilize and transport trauma or critically ill patients. manage all care autonomously reporting to a medical director via radio. perform advanced procedures as part of the transport team.,skills expert-level critical care adaptability crisis management communication working in austere environments. qualifications rn license bsn 3-5+ years of icu/er experience multiple certifications bls acls pals nrp trauma certs like cfrn .,238,https://www.kaggle.com/datasets/shivamashokgupta/job-description
JD0239,nurse manager a leadership role responsible for managing a specific nursing unit e.g. med/surg icu . they handle staffing budgeting and daily operations for their unit. manage the hiring scheduling and performance evaluations of nursing staff. develop and manage the unit s operational and capital budget. ensure the unit is compliant with all hospital policies and regulatory standards e.g. joint commission . handle patient complaints and service recovery. skills leadership budgeting communication conflict resolution operational management. qualifications rn license bsn required msn preferred several years of clinical and charge nurse leadership experience.,Healthcare & Life Sciences,Nursing (Registered),Nurse Manager,a leadership role responsible for managing a specific nursing unit e.g. med/surg icu . they handle staffing budgeting and daily operations for their unit.,manage the hiring scheduling and performance evaluations of nursing staff. develop and manage the unit s operational and capital budget. ensure the unit is compliant with all hospital policies and regulatory standards e.g. joint commission . handle patient complaints and service recovery.,skills leadership budgeting communication conflict resolution operational management. qualifications rn license bsn required msn preferred several years of clinical and charge nurse leadership experience.,239,https://www.kaggle.com/datasets/shivamashokgupta/job-description
JD0240,charge nurse a senior clinical nurse on a specific shift who is responsible for the overall operations of the unit during that shift acting as the team leader and resource person. assign patient loads to the oncoming shift of nurses. manage patient flow admissions discharges transfers on the unit. act as the primary resource person for junior nurses with clinical questions. handle immediate problems emergencies and physician concerns. skills clinical expertise leadership multitasking delegation problem-solving. qualifications experienced rn with proven leadership skills not a formal management role but the first step up.,Healthcare & Life Sciences,Nursing (Registered),Charge Nurse,a senior clinical nurse on a specific shift who is responsible for the overall operations of the unit during that shift acting as the team leader and resource person.,assign patient loads to the oncoming shift of nurses. manage patient flow admissions discharges transfers on the unit. act as the primary resource person for junior nurses with clinical questions. handle immediate problems emergencies and physician concerns.,skills clinical expertise leadership multitasking delegation problem-solving. qualifications experienced rn with proven leadership skills not a formal management role but the first step up.,240,https://www.kaggle.com/datasets/shivamashokgupta/job-description
JD0241,nurse educator a nurse often with an advanced degree who designs implements and evaluates educational programs for nursing staff ensuring clinical competency and adherence to standards. onboard and train all new nursing hires. develop and teach continuing education classes e.g. new equipment new policies . manage annual competency validation for all nursing staff. lead evidence-based practice initiatives. skills teaching and presentation curriculum design clinical expertise leadership. qualifications rn license msn in nursing education highly preferred clinical specialty certification.,Healthcare & Life Sciences,Nursing (Registered),Nurse Educator,a nurse often with an advanced degree who designs implements and evaluates educational programs for nursing staff ensuring clinical competency and adherence to standards.,onboard and train all new nursing hires. develop and teach continuing education classes e.g. new equipment new policies . manage annual competency validation for all nursing staff. lead evidence-based practice initiatives.,skills teaching and presentation curriculum design clinical expertise leadership. qualifications rn license msn in nursing education highly preferred clinical specialty certification.,241,https://www.kaggle.com/datasets/shivamashokgupta/job-description
JD0242,licensed practical nurse lpn/lvn a licensed nurse who provides basic supervised nursing care under the direction of an rn or physician. commonly found in long-term care clinics and home health. administer medications oral injection and monitor for side effects. perform routine nursing tasks check vital signs perform wound care insert catheters . collect patient data and report changes to the supervising rn. assist patients with activities of daily living adls . skills clinical skills patient monitoring reliability following directions time management. qualifications completion of a 1-2 year lpn/lvn certificate program must pass the nclex-pn exam and hold a state license.,Healthcare & Life Sciences,Nursing (Support),Licensed Practical Nurse (LPN/LVN),a licensed nurse who provides basic supervised nursing care under the direction of an rn or physician. commonly found in long-term care clinics and home health.,administer medications oral injection and monitor for side effects. perform routine nursing tasks check vital signs perform wound care insert catheters . collect patient data and report changes to the supervising rn. assist patients with activities of daily living adls .,skills clinical skills patient monitoring reliability following directions time management. qualifications completion of a 1-2 year lpn/lvn certificate program must pass the nclex-pn exam and hold a state license.,242,https://www.kaggle.com/datasets/shivamashokgupta/job-description
JD0243,certified nursing assistant cna a healthcare provider who works under the supervision of an rn or lpn to provide direct hands-on care to patients focusing on activities of daily living adls . assist patients with adls bathing dressing feeding and toileting. turn and reposition bedridden patients to prevent bedsores. take and record vital signs temperature pulse blood pressure respiration . report any observed changes in a patient s condition to the nurse. skills patience physical stamina empathy communication reliability. qualifications completion of a state-approved training program often a few weeks and passing a state competency exam.,Healthcare & Life Sciences,Nursing (Support),Certified Nursing Assistant (CNA),a healthcare provider who works under the supervision of an rn or lpn to provide direct hands-on care to patients focusing on activities of daily living adls .,assist patients with adls bathing dressing feeding and toileting. turn and reposition bedridden patients to prevent bedsores. take and record vital signs temperature pulse blood pressure respiration . report any observed changes in a patient s condition to the nurse.,skills patience physical stamina empathy communication reliability. qualifications completion of a state-approved training program often a few weeks and passing a state competency exam.,243,https://www.kaggle.com/datasets/shivamashokgupta/job-description
JD0244,patient care technician pct a role similar to a cna but often with additional technical skills training. pcts are common in hospitals and may also perform phlebotomy and ekg tests. perform all cna duties adls vital signs patient transport . perform phlebotomy draw blood samples . conduct 12-lead ekg tests. assist with inserting or removing catheters and other minor procedures. skills all cna skills + technical skills phlebotomy ekg versatility. qualifications high school diploma often requires cna certification plus on-the-job training or a specialized pct certificate.,Healthcare & Life Sciences,Nursing (Support),Patient Care Technician (PCT),a role similar to a cna but often with additional technical skills training. pcts are common in hospitals and may also perform phlebotomy and ekg tests.,perform all cna duties adls vital signs patient transport . perform phlebotomy draw blood samples . conduct 12-lead ekg tests. assist with inserting or removing catheters and other minor procedures.,skills all cna skills + technical skills phlebotomy ekg versatility. qualifications high school diploma often requires cna certification plus on-the-job training or a specialized pct certificate.,244,https://www.kaggle.com/datasets/shivamashokgupta/job-description
JD0245,home health aide hha provides care for patients typically elderly or disabled in their private homes focusing on daily living activities and companionship. assist clients with adls bathing dressing grooming . perform light housekeeping meal preparation and grocery shopping. provide companionship and assistance with ambulation walking . remind clients to take medications but does not administer them . skills compassion reliability housekeeping communication patience. qualifications completion of a state-approved training program and competency exam.,Healthcare & Life Sciences,Nursing (Support),Home Health Aide (HHA),provides care for patients typically elderly or disabled in their private homes focusing on daily living activities and companionship.,assist clients with adls bathing dressing grooming . perform light housekeeping meal preparation and grocery shopping. provide companionship and assistance with ambulation walking . remind clients to take medications but does not administer them .,skills compassion reliability housekeeping communication patience. qualifications completion of a state-approved training program and competency exam.,245,https://www.kaggle.com/datasets/shivamashokgupta/job-description
JD0246,unit clerk / unit secretary the administrative coordinator for a hospital nursing unit. they manage the unit s front desk communications and non-clinical patient documentation. manage the unit s phone systems answering calls from patients families and doctors. transcribe physician orders into the electronic health record ehr . organize and maintain patient charts. coordinate patient appointments and transportation for tests. skills organization multitasking medical terminology computer proficiency communication. qualifications high school diploma knowledge of medical terminology is critical often learned via certificate or on the job .,Healthcare & Life Sciences,Nursing (Support),Unit Clerk / Unit Secretary,the administrative coordinator for a hospital nursing unit. they manage the unit s front desk communications and non-clinical patient documentation.,manage the unit s phone systems answering calls from patients families and doctors. transcribe physician orders into the electronic health record ehr . organize and maintain patient charts. coordinate patient appointments and transportation for tests.,skills organization multitasking medical terminology computer proficiency communication. qualifications high school diploma knowledge of medical terminology is critical often learned via certificate or on the job .,246,https://www.kaggle.com/datasets/shivamashokgupta/job-description
JD0247,physical therapist pt a licensed healthcare professional who helps patients recover from injuries or illnesses that limit their mobility. they diagnose movement dysfunction and use exercise and manual therapy to restore function. evaluate a patient s mobility strength and range of motion to diagnose issues. develop an individualized treatment plan of therapeutic exercises and stretches. perform manual therapy joint mobilization massage to relieve pain. educate patients on injury prevention and at-home exercise routines. skills deep knowledge of anatomy and kinesiology manual therapy patient education motivation. qualifications doctor of physical therapy dpt degree must pass a national npte and state licensing exam.,Healthcare & Life Sciences,Allied Health (Therapeutic),Physical Therapist (PT),a licensed healthcare professional who helps patients recover from injuries or illnesses that limit their mobility. they diagnose movement dysfunction and use exercise and manual therapy to restore function.,evaluate a patient s mobility strength and range of motion to diagnose issues. develop an individualized treatment plan of therapeutic exercises and stretches. perform manual therapy joint mobilization massage to relieve pain. educate patients on injury prevention and at-home exercise routines.,skills deep knowledge of anatomy and kinesiology manual therapy patient education motivation. qualifications doctor of physical therapy dpt degree must pass a national npte and state licensing exam.,247,https://www.kaggle.com/datasets/shivamashokgupta/job-description
JD0248,occupational therapist ot a licensed therapist who helps patients with injuries illnesses or disabilities participate in the things they want and need to do. they focus on fine motor skills and adapting the environment to the patient. evaluate a patient s ability to perform activities of daily living adls like dressing cooking or writing. design treatment plans to improve fine motor skills and hand-eye coordination. recommend and train patients on adaptive equipment e.g. walkers splints modified utensils . adapt the patient s home or work environment for better function. skills creativity problem-solving patient education fine motor skill analysis. qualifications master s or doctoral degree in occupational therapy mot/otd must pass the nbcot exam and be state-licensed.,Healthcare & Life Sciences,Allied Health (Therapeutic),Occupational Therapist (OT),a licensed therapist who helps patients with injuries illnesses or disabilities participate in the things they want and need to do. they focus on fine motor skills and adapting the environment to the patient.,evaluate a patient s ability to perform activities of daily living adls like dressing cooking or writing. design treatment plans to improve fine motor skills and hand-eye coordination. recommend and train patients on adaptive equipment e.g. walkers splints modified utensils . adapt the patient s home or work environment for better function.,skills creativity problem-solving patient education fine motor skill analysis. qualifications master s or doctoral degree in occupational therapy mot/otd must pass the nbcot exam and be state-licensed.,248,https://www.kaggle.com/datasets/shivamashokgupta/job-description
JD0249,speech-language pathologist slp assesses diagnoses and treats speech language social communication cognitive-communication and swallowing disorders in children and adults. diagnose and treat speech disorders articulation fluency/stuttering voice . treat language disorders aphasia in stroke patients and cognitive-communication issues. perform swallow studies often with radiology and provide swallowing therapy dysphagia . work with children on developmental communication delays. skills knowledge of linguistics and anatomy patience communication diagnostic skills. qualifications master s degree in speech-language pathology must hold the certificate of clinical competence ccc-slp and a state license.,Healthcare & Life Sciences,Allied Health (Therapeutic),Speech-Language Pathologist (SLP),assesses diagnoses and treats speech language social communication cognitive-communication and swallowing disorders in children and adults.,diagnose and treat speech disorders articulation fluency/stuttering voice . treat language disorders aphasia in stroke patients and cognitive-communication issues. perform swallow studies often with radiology and provide swallowing therapy dysphagia . work with children on developmental communication delays.,skills knowledge of linguistics and anatomy patience communication diagnostic skills. qualifications master s degree in speech-language pathology must hold the certificate of clinical competence ccc-slp and a state license.,249,https://www.kaggle.com/datasets/shivamashokgupta/job-description
JD0250,respiratory therapist rt a specialized health professional who assesses and treats patients with breathing and cardiopulmonary disorders. they are experts in managing ventilators and airway emergencies. manage and monitor life-support ventilators for critically ill patients. administer breathing treatments e.g. nebulizers inhaled medications . respond to code blue cardiac arrest calls as part of the resuscitation team. perform pulmonary function tests pfts to diagnose lung disease. skills critical care ventilator management airway management pharmacology critical thinking. qualifications associate s or bachelor s degree in respiratory therapy must pass nbrc exams to earn crt or rrt credential and hold a state license.,Healthcare & Life Sciences,Allied Health (Therapeutic),Respiratory Therapist (RT),a specialized health professional who assesses and treats patients with breathing and cardiopulmonary disorders. they are experts in managing ventilators and airway emergencies.,manage and monitor life-support ventilators for critically ill patients. administer breathing treatments e.g. nebulizers inhaled medications . respond to code blue cardiac arrest calls as part of the resuscitation team. perform pulmonary function tests pfts to diagnose lung disease.,skills critical care ventilator management airway management pharmacology critical thinking. qualifications associate s or bachelor s degree in respiratory therapy must pass nbrc exams to earn crt or rrt credential and hold a state license.,250,https://www.kaggle.com/datasets/shivamashokgupta/job-description
JD0251,physical therapy assistant pta a licensed professional who works under the supervision of a physical therapist pt to help patients carry out their treatment plans and regain mobility and function. implement the patient treatment plan created by the pt. guide patients through therapeutic exercises and stretches. observe patient progress and report findings back to the supervising pt. administer modalities like heat ice or ultrasound. skills strong understanding of exercises coaching/motivation observation skills physical stamina. qualifications associate s degree from an accredited pta program must pass a national nptae and state licensing exam.,Healthcare & Life Sciences,Allied Health (Therapeutic),Physical Therapy Assistant (PTA),a licensed professional who works under the supervision of a physical therapist pt to help patients carry out their treatment plans and regain mobility and function.,implement the patient treatment plan created by the pt. guide patients through therapeutic exercises and stretches. observe patient progress and report findings back to the supervising pt. administer modalities like heat ice or ultrasound.,skills strong understanding of exercises coaching/motivation observation skills physical stamina. qualifications associate s degree from an accredited pta program must pass a national nptae and state licensing exam.,251,https://www.kaggle.com/datasets/shivamashokgupta/job-description
JD0252,occupational therapy assistant cota a licensed professional working under an occupational therapist ot to help patients carry out plans that improve their ability to perform daily living and work activities. implement treatment plans guiding patients in exercises to improve fine motor skills. teach patients how to use adaptive equipment e.g. dressing aids . monitor patient progress and communicate outcomes to the supervising ot. document patient care. skills creativity patient coaching empathy communication observation. qualifications associate s degree from an accredited ota program must pass the nbcot exam to earn the cota credential.,Healthcare & Life Sciences,Allied Health (Therapeutic),Occupational Therapy Assistant (COTA),a licensed professional working under an occupational therapist ot to help patients carry out plans that improve their ability to perform daily living and work activities.,implement treatment plans guiding patients in exercises to improve fine motor skills. teach patients how to use adaptive equipment e.g. dressing aids . monitor patient progress and communicate outcomes to the supervising ot. document patient care.,skills creativity patient coaching empathy communication observation. qualifications associate s degree from an accredited ota program must pass the nbcot exam to earn the cota credential.,252,https://www.kaggle.com/datasets/shivamashokgupta/job-description
JD0253,recreational therapist plans and coordinates recreation-based treatment programs for people with disabilities injuries or illnesses to improve their physical social and emotional well-being. assess patients needs using interviews and observations. design therapeutic recreation programs e.g. adaptive sports arts and crafts community outings . help patients reduce depression stress and anxiety through recreation. improve patients motor skills and social functioning. skills creativity leadership adaptability knowledge of adaptive sports/arts. qualifications bachelor s degree in recreational therapy must pass exam to become a certified therapeutic recreation specialist ctrs .,Healthcare & Life Sciences,Allied Health (Therapeutic),Recreational Therapist,plans and coordinates recreation-based treatment programs for people with disabilities injuries or illnesses to improve their physical social and emotional well-being.,assess patients needs using interviews and observations. design therapeutic recreation programs e.g. adaptive sports arts and crafts community outings . help patients reduce depression stress and anxiety through recreation. improve patients motor skills and social functioning.,skills creativity leadership adaptability knowledge of adaptive sports/arts. qualifications bachelor s degree in recreational therapy must pass exam to become a certified therapeutic recreation specialist ctrs .,253,https://www.kaggle.com/datasets/shivamashokgupta/job-description
JD0254,audiologist healthcare professionals who diagnose manage and treat hearing balance and other auditory disorders in patients of all ages. administer and interpret hearing tests audiograms to diagnose hearing loss. fit and dispense hearing aids and other assistive listening devices. diagnose and manage balance disorders vestibular issues . provide auditory rehabilitation and counseling. skills diagnostic testing knowledge of auditory technology patient counseling. qualifications doctor of audiology au.d. degree state licensure is required.,Healthcare & Life Sciences,Allied Health (Therapeutic),Audiologist,healthcare professionals who diagnose manage and treat hearing balance and other auditory disorders in patients of all ages.,administer and interpret hearing tests audiograms to diagnose hearing loss. fit and dispense hearing aids and other assistive listening devices. diagnose and manage balance disorders vestibular issues . provide auditory rehabilitation and counseling.,skills diagnostic testing knowledge of auditory technology patient counseling. qualifications doctor of audiology au.d. degree state licensure is required.,254,https://www.kaggle.com/datasets/shivamashokgupta/job-description
JD0255,genetic counselor a professional who advises individuals and families affected by or at risk of genetic disorders. they interpret genetic test results and counsel patients on risks and options. analyze family medical history to assess the risk of inherited conditions. explain complex genetic testing options and results to patients. counsel individuals and families on managing genetic conditions or risks. provide supportive counseling to help patients make informed decisions. skills deep knowledge of genetics empathy complex communication counseling skills. qualifications master s degree in genetic counseling must be certified by the american board of genetic counseling abgc .,Healthcare & Life Sciences,Allied Health (Therapeutic),Genetic Counselor,a professional who advises individuals and families affected by or at risk of genetic disorders. they interpret genetic test results and counsel patients on risks and options.,analyze family medical history to assess the risk of inherited conditions. explain complex genetic testing options and results to patients. counsel individuals and families on managing genetic conditions or risks. provide supportive counseling to help patients make informed decisions.,skills deep knowledge of genetics empathy complex communication counseling skills. qualifications master s degree in genetic counseling must be certified by the american board of genetic counseling abgc .,255,https://www.kaggle.com/datasets/shivamashokgupta/job-description
JD0256,radiologic technologist rad tech operates diagnostic imaging equipment primarily x-ray machines to create images of the body s structures. they position patients correctly and safely to capture clear diagnostic images. position patients and equipment correctly to capture the specific images ordered by a physician. operate x-ray and sometimes ct or mammography machines. strictly adhere to radiation safety protocols alara to protect patients and self. ensure the technical quality of all images captured. skills patient positioning knowledge of anatomy radiation safety protocols equipment operation. qualifications associate s degree in radiologic technology must be certified by arrt american registry of radiologic technologists and licensed.,Healthcare & Life Sciences,Allied Health (Diagnostic),Radiologic Technologist (Rad Tech),operates diagnostic imaging equipment primarily x-ray machines to create images of the body s structures. they position patients correctly and safely to capture clear diagnostic images.,position patients and equipment correctly to capture the specific images ordered by a physician. operate x-ray and sometimes ct or mammography machines. strictly adhere to radiation safety protocols alara to protect patients and self. ensure the technical quality of all images captured.,skills patient positioning knowledge of anatomy radiation safety protocols equipment operation. qualifications associate s degree in radiologic technology must be certified by arrt american registry of radiologic technologists and licensed.,256,https://www.kaggle.com/datasets/shivamashokgupta/job-description
JD0257,mri technologist a specialized rad tech who operates magnetic resonance imaging mri scanners to create detailed cross-sectional images of the body using magnetic fields and radio waves no radiation . operate complex mri scanners. position patients correctly and screen them for any metal implants critical for safety . administer iv contrast dye gadolinium for certain procedures. ensure image quality for the radiologist to interpret. skills mri physics patient screening safety anatomy operation of complex software. qualifications arrt r certification plus advanced certification in mri arrt-mr . associate s or bachelor s degree.,Healthcare & Life Sciences,Allied Health (Diagnostic),MRI Technologist,a specialized rad tech who operates magnetic resonance imaging mri scanners to create detailed cross-sectional images of the body using magnetic fields and radio waves no radiation .,operate complex mri scanners. position patients correctly and screen them for any metal implants critical for safety . administer iv contrast dye gadolinium for certain procedures. ensure image quality for the radiologist to interpret.,skills mri physics patient screening safety anatomy operation of complex software. qualifications arrt r certification plus advanced certification in mri arrt-mr . associate s or bachelor s degree.,257,https://www.kaggle.com/datasets/shivamashokgupta/job-description
JD0258,ct technologist a specialized rad tech who operates computed tomography ct scanners to create detailed 3d cross-sectional images slices of the body using x-rays. operate ct scanner and related equipment. position patients for scans and administer oral or iv contrast agents. reconstruct 3d images from the scan data for the radiologist. adhere to radiation safety protocols. skills cross-sectional anatomy ct physics iv insertion patient care. qualifications arrt r certification plus advanced certification in ct arrt-ct . associate s or bachelor s degree.,Healthcare & Life Sciences,Allied Health (Diagnostic),CT Technologist,a specialized rad tech who operates computed tomography ct scanners to create detailed 3d cross-sectional images slices of the body using x-rays.,operate ct scanner and related equipment. position patients for scans and administer oral or iv contrast agents. reconstruct 3d images from the scan data for the radiologist. adhere to radiation safety protocols.,skills cross-sectional anatomy ct physics iv insertion patient care. qualifications arrt r certification plus advanced certification in ct arrt-ct . associate s or bachelor s degree.,258,https://www.kaggle.com/datasets/shivamashokgupta/job-description
JD0259,diagnostic medical sonographer also known as an ultrasound tech. uses high-frequency sound waves ultrasound to create dynamic images sonograms of the body s organs and tissues e.g. abdominal ob/gyn cardiac . operate ultrasound equipment and select the appropriate transducer probe . move the transducer over the patient s body to capture real-time images of organs or blood flow. analyze the images for abnormalities and create a summary report for the radiologist. specialize in areas like ob/gyn fetal cardiac echocardiographer or vascular. skills exceptional hand-eye coordination pattern recognition anatomy physics visual detail. qualifications associate s or bachelor s degree from an accredited sonography program. must pass registry exams e.g. ardms .,Healthcare & Life Sciences,Allied Health (Diagnostic),Diagnostic Medical Sonographer,also known as an ultrasound tech. uses high-frequency sound waves ultrasound to create dynamic images sonograms of the body s organs and tissues e.g. abdominal ob/gyn cardiac .,operate ultrasound equipment and select the appropriate transducer probe . move the transducer over the patient s body to capture real-time images of organs or blood flow. analyze the images for abnormalities and create a summary report for the radiologist. specialize in areas like ob/gyn fetal cardiac echocardiographer or vascular.,skills exceptional hand-eye coordination pattern recognition anatomy physics visual detail. qualifications associate s or bachelor s degree from an accredited sonography program. must pass registry exams e.g. ardms .,259,https://www.kaggle.com/datasets/shivamashokgupta/job-description
JD0260,echocardiographer a specialized cardiac sonographer who uses ultrasound technology exclusively to create images of the heart s chambers valves and blood vessels to assess cardiac function. perform complex ultrasound scans of the heart transthoracic and transesophageal echoes . assess heart valve function blood flow and overall heart muscle movement. calculate key data points e.g. ejection fraction for the cardiologist. assist in stress echo procedures. skills deep knowledge of cardiac anatomy/physiology ultrasound physics pattern recognition. qualifications accredited sonography program must be registered e.g. rdcs - registered diagnostic cardiac sonographer .,Healthcare & Life Sciences,Allied Health (Diagnostic),Echocardiographer,a specialized cardiac sonographer who uses ultrasound technology exclusively to create images of the heart s chambers valves and blood vessels to assess cardiac function.,perform complex ultrasound scans of the heart transthoracic and transesophageal echoes . assess heart valve function blood flow and overall heart muscle movement. calculate key data points e.g. ejection fraction for the cardiologist. assist in stress echo procedures.,skills deep knowledge of cardiac anatomy/physiology ultrasound physics pattern recognition. qualifications accredited sonography program must be registered e.g. rdcs - registered diagnostic cardiac sonographer .,260,https://www.kaggle.com/datasets/shivamashokgupta/job-description
JD0261,vascular technologist a specialized sonographer who uses ultrasound to scan the body s vascular system arteries and veins to check for blockages clots or aneurysms. perform non-invasive ultrasound scans of arteries carotid peripheral and veins dvt studies . measure blood flow and pressure using doppler ultrasound. create a technical report of findings for the physician to diagnose vascular disease. skills knowledge of hemodynamics ultrasound physics anatomy attention to detail. qualifications accredited vascular technology program must be registered e.g. rvt - registered vascular technologist .,Healthcare & Life Sciences,Allied Health (Diagnostic),Vascular Technologist,a specialized sonographer who uses ultrasound to scan the body s vascular system arteries and veins to check for blockages clots or aneurysms.,perform non-invasive ultrasound scans of arteries carotid peripheral and veins dvt studies . measure blood flow and pressure using doppler ultrasound. create a technical report of findings for the physician to diagnose vascular disease.,skills knowledge of hemodynamics ultrasound physics anatomy attention to detail. qualifications accredited vascular technology program must be registered e.g. rvt - registered vascular technologist .,261,https://www.kaggle.com/datasets/shivamashokgupta/job-description
JD0262,nuclear medicine technologist prepares and administers radioactive drugs radiopharmaceuticals to patients for the purpose of imaging specific body parts or treating diseases like thyroid cancer . prepare and handle radioactive materials safely. administer radiopharmaceuticals by injection orally or inhalation . operate specialized cameras gamma cameras pet scanners that detect the radiation emitted by the drug to create an image. adhere to strict radiation safety protocols. skills handling of radioactive materials radiation physics iv insertion patient safety. qualifications associate s or bachelor s degree in nuclear medicine technology certification from arrt n or nmtcb.,Healthcare & Life Sciences,Allied Health (Diagnostic),Nuclear Medicine Technologist,prepares and administers radioactive drugs radiopharmaceuticals to patients for the purpose of imaging specific body parts or treating diseases like thyroid cancer .,prepare and handle radioactive materials safely. administer radiopharmaceuticals by injection orally or inhalation . operate specialized cameras gamma cameras pet scanners that detect the radiation emitted by the drug to create an image. adhere to strict radiation safety protocols.,skills handling of radioactive materials radiation physics iv insertion patient safety. qualifications associate s or bachelor s degree in nuclear medicine technology certification from arrt n or nmtcb.,262,https://www.kaggle.com/datasets/shivamashokgupta/job-description
JD0263,ekg/ecg technician an entry-level technician who operates electrocardiogram ekg/ecg machines to record the electrical activity of the heart often as a pre-operative or diagnostic test. place electrodes leads correctly on the patient s chest arms and legs. operate the ekg machine to run a 12-lead tracing. monitor the patient for any immediate critical abnormalities during the test. prepare the final ekg strip for the physician to interpret. skills patient positioning knowledge of lead placement basic rhythm recognition attention to detail. qualifications high school diploma certificate program or on-the-job training.,Healthcare & Life Sciences,Allied Health (Diagnostic),EKG/ECG Technician,an entry-level technician who operates electrocardiogram ekg/ecg machines to record the electrical activity of the heart often as a pre-operative or diagnostic test.,place electrodes leads correctly on the patient s chest arms and legs. operate the ekg machine to run a 12-lead tracing. monitor the patient for any immediate critical abnormalities during the test. prepare the final ekg strip for the physician to interpret.,skills patient positioning knowledge of lead placement basic rhythm recognition attention to detail. qualifications high school diploma certificate program or on-the-job training.,263,https://www.kaggle.com/datasets/shivamashokgupta/job-description
JD0264,eeg technologist operates electroencephalograph eeg equipment to record the electrical activity of the brain. used to diagnose conditions like epilepsy sleep disorders and brain death. measure and mark the patient s scalp and apply dozens of electrodes. operate the eeg machine to record brain wave patterns. monitor the patient for seizure activity during the test. prepare the lengthy recording for a neurologist to interpret. skills precise measurement pattern recognition patient care technical proficiency. qualifications associate s degree or certificate program certification r. eeg t. from abret is the standard.,Healthcare & Life Sciences,Allied Health (Diagnostic),EEG Technologist,operates electroencephalograph eeg equipment to record the electrical activity of the brain. used to diagnose conditions like epilepsy sleep disorders and brain death.,measure and mark the patient s scalp and apply dozens of electrodes. operate the eeg machine to record brain wave patterns. monitor the patient for seizure activity during the test. prepare the lengthy recording for a neurologist to interpret.,skills precise measurement pattern recognition patient care technical proficiency. qualifications associate s degree or certificate program certification r. eeg t. from abret is the standard.,264,https://www.kaggle.com/datasets/shivamashokgupta/job-description
JD0265,polysomnographic sleep technologist monitors and records patients during overnight sleep studies. they collect data on brain waves breathing oxygen levels and heart rhythm to diagnose sleep disorders like sleep apnea. prepare the patient for the sleep study applying numerous sensors eeg ekg airflow o2 . monitor the patient from a control room throughout the night. document sleep patterns apneas pauses in breathing and other abnormalities. score the sleep study data for the physician to review. skills patient monitoring technology operation pattern recognition attention to detail overnight . qualifications certificate or associate s degree must pass the brpt exam to become a registered polysomnographic technologist rpsgt .,Healthcare & Life Sciences,Allied Health (Diagnostic),Polysomnographic (Sleep) Technologist,monitors and records patients during overnight sleep studies. they collect data on brain waves breathing oxygen levels and heart rhythm to diagnose sleep disorders like sleep apnea.,prepare the patient for the sleep study applying numerous sensors eeg ekg airflow o2 . monitor the patient from a control room throughout the night. document sleep patterns apneas pauses in breathing and other abnormalities. score the sleep study data for the physician to review.,skills patient monitoring technology operation pattern recognition attention to detail overnight . qualifications certificate or associate s degree must pass the brpt exam to become a registered polysomnographic technologist rpsgt .,265,https://www.kaggle.com/datasets/shivamashokgupta/job-description
JD0266,phlebotomist a trained clinical professional who collects blood samples from patients for laboratory testing transfusions research or donations. correctly identify the patient and verify test orders. select the appropriate vein typically in the arm for venipuncture. draw blood using sterile technique needles butterfly vacutainer . prepare and label all blood samples correctly for transport to the lab. skills venipuncture technique patient communication calming anxious patients sterile technique high attention to detail. qualifications completion of a phlebotomy certificate program national certification e.g. pbt-ascp is standard.,Healthcare & Life Sciences,Laboratory Services,Phlebotomist,a trained clinical professional who collects blood samples from patients for laboratory testing transfusions research or donations.,correctly identify the patient and verify test orders. select the appropriate vein typically in the arm for venipuncture. draw blood using sterile technique needles butterfly vacutainer . prepare and label all blood samples correctly for transport to the lab.,skills venipuncture technique patient communication calming anxious patients sterile technique high attention to detail. qualifications completion of a phlebotomy certificate program national certification e.g. pbt-ascp is standard.,266,https://www.kaggle.com/datasets/shivamashokgupta/job-description
JD0267,medical lab technician mlt a laboratory professional who works under the supervision of a medical laboratory scientist to perform routine diagnostic tests on patient samples blood urine tissue . perform routine lab tests in areas like hematology chemistry and microbiology. operate and maintain automated laboratory analyzers. prepare specimens and reagents for testing. report test results in the patient s record. skills lab procedures equipment operation attention to detail adherence to protocols. qualifications associate s degree in medical laboratory technology mlt ascp certification is the standard.,Healthcare & Life Sciences,Laboratory Services,Medical Lab Technician (MLT),a laboratory professional who works under the supervision of a medical laboratory scientist to perform routine diagnostic tests on patient samples blood urine tissue .,perform routine lab tests in areas like hematology chemistry and microbiology. operate and maintain automated laboratory analyzers. prepare specimens and reagents for testing. report test results in the patient s record.,skills lab procedures equipment operation attention to detail adherence to protocols. qualifications associate s degree in medical laboratory technology mlt ascp certification is the standard.,267,https://www.kaggle.com/datasets/shivamashokgupta/job-description
JD0268,medical laboratory scientist mls a senior laboratory professional also called medical technologist who performs complex diagnostic tests validates test results and solves problems with analyzers or samples. perform complex high-level manual testing and analysis. validate results from automated analyzers and investigate abnormal findings. perform quality control and maintain lab instrumentation. supervise and train mlts and lab assistants. analyze samples in specialized areas like blood banking or microbiology. skills advanced analytical skills troubleshooting quality control laboratory science leadership. qualifications bachelor s degree in medical laboratory science or a related science mls ascp certification is the standard.,Healthcare & Life Sciences,Laboratory Services,Medical Laboratory Scientist (MLS),a senior laboratory professional also called medical technologist who performs complex diagnostic tests validates test results and solves problems with analyzers or samples.,perform complex high-level manual testing and analysis. validate results from automated analyzers and investigate abnormal findings. perform quality control and maintain lab instrumentation. supervise and train mlts and lab assistants. analyze samples in specialized areas like blood banking or microbiology.,skills advanced analytical skills troubleshooting quality control laboratory science leadership. qualifications bachelor s degree in medical laboratory science or a related science mls ascp certification is the standard.,268,https://www.kaggle.com/datasets/shivamashokgupta/job-description
JD0269,surgical technologist a key member of the surgical team who works in the sterile field with the surgeon. they prepare the operating room pass instruments and maintain a sterile environment. set up the sterile operating room arranging all necessary instruments and supplies setting up the back table . scrub in and pass surgical instruments sutures and supplies to the surgeon during the procedure. perform surgical counts sponges needles instruments before during and after surgery to ensure nothing is retained in the patient. skills deep knowledge of surgical instruments sterile technique asepsis anticipation knowing what the surgeon needs next focus. qualifications completion of an accredited surgical technology certificate or associate s degree program. cst certification is the standard.,Healthcare & Life Sciences,Surgical Services,Surgical Technologist,a key member of the surgical team who works in the sterile field with the surgeon. they prepare the operating room pass instruments and maintain a sterile environment.,set up the sterile operating room arranging all necessary instruments and supplies setting up the back table . scrub in and pass surgical instruments sutures and supplies to the surgeon during the procedure. perform surgical counts sponges needles instruments before during and after surgery to ensure nothing is retained in the patient.,skills deep knowledge of surgical instruments sterile technique asepsis anticipation knowing what the surgeon needs next focus. qualifications completion of an accredited surgical technology certificate or associate s degree program. cst certification is the standard.,269,https://www.kaggle.com/datasets/shivamashokgupta/job-description
JD0270,sterile processing technician a critical support role responsible for the cleaning decontamination sterilization and distribution of all surgical instruments and medical equipment used in the hospital. decontaminate and clean all used surgical instruments. inspect instruments for damage and assemble them into procedural trays. operate sterilization equipment autoclaves gas plasma sterilizers . manage and distribute sterile instrument sets to the operating rooms. skills extreme attention to detail knowledge of decontamination and sterilization protocols organization operating complex machinery. qualifications high school diploma specialized certification e.g. cbspd or iahcsmm is required.,Healthcare & Life Sciences,Surgical Services,Sterile Processing Technician,a critical support role responsible for the cleaning decontamination sterilization and distribution of all surgical instruments and medical equipment used in the hospital.,decontaminate and clean all used surgical instruments. inspect instruments for damage and assemble them into procedural trays. operate sterilization equipment autoclaves gas plasma sterilizers . manage and distribute sterile instrument sets to the operating rooms.,skills extreme attention to detail knowledge of decontamination and sterilization protocols organization operating complex machinery. qualifications high school diploma specialized certification e.g. cbspd or iahcsmm is required.,270,https://www.kaggle.com/datasets/shivamashokgupta/job-description
JD0271,surgical first assistant cfa/csa an advanced surgical role that assists the surgeon directly during the operation with tasks like tissue retraction controlling bleeding and suturing closing the incision. assist the surgeon with visualization by holding retractors. control bleeding hemostasis using suction sponges and cautery devices. assist with closing the surgical incision suturing stapling . position the patient and handle surgical equipment. skills advanced surgical skills suturing anatomy knowledge anticipation stamina. qualifications this is an advanced role certification cfa/csa requires being an experienced surgical tech pa or rn rnfa with specialized training.,Healthcare & Life Sciences,Surgical Services,Surgical First Assistant (CFA/CSA),an advanced surgical role that assists the surgeon directly during the operation with tasks like tissue retraction controlling bleeding and suturing closing the incision.,assist the surgeon with visualization by holding retractors. control bleeding hemostasis using suction sponges and cautery devices. assist with closing the surgical incision suturing stapling . position the patient and handle surgical equipment.,skills advanced surgical skills suturing anatomy knowledge anticipation stamina. qualifications this is an advanced role certification cfa/csa requires being an experienced surgical tech pa or rn rnfa with specialized training.,271,https://www.kaggle.com/datasets/shivamashokgupta/job-description
JD0272,pharmacist hospital a licensed medication expert who works within a hospital to ensure the safe and effective use of drugs. they compound medications advise physicians and monitor patient drug therapies. verify physician medication orders for accuracy and appropriateness dosage drug interactions . compound and dispense sterile medications iv bags . advise physicians and nurses on drug selection dosing and side effects. participate in patient care rounds as a clinical pharmacist to optimize drug therapy. skills deep pharmacology knowledge accuracy sterile compounding technique analytical skills. qualifications doctor of pharmacy pharm.d. degree state licensure. a post-doctoral residency pgy1 is often required for clinical roles.,Healthcare & Life Sciences,Pharmacy Services,Pharmacist (Hospital),a licensed medication expert who works within a hospital to ensure the safe and effective use of drugs. they compound medications advise physicians and monitor patient drug therapies.,verify physician medication orders for accuracy and appropriateness dosage drug interactions . compound and dispense sterile medications iv bags . advise physicians and nurses on drug selection dosing and side effects. participate in patient care rounds as a clinical pharmacist to optimize drug therapy.,skills deep pharmacology knowledge accuracy sterile compounding technique analytical skills. qualifications doctor of pharmacy pharm.d. degree state licensure. a post-doctoral residency pgy1 is often required for clinical roles.,272,https://www.kaggle.com/datasets/shivamashokgupta/job-description
JD0273,pharmacist retail a licensed pharmacist in a community setting e.g. cvs walgreens responsible for dispensing prescription medications counseling patients and administering immunizations. dispense prescription medications and verify their accuracy. counsel patients on the correct use of their medication side effects and potential interactions. administer immunizations flu shots covid vaccines etc. . communicate with physicians to clarify prescriptions. manage pharmacy technicians. skills pharmacology patient communication and counseling attention to detail management. qualifications doctor of pharmacy pharm.d. degree must pass naplex and mpje exams for state licensure.,Healthcare & Life Sciences,Pharmacy Services,Pharmacist (Retail),a licensed pharmacist in a community setting e.g. cvs walgreens responsible for dispensing prescription medications counseling patients and administering immunizations.,dispense prescription medications and verify their accuracy. counsel patients on the correct use of their medication side effects and potential interactions. administer immunizations flu shots covid vaccines etc. . communicate with physicians to clarify prescriptions. manage pharmacy technicians.,skills pharmacology patient communication and counseling attention to detail management. qualifications doctor of pharmacy pharm.d. degree must pass naplex and mpje exams for state licensure.,273,https://www.kaggle.com/datasets/shivamashokgupta/job-description
JD0274,pharmacy technician works under the direct supervision of a licensed pharmacist to assist with the technical aspects of dispensing medication. receive and enter prescription information into the computer system. count package and label prescription medications. manage pharmacy inventory and stock supplies. handle customer transactions and insurance billing issues. in hospitals may prepare iv medication mixtures compounding . skills accuracy data entry math customer service adherence to protocol. qualifications high school diploma state licensure and national certification e.g. cpht are typically required.,Healthcare & Life Sciences,Pharmacy Services,Pharmacy Technician,works under the direct supervision of a licensed pharmacist to assist with the technical aspects of dispensing medication.,receive and enter prescription information into the computer system. count package and label prescription medications. manage pharmacy inventory and stock supplies. handle customer transactions and insurance billing issues. in hospitals may prepare iv medication mixtures compounding .,skills accuracy data entry math customer service adherence to protocol. qualifications high school diploma state licensure and national certification e.g. cpht are typically required.,274,https://www.kaggle.com/datasets/shivamashokgupta/job-description
JD0275,dentist dds/dmd a doctor who diagnoses and treats diseases injuries and malformations of the teeth gums and related oral structures. diagnose oral health issues using exams and x-rays. perform restorative procedures e.g. filling cavities root canals placing crowns . perform surgical procedures like tooth extractions. create treatment plans to maintain or restore patient oral health. supervise dental hygienists and assistants. skills medical/dental knowledge manual dexterity precision spatial awareness patient care. qualifications doctor of dental surgery dds or doctor of dental medicine dmd degree state licensure.,Healthcare & Life Sciences,Dental Care,Dentist (DDS/DMD),a doctor who diagnoses and treats diseases injuries and malformations of the teeth gums and related oral structures.,diagnose oral health issues using exams and x-rays. perform restorative procedures e.g. filling cavities root canals placing crowns . perform surgical procedures like tooth extractions. create treatment plans to maintain or restore patient oral health. supervise dental hygienists and assistants.,skills medical/dental knowledge manual dexterity precision spatial awareness patient care. qualifications doctor of dental surgery dds or doctor of dental medicine dmd degree state licensure.,275,https://www.kaggle.com/datasets/shivamashokgupta/job-description
JD0276,dental hygienist a licensed oral healthcare professional who provides preventative dental care. they clean teeth examine patients for oral diseases and educate on oral hygiene. perform dental cleanings by removing tartar plaque and stains prophylaxis . conduct initial oral exams and screen for oral cancer and gum disease gingivitis . take and develop dental x-rays. apply preventative treatments like sealants and fluoride. educate patients on brushing flossing and nutrition. skills manual dexterity attention to detail patient education operation of dental tools. qualifications associate s degree in dental hygiene required must pass national board and state clinical licensing exams.,Healthcare & Life Sciences,Dental Care,Dental Hygienist,a licensed oral healthcare professional who provides preventative dental care. they clean teeth examine patients for oral diseases and educate on oral hygiene.,perform dental cleanings by removing tartar plaque and stains prophylaxis . conduct initial oral exams and screen for oral cancer and gum disease gingivitis . take and develop dental x-rays. apply preventative treatments like sealants and fluoride. educate patients on brushing flossing and nutrition.,skills manual dexterity attention to detail patient education operation of dental tools. qualifications associate s degree in dental hygiene required must pass national board and state clinical licensing exams.,276,https://www.kaggle.com/datasets/shivamashokgupta/job-description
JD0277,dental assistant works chairside with the dentist providing support during procedures. they prepare the treatment room sterilize instruments and perform patient-facing tasks. prepare patients for treatment and set up instrument trays. pass instruments to the dentist during procedures. operate suction hoses and other chairside equipment. sterilize all dental instruments. take x-rays and handle administrative tasks. skills multitasking chairside assistance organization sterilization protocols patient comfort. qualifications certificate or diploma from a dental assisting program some states require licensure/registration.,Healthcare & Life Sciences,Dental Care,Dental Assistant,works chairside with the dentist providing support during procedures. they prepare the treatment room sterilize instruments and perform patient-facing tasks.,prepare patients for treatment and set up instrument trays. pass instruments to the dentist during procedures. operate suction hoses and other chairside equipment. sterilize all dental instruments. take x-rays and handle administrative tasks.,skills multitasking chairside assistance organization sterilization protocols patient comfort. qualifications certificate or diploma from a dental assisting program some states require licensure/registration.,277,https://www.kaggle.com/datasets/shivamashokgupta/job-description
JD0278,orthodontist a dental specialist who diagnoses prevents and treats facial and dental irregularities malocclusions . they are experts in straightening teeth and aligning jaws using braces and retainers. diagnose and treat misaligned teeth and jaws malocclusions . design and apply orthodontic appliances braces clear aligners retainers . monitor the progress of treatment over months or years. interpret x-rays and 3d dental models to create treatment plans. skills deep knowledge of orthodontics spatial reasoning precision long-term planning. qualifications dds/dmd degree followed by a 2-3 year specialized orthodontics residency program.,Healthcare & Life Sciences,Dental Care,Orthodontist,a dental specialist who diagnoses prevents and treats facial and dental irregularities malocclusions . they are experts in straightening teeth and aligning jaws using braces and retainers.,diagnose and treat misaligned teeth and jaws malocclusions . design and apply orthodontic appliances braces clear aligners retainers . monitor the progress of treatment over months or years. interpret x-rays and 3d dental models to create treatment plans.,skills deep knowledge of orthodontics spatial reasoning precision long-term planning. qualifications dds/dmd degree followed by a 2-3 year specialized orthodontics residency program.,278,https://www.kaggle.com/datasets/shivamashokgupta/job-description
JD0279,psychiatrist a medical doctor m.d. or d.o. who specializes in mental health. as an md they can diagnose mental illnesses provide psychotherapy and are uniquely able to prescribe medication. diagnose the full spectrum of mental emotional and behavioral disorders. prescribe manage and monitor psychiatric medications. provide psychotherapy talk therapy or coordinate with therapists. manage the treatment of complex conditions e.g. schizophrenia bipolar disorder . skills medical diagnostics pharmacology psychotropics counseling active listening. qualifications m.d. or d.o. psychiatry residency state medical license board certification.,Healthcare & Life Sciences,Mental & Behavioral Health,Psychiatrist,a medical doctor m.d. or d.o. who specializes in mental health. as an md they can diagnose mental illnesses provide psychotherapy and are uniquely able to prescribe medication.,diagnose the full spectrum of mental emotional and behavioral disorders. prescribe manage and monitor psychiatric medications. provide psychotherapy talk therapy or coordinate with therapists. manage the treatment of complex conditions e.g. schizophrenia bipolar disorder .,skills medical diagnostics pharmacology psychotropics counseling active listening. qualifications m.d. or d.o. psychiatry residency state medical license board certification.,279,https://www.kaggle.com/datasets/shivamashokgupta/job-description
JD0280,psychologist clinical a doctoral-level professional ph.d. or psy.d. who specializes in diagnosing and treating mental and emotional disorders primarily through psychotherapy talk therapy and testing. diagnose mental health disorders using interviews and observation. conduct psychological testing cognitive personality to aid diagnosis. provide various forms of psychotherapy e.g. cbt dbt psychodynamic . cannot prescribe medication except in a few states with additional training . skills psychotherapy techniques active listening psychological assessment diagnostics empathy. qualifications doctoral degree ph.d. or psy.d. in clinical psychology completion of internship/post-doc hours and passing state licensing exams.,Healthcare & Life Sciences,Mental & Behavioral Health,Psychologist (Clinical),a doctoral-level professional ph.d. or psy.d. who specializes in diagnosing and treating mental and emotional disorders primarily through psychotherapy talk therapy and testing.,diagnose mental health disorders using interviews and observation. conduct psychological testing cognitive personality to aid diagnosis. provide various forms of psychotherapy e.g. cbt dbt psychodynamic . cannot prescribe medication except in a few states with additional training .,skills psychotherapy techniques active listening psychological assessment diagnostics empathy. qualifications doctoral degree ph.d. or psy.d. in clinical psychology completion of internship/post-doc hours and passing state licensing exams.,280,https://www.kaggle.com/datasets/shivamashokgupta/job-description
JD0281,licensed clinical social worker lcsw a master s-level professional who provides mental health services therapy and case management. lcsws focus on a person-in-environment model addressing social and external factors. provide individual group and family psychotherapy. conduct psychosocial assessments to understand a client s challenges. provide case management connecting clients to resources housing food healthcare . act as a patient advocate and crisis intervention specialist. skills psychotherapy crisis intervention case management empathy knowledge of community resources. qualifications master of social work msw degree completion of several thousand hours of post-master s supervised clinical experience state licensure lcsw .,Healthcare & Life Sciences,Mental & Behavioral Health,Licensed Clinical Social Worker (LCSW),a master s-level professional who provides mental health services therapy and case management. lcsws focus on a person-in-environment model addressing social and external factors.,provide individual group and family psychotherapy. conduct psychosocial assessments to understand a client s challenges. provide case management connecting clients to resources housing food healthcare . act as a patient advocate and crisis intervention specialist.,skills psychotherapy crisis intervention case management empathy knowledge of community resources. qualifications master of social work msw degree completion of several thousand hours of post-master s supervised clinical experience state licensure lcsw .,281,https://www.kaggle.com/datasets/shivamashokgupta/job-description
JD0282,marriage and family therapist mft a licensed therapist who diagnoses and treats mental and emotional disorders within the specific context of family systems couples and relationships. provide psychotherapy to couples families and individuals. focus on relationship dynamics and how family systems impact individual mental health. diagnose and treat disorders within the family context. mediate family conflicts and teach communication skills. skills systems theory psychotherapy conflict mediation communication active listening. qualifications master s degree in marriage and family therapy completion of extensive supervised clinical hours and state licensure lmft .,Healthcare & Life Sciences,Mental & Behavioral Health,Marriage and Family Therapist (MFT),a licensed therapist who diagnoses and treats mental and emotional disorders within the specific context of family systems couples and relationships.,provide psychotherapy to couples families and individuals. focus on relationship dynamics and how family systems impact individual mental health. diagnose and treat disorders within the family context. mediate family conflicts and teach communication skills.,skills systems theory psychotherapy conflict mediation communication active listening. qualifications master s degree in marriage and family therapy completion of extensive supervised clinical hours and state licensure lmft .,282,https://www.kaggle.com/datasets/shivamashokgupta/job-description
JD0283,substance abuse counselor a counselor who works with individuals struggling with chemical dependency alcohol or drugs and other addictions. conduct intake assessments to evaluate the extent of a client s addiction. lead individual and group therapy sessions. develop treatment and relapse prevention plans. provide case management and referrals to support services e.g. 12-step programs . skills knowledge of addiction models group facilitation crisis intervention empathy firm boundaries. qualifications bachelor s or master s degree state licensure/certification e.g. cadc ladc is required.,Healthcare & Life Sciences,Mental & Behavioral Health,Substance Abuse Counselor,a counselor who works with individuals struggling with chemical dependency alcohol or drugs and other addictions.,conduct intake assessments to evaluate the extent of a client s addiction. lead individual and group therapy sessions. develop treatment and relapse prevention plans. provide case management and referrals to support services e.g. 12-step programs .,skills knowledge of addiction models group facilitation crisis intervention empathy firm boundaries. qualifications bachelor s or master s degree state licensure/certification e.g. cadc ladc is required.,283,https://www.kaggle.com/datasets/shivamashokgupta/job-description
JD0284,behavioral health technician bht an entry-level role in mental health often in residential or inpatient facilities who provides direct support and supervision to patients monitoring their safety and behavior. monitor patient behavior safety and activities in an inpatient or residential setting. assist patients with activities of daily living. co-facilitate group sessions under the supervision of a licensed therapist . de-escalate agitated patients and maintain a safe therapeutic environment. document patient behavior and interactions. skills patience de-escalation techniques observation strong interpersonal boundaries communication. qualifications high school diploma certificate or associate s degree in behavioral health is common. on-the-job training.,Healthcare & Life Sciences,Mental & Behavioral Health,Behavioral Health Technician (BHT),an entry-level role in mental health often in residential or inpatient facilities who provides direct support and supervision to patients monitoring their safety and behavior.,monitor patient behavior safety and activities in an inpatient or residential setting. assist patients with activities of daily living. co-facilitate group sessions under the supervision of a licensed therapist . de-escalate agitated patients and maintain a safe therapeutic environment. document patient behavior and interactions.,skills patience de-escalation techniques observation strong interpersonal boundaries communication. qualifications high school diploma certificate or associate s degree in behavioral health is common. on-the-job training.,284,https://www.kaggle.com/datasets/shivamashokgupta/job-description
JD0285,hospital administrator ceo/coo a c-suite executive responsible for the entire strategic financial and operational management of a hospital or healthcare system. a non-clinical business leadership role. develop the hospital s long-term strategic plan and financial goals. manage the hospital s budget profitability and resource allocation. oversee all department heads clinical and non-clinical . ensure compliance with all healthcare laws and regulatory bodies. represent the hospital to the board of directors and the community. skills executive leadership financial acumen strategic planning regulatory knowledge operations management. qualifications master s degree in health administration mha or business mba is required. extensive senior leadership experience.,Healthcare & Life Sciences,Healthcare Admin/Mgmt,Hospital Administrator (CEO/COO),a c-suite executive responsible for the entire strategic financial and operational management of a hospital or healthcare system. a non-clinical business leadership role.,develop the hospital s long-term strategic plan and financial goals. manage the hospital s budget profitability and resource allocation. oversee all department heads clinical and non-clinical . ensure compliance with all healthcare laws and regulatory bodies. represent the hospital to the board of directors and the community.,skills executive leadership financial acumen strategic planning regulatory knowledge operations management. qualifications master s degree in health administration mha or business mba is required. extensive senior leadership experience.,285,https://www.kaggle.com/datasets/shivamashokgupta/job-description
JD0286,practice manager the administrator responsible for all business operations of an outpatient medical practice or clinic e.g. a doctor s office or specialty clinic . manage all non-clinical office staff front desk billers medical assistants . manage patient scheduling billing and revenue cycle. oversee the office budget payroll and supply ordering. ensure the clinic is compliant with hipaa and osha regulations. skills operations management leadership medical billing budgeting scheduling compliance. qualifications bachelor s degree in business or healthcare admin preferred. experience in a medical office is essential.,Healthcare & Life Sciences,Healthcare Admin/Mgmt,Practice Manager,the administrator responsible for all business operations of an outpatient medical practice or clinic e.g. a doctor s office or specialty clinic .,manage all non-clinical office staff front desk billers medical assistants . manage patient scheduling billing and revenue cycle. oversee the office budget payroll and supply ordering. ensure the clinic is compliant with hipaa and osha regulations.,skills operations management leadership medical billing budgeting scheduling compliance. qualifications bachelor s degree in business or healthcare admin preferred. experience in a medical office is essential.,286,https://www.kaggle.com/datasets/shivamashokgupta/job-description
JD0287,clinical director nursing a senior management role often an experienced rn who oversees multiple nursing units or an entire clinical service line e.g. director of surgical services director of women s health . provide strategic and operational leadership for a clinical division. manage all nurse managers within that division. develop the division s budget staffing models and quality improvement goals. ensure clinical practice standards are met across all units. skills senior leadership clinical expertise financial acumen strategic planning operations. qualifications active rn license bsn required msn or mha/mba strongly preferred. extensive nurse management experience.,Healthcare & Life Sciences,Healthcare Admin/Mgmt,Clinical Director (Nursing),a senior management role often an experienced rn who oversees multiple nursing units or an entire clinical service line e.g. director of surgical services director of women s health .,provide strategic and operational leadership for a clinical division. manage all nurse managers within that division. develop the division s budget staffing models and quality improvement goals. ensure clinical practice standards are met across all units.,skills senior leadership clinical expertise financial acumen strategic planning operations. qualifications active rn license bsn required msn or mha/mba strongly preferred. extensive nurse management experience.,287,https://www.kaggle.com/datasets/shivamashokgupta/job-description
JD0288,nursing home administrator a licensed executive who manages the complete operation of a long-term care facility nursing home including patient care administration and finances. oversee all aspects of resident care and clinical services. manage facility staff budget and building operations. ensure strict compliance with all state and federal regulations this is a primary focus . manage admissions and community relations. skills regulatory compliance leadership budgeting knowledge of gerontology operations. qualifications bachelor s degree must complete a specialized training program and pass a national exam to earn a state administrator license nha .,Healthcare & Life Sciences,Healthcare Admin/Mgmt,Nursing Home Administrator,a licensed executive who manages the complete operation of a long-term care facility nursing home including patient care administration and finances.,oversee all aspects of resident care and clinical services. manage facility staff budget and building operations. ensure strict compliance with all state and federal regulations this is a primary focus . manage admissions and community relations.,skills regulatory compliance leadership budgeting knowledge of gerontology operations. qualifications bachelor s degree must complete a specialized training program and pass a national exam to earn a state administrator license nha .,288,https://www.kaggle.com/datasets/shivamashokgupta/job-description
JD0289,healthcare compliance officer an administrator who ensures a healthcare organization follows all external laws and regulations e.g. hipaa medicare/medicaid billing rules stark law . develop and implement internal compliance policies and procedures. conduct internal audits to identify and mitigate risks. act as the organization s hipaa privacy officer. investigate and respond to all compliance complaints or violations. skills deep knowledge of healthcare law risk assessment auditing ethics attention to detail. qualifications bachelor s or master s degree certification e.g. chc - certified in healthcare compliance is the standard.,Healthcare & Life Sciences,Healthcare Admin/Mgmt,Healthcare Compliance Officer,an administrator who ensures a healthcare organization follows all external laws and regulations e.g. hipaa medicare/medicaid billing rules stark law .,develop and implement internal compliance policies and procedures. conduct internal audits to identify and mitigate risks. act as the organization s hipaa privacy officer. investigate and respond to all compliance complaints or violations.,skills deep knowledge of healthcare law risk assessment auditing ethics attention to detail. qualifications bachelor s or master s degree certification e.g. chc - certified in healthcare compliance is the standard.,289,https://www.kaggle.com/datasets/shivamashokgupta/job-description
JD0290,risk manager healthcare a specialist who identifies and mitigates any risk that could lead to patient harm or financial loss e.g. lawsuits injuries for the hospital. investigate patient safety incidents medication errors and patient falls. analyze incident data to identify trends and implement preventative strategies. manage malpractice claims and liaise with legal counsel. oversee patient safety programs. skills risk assessment investigative skills knowledge of healthcare law data analysis. qualifications clinical background rn or jd preferred. certification in healthcare risk management cphrm .,Healthcare & Life Sciences,Healthcare Admin/Mgmt,Risk Manager (Healthcare),a specialist who identifies and mitigates any risk that could lead to patient harm or financial loss e.g. lawsuits injuries for the hospital.,investigate patient safety incidents medication errors and patient falls. analyze incident data to identify trends and implement preventative strategies. manage malpractice claims and liaise with legal counsel. oversee patient safety programs.,skills risk assessment investigative skills knowledge of healthcare law data analysis. qualifications clinical background rn or jd preferred. certification in healthcare risk management cphrm .,290,https://www.kaggle.com/datasets/shivamashokgupta/job-description
JD0291,clinical research coordinator crc organizes and manages all operational aspects of a clinical trial a research study for a new drug or device at a hospital or research site. recruit screen and enroll patients for clinical trial participation. schedule all patient visits tests and procedures according to the study protocol. collect and enter all clinical data accurately clean data . ensure the trial is conducted according to fda regulations and ethical guidelines irb . skills extreme organization attention to detail knowledge of medical terminology and research protocols gcp . qualifications bachelor s degree in a life science is common. ccrc certification is the professional standard.,Healthcare & Life Sciences,Healthcare Admin/Mgmt,Clinical Research Coordinator (CRC),organizes and manages all operational aspects of a clinical trial a research study for a new drug or device at a hospital or research site.,recruit screen and enroll patients for clinical trial participation. schedule all patient visits tests and procedures according to the study protocol. collect and enter all clinical data accurately clean data . ensure the trial is conducted according to fda regulations and ethical guidelines irb .,skills extreme organization attention to detail knowledge of medical terminology and research protocols gcp . qualifications bachelor s degree in a life science is common. ccrc certification is the professional standard.,291,https://www.kaggle.com/datasets/shivamashokgupta/job-description
JD0292,patient relations manager manages the patient experience and service recovery. this role handles all formal patient complaints grievances and compliments to improve satisfaction. act as the primary point of contact for all patient grievances and formal complaints. investigate patient complaints interviewing staff and reviewing charts. mediate conflicts between patients/families and the clinical team. analyze complaint data to recommend systemic service improvements. skills conflict resolution de-escalation empathy investigative skills communication. qualifications bachelor s degree clinical e.g. rn or customer service background is highly beneficial.,Healthcare & Life Sciences,Healthcare Admin/Mgmt,Patient Relations Manager,manages the patient experience and service recovery. this role handles all formal patient complaints grievances and compliments to improve satisfaction.,act as the primary point of contact for all patient grievances and formal complaints. investigate patient complaints interviewing staff and reviewing charts. mediate conflicts between patients/families and the clinical team. analyze complaint data to recommend systemic service improvements.,skills conflict resolution de-escalation empathy investigative skills communication. qualifications bachelor s degree clinical e.g. rn or customer service background is highly beneficial.,292,https://www.kaggle.com/datasets/shivamashokgupta/job-description
JD0293,medical biller and coder an administrative specialist who translates patient diagnoses procedures and medical services into universal alphanumeric codes icd-10 for diagnoses cpt for procedures for billing and insurance. review medical charts and assign the correct icd-10 and cpt codes to every patient encounter. create and submit accurate insurance claims to payers medicare private insurance . handle claim denials rejections and appeals. ensure all coding is compliant to prevent fraud. skills high attention to detail knowledge of medical terminology and coding systems icd-10 cpt data entry analytical skills. qualifications post-secondary certificate. professional certification e.g. cpc or ccs is the industry standard.,Healthcare & Life Sciences,Health Information (HIM/IT),Medical Biller and Coder,an administrative specialist who translates patient diagnoses procedures and medical services into universal alphanumeric codes icd-10 for diagnoses cpt for procedures for billing and insurance.,review medical charts and assign the correct icd-10 and cpt codes to every patient encounter. create and submit accurate insurance claims to payers medicare private insurance . handle claim denials rejections and appeals. ensure all coding is compliant to prevent fraud.,skills high attention to detail knowledge of medical terminology and coding systems icd-10 cpt data entry analytical skills. qualifications post-secondary certificate. professional certification e.g. cpc or ccs is the industry standard.,293,https://www.kaggle.com/datasets/shivamashokgupta/job-description
JD0294,health information manager manages the systems and staff responsible for all patient data and medical records. they ensure data is accurate secure and compliant with privacy laws like hipaa. oversee the hospital/clinic s electronic health record ehr system. develop and enforce policies for data security and patient privacy hipaa compliance . manage the medical coding and patient records departments. ensure the integrity and accuracy of all clinical data. skills data governance knowledge of hipaa ehr systems management leadership compliance. qualifications bachelor s degree in health information management. must pass exam to earn rhia registered health information administrator certification.,Healthcare & Life Sciences,Health Information (HIM/IT),Health Information Manager,manages the systems and staff responsible for all patient data and medical records. they ensure data is accurate secure and compliant with privacy laws like hipaa.,oversee the hospital/clinic s electronic health record ehr system. develop and enforce policies for data security and patient privacy hipaa compliance . manage the medical coding and patient records departments. ensure the integrity and accuracy of all clinical data.,skills data governance knowledge of hipaa ehr systems management leadership compliance. qualifications bachelor s degree in health information management. must pass exam to earn rhia registered health information administrator certification.,294,https://www.kaggle.com/datasets/shivamashokgupta/job-description
JD0295,medical records technician a technician often with an associate s degree who organizes and maintains patient health information data in ehr systems ensuring all records are complete accurate and secure. review patient charts for completeness and accuracy. scan and index paper documents into the electronic health record ehr . process requests for medical records from patients insurance companies and lawyers ensuring hipaa compliance. maintain the integrity of the master patient index. skills attention to detail data organization computer proficiency knowledge of hipaa. qualifications associate s degree in health information technology. must pass exam to earn rhit registered health information technician certification.,Healthcare & Life Sciences,Health Information (HIM/IT),Medical Records Technician,a technician often with an associate s degree who organizes and maintains patient health information data in ehr systems ensuring all records are complete accurate and secure.,review patient charts for completeness and accuracy. scan and index paper documents into the electronic health record ehr . process requests for medical records from patients insurance companies and lawyers ensuring hipaa compliance. maintain the integrity of the master patient index.,skills attention to detail data organization computer proficiency knowledge of hipaa. qualifications associate s degree in health information technology. must pass exam to earn rhit registered health information technician certification.,295,https://www.kaggle.com/datasets/shivamashokgupta/job-description
JD0296,clinical informatics specialist a role often held by an rn or physician that serves as the bridge between clinical staff doctors/nurses and the it department to optimize the electronic health record ehr . analyze clinical workflows and help redesign them for efficiency within the ehr. train and support physicians and nurses on how to use the ehr effectively. help build and customize order sets alerts and documentation templates in the ehr. troubleshoot system problems from a clinical user perspective. skills clinical workflow knowledge must understand how a hospital runs ehr systems expertise communication training problem-solving. qualifications clinical background e.g. rn pharm.d. is required. a master s degree in health informatics is common.,Healthcare & Life Sciences,Health Information (HIM/IT),Clinical Informatics Specialist,a role often held by an rn or physician that serves as the bridge between clinical staff doctors/nurses and the it department to optimize the electronic health record ehr .,analyze clinical workflows and help redesign them for efficiency within the ehr. train and support physicians and nurses on how to use the ehr effectively. help build and customize order sets alerts and documentation templates in the ehr. troubleshoot system problems from a clinical user perspective.,skills clinical workflow knowledge must understand how a hospital runs ehr systems expertise communication training problem-solving. qualifications clinical background e.g. rn pharm.d. is required. a master s degree in health informatics is common.,296,https://www.kaggle.com/datasets/shivamashokgupta/job-description
JD0297,healthcare data analyst analyzes large sets of clinical financial and operational data to identify trends measure quality outcomes and find areas for improvement. write complex queries using sql to extract data from clinical and financial databases. analyze data to track key performance indicators kpis like patient readmission rates wait times or costs. build dashboards in tableau power bi for hospital leadership. provide data to support quality improvement projects. skills sql data visualization tableau/power bi statistical analysis excel understanding of healthcare operations. qualifications bachelor s or master s degree in data analytics health informatics or public health.,Healthcare & Life Sciences,Health Information (HIM/IT),Healthcare Data Analyst,analyzes large sets of clinical financial and operational data to identify trends measure quality outcomes and find areas for improvement.,write complex queries using sql to extract data from clinical and financial databases. analyze data to track key performance indicators kpis like patient readmission rates wait times or costs. build dashboards in tableau power bi for hospital leadership. provide data to support quality improvement projects.,skills sql data visualization tableau/power bi statistical analysis excel understanding of healthcare operations. qualifications bachelor s or master s degree in data analytics health informatics or public health.,297,https://www.kaggle.com/datasets/shivamashokgupta/job-description
JD0298,healthcare it specialist a technical support role focused on maintaining the specific computer hardware software and networks within a healthcare environment. provide help desk support to clinical staff for computers printers and mobile devices. troubleshoot issues with the electronic health record ehr and other clinical software. maintain network connectivity and data security following hipaa rules . install and configure new computer workstations and medical devices. skills it troubleshooting customer service knowledge of networking and hardware understanding of hipaa security protocols. qualifications associate s or bachelor s in it. comptia a+ and network+ certifications are common.,Healthcare & Life Sciences,Health Information (HIM/IT),Healthcare IT Specialist,a technical support role focused on maintaining the specific computer hardware software and networks within a healthcare environment.,provide help desk support to clinical staff for computers printers and mobile devices. troubleshoot issues with the electronic health record ehr and other clinical software. maintain network connectivity and data security following hipaa rules . install and configure new computer workstations and medical devices.,skills it troubleshooting customer service knowledge of networking and hardware understanding of hipaa security protocols. qualifications associate s or bachelor s in it. comptia a+ and network+ certifications are common.,298,https://www.kaggle.com/datasets/shivamashokgupta/job-description
JD0299,paramedic the highest level of pre-hospital care provider in an emergency medical services ems system. they provide advanced life support als to critically ill and injured patients. perform advanced patient assessments and triage. administer a wide range of medications via iv io or injection. perform advanced invasive procedures e.g. intubation chest decompression cricothyrotomy . interpret ekgs and provide advanced cardiac life support acls . lead the ambulance crew and communicate with the receiving hospital. skills advanced life support critical thinking under pressure pharmacology invasive procedures. qualifications completion of a 2-year paramedic program associate s degree state and national nremt-p licensure.,Healthcare & Life Sciences,Emergency Services,Paramedic,the highest level of pre-hospital care provider in an emergency medical services ems system. they provide advanced life support als to critically ill and injured patients.,perform advanced patient assessments and triage. administer a wide range of medications via iv io or injection. perform advanced invasive procedures e.g. intubation chest decompression cricothyrotomy . interpret ekgs and provide advanced cardiac life support acls . lead the ambulance crew and communicate with the receiving hospital.,skills advanced life support critical thinking under pressure pharmacology invasive procedures. qualifications completion of a 2-year paramedic program associate s degree state and national nremt-p licensure.,299,https://www.kaggle.com/datasets/shivamashokgupta/job-description
JD0300,emergency medical technician emt an entry-level emergency care provider. emts are trained in basic life support bls and are responsible for stabilizing and safely transporting patients to the hospital. respond to 911 calls and assess the patient s condition. perform basic life support cpr bleeding control administering oxygen and immobilization splinting . operate an automated external defibrillator aed . safely transport the patient to the hospital via ambulance assisting the paramedic. provide a verbal and written report to the hospital staff. skills basic life support rapid assessment calmness in emergencies driving skills. qualifications completion of a semester-long emt-basic course state and national nremt certification.,Healthcare & Life Sciences,Emergency Services,Emergency Medical Technician (EMT),an entry-level emergency care provider. emts are trained in basic life support bls and are responsible for stabilizing and safely transporting patients to the hospital.,respond to 911 calls and assess the patient s condition. perform basic life support cpr bleeding control administering oxygen and immobilization splinting . operate an automated external defibrillator aed . safely transport the patient to the hospital via ambulance assisting the paramedic. provide a verbal and written report to the hospital staff.,skills basic life support rapid assessment calmness in emergencies driving skills. qualifications completion of a semester-long emt-basic course state and national nremt certification.,300,https://www.kaggle.com/datasets/shivamashokgupta/job-description
JD0301,epidemiologist a public health scientist who investigates the patterns causes and effects of diseases and injuries in human populations. they are disease detectives. plan and direct studies to investigate disease outbreaks infectious or chronic conditions e.g. cancer obesity . collect and analyze public health data using statistical methods. identify risk factors for diseases and methods of prevention. present findings to policymakers and the public. manage public health surveillance programs. skills statistical analysis data analysis software sas r research methods communication. qualifications master of public health mph or a phd in epidemiology.,Healthcare & Life Sciences,Public Health,Epidemiologist,a public health scientist who investigates the patterns causes and effects of diseases and injuries in human populations. they are disease detectives.,plan and direct studies to investigate disease outbreaks infectious or chronic conditions e.g. cancer obesity . collect and analyze public health data using statistical methods. identify risk factors for diseases and methods of prevention. present findings to policymakers and the public. manage public health surveillance programs.,skills statistical analysis data analysis software sas r research methods communication. qualifications master of public health mph or a phd in epidemiology.,301,https://www.kaggle.com/datasets/shivamashokgupta/job-description
JD0302,health educator a public health professional who designs and implements programs and strategies to teach people about health and wellness and promote healthy behaviors within a community. assess the health needs of a specific community or population. develop educational programs and materials brochures websites workshops . teach community classes on topics like nutrition smoking cessation or managing diabetes. advocate for public policies that improve community health. skills public speaking curriculum design program planning communication community outreach. qualifications bachelor s degree in health education. ches certified health education specialist certification is the standard.,Healthcare & Life Sciences,Public Health,Health Educator,a public health professional who designs and implements programs and strategies to teach people about health and wellness and promote healthy behaviors within a community.,assess the health needs of a specific community or population. develop educational programs and materials brochures websites workshops . teach community classes on topics like nutrition smoking cessation or managing diabetes. advocate for public policies that improve community health.,skills public speaking curriculum design program planning communication community outreach. qualifications bachelor s degree in health education. ches certified health education specialist certification is the standard.,302,https://www.kaggle.com/datasets/shivamashokgupta/job-description
JD0303,dietitian registered a licensed food and nutrition expert. they assess nutritional needs promote healthy eating and develop therapeutic diets for patients to manage medical conditions. assess patients nutritional needs and health conditions. develop personalized meal plans and nutrition therapies e.g. for diabetes kidney disease weight loss . provide nutrition education and counseling to patients and families. manage food service operations in hospitals or schools. skills knowledge of nutrition science and biochemistry counseling meal planning. qualifications bachelor s degree transitioning to master s requirement in dietetics completion of a supervised internship must pass the cdr exam to become a registered dietitian rd .,Healthcare & Life Sciences,Public Health,Dietitian (Registered),a licensed food and nutrition expert. they assess nutritional needs promote healthy eating and develop therapeutic diets for patients to manage medical conditions.,assess patients nutritional needs and health conditions. develop personalized meal plans and nutrition therapies e.g. for diabetes kidney disease weight loss . provide nutrition education and counseling to patients and families. manage food service operations in hospitals or schools.,skills knowledge of nutrition science and biochemistry counseling meal planning. qualifications bachelor s degree transitioning to master s requirement in dietetics completion of a supervised internship must pass the cdr exam to become a registered dietitian rd .,303,https://www.kaggle.com/datasets/shivamashokgupta/job-description
JD0304,community health worker a frontline public health worker who is a trusted member of a community. they serve as a bridge connecting community members to health and social services. conduct outreach in the community to find individuals needing services. help people enroll in health insurance medicaid or social programs snap . provide basic health education and translation services. advocate for individuals and help them navigate the complex healthcare system. skills empathy communication often bilingual knowledge of community resources advocacy. qualifications high school diploma certificate program. primary qualification is being a trusted member of the target community.,Healthcare & Life Sciences,Public Health,Community Health Worker,a frontline public health worker who is a trusted member of a community. they serve as a bridge connecting community members to health and social services.,conduct outreach in the community to find individuals needing services. help people enroll in health insurance medicaid or social programs snap . provide basic health education and translation services. advocate for individuals and help them navigate the complex healthcare system.,skills empathy communication often bilingual knowledge of community resources advocacy. qualifications high school diploma certificate program. primary qualification is being a trusted member of the target community.,304,https://www.kaggle.com/datasets/shivamashokgupta/job-description
JD0305,chiropractor a healthcare professional focused on the diagnosis treatment and prevention of neuromuscular disorders with an emphasis on manual adjustment and/or manipulation of the spine. assess patient posture spine and reflexes to diagnose neuromuscular issues. perform spinal adjustments manipulations to restore joint mobility. advise patients on corrective exercises ergonomics and nutrition. use other therapies like heat ice or electrical stimulation. skills deep anatomical knowledge manual adjustment techniques diagnostic skills. qualifications doctor of chiropractic d.c. degree a 4-year post-graduate program state licensure.,Healthcare & Life Sciences,Specialized/Alternative,Chiropractor,a healthcare professional focused on the diagnosis treatment and prevention of neuromuscular disorders with an emphasis on manual adjustment and/or manipulation of the spine.,assess patient posture spine and reflexes to diagnose neuromuscular issues. perform spinal adjustments manipulations to restore joint mobility. advise patients on corrective exercises ergonomics and nutrition. use other therapies like heat ice or electrical stimulation.,skills deep anatomical knowledge manual adjustment techniques diagnostic skills. qualifications doctor of chiropractic d.c. degree a 4-year post-graduate program state licensure.,305,https://www.kaggle.com/datasets/shivamashokgupta/job-description
JD0306,acupuncturist a practitioner of traditional chinese medicine tcm who treats patients by inserting extremely thin sterile needles into specific points on the body to stimulate healing and promote wellness. diagnose patient conditions based on tcm principles e.g. tongue and pulse diagnosis . select specific acupuncture points based on the diagnosis. insert sterile single-use needles and manipulate them as needed. may use other therapies like cupping moxibustion or herbal medicine. skills knowledge of tcm and acupuncture points needle insertion technique holistic assessment. qualifications master s degree from an accredited acupuncture school must pass nccaom board exams and be state-licensed l.ac. .,Healthcare & Life Sciences,Specialized/Alternative,Acupuncturist,a practitioner of traditional chinese medicine tcm who treats patients by inserting extremely thin sterile needles into specific points on the body to stimulate healing and promote wellness.,diagnose patient conditions based on tcm principles e.g. tongue and pulse diagnosis . select specific acupuncture points based on the diagnosis. insert sterile single-use needles and manipulate them as needed. may use other therapies like cupping moxibustion or herbal medicine.,skills knowledge of tcm and acupuncture points needle insertion technique holistic assessment. qualifications master s degree from an accredited acupuncture school must pass nccaom board exams and be state-licensed l.ac. .,306,https://www.kaggle.com/datasets/shivamashokgupta/job-description
JD0307,naturopathic doctor nd a practitioner who blends modern scientific medical knowledge with traditional and natural forms of medicine focusing on holistic preventative care and the self-healing process. diagnose and treat conditions using a holistic approach. prescribe natural therapies including clinical nutrition botanical medicine herbs and lifestyle counseling. in some states may prescribe conventional medications and perform minor surgery. focus on identifying the root cause of illness rather than just symptoms. skills holistic diagnostics nutritional science botanical medicine patient counseling. qualifications doctor of naturopathic medicine nd degree from an accredited 4-year program licensure varies widely by state.,Healthcare & Life Sciences,Specialized/Alternative,Naturopathic Doctor (ND),a practitioner who blends modern scientific medical knowledge with traditional and natural forms of medicine focusing on holistic preventative care and the self-healing process.,diagnose and treat conditions using a holistic approach. prescribe natural therapies including clinical nutrition botanical medicine herbs and lifestyle counseling. in some states may prescribe conventional medications and perform minor surgery. focus on identifying the root cause of illness rather than just symptoms.,skills holistic diagnostics nutritional science botanical medicine patient counseling. qualifications doctor of naturopathic medicine nd degree from an accredited 4-year program licensure varies widely by state.,307,https://www.kaggle.com/datasets/shivamashokgupta/job-description
JD0308,optometrist doctor of optometry a primary eye care doctor not an m.d. who provides comprehensive eye exams diagnoses vision problems and eye diseases and prescribes corrective lenses glasses/contacts . perform comprehensive vision and eye health examinations. diagnose refractive errors and prescribe eyeglasses and contact lenses. diagnose treat and manage common eye diseases e.g. glaucoma macular degeneration dry eye . identify systemic diseases that manifest in the eye like diabetes . skills diagnostic testing refraction knowledge of ocular disease patient care. qualifications doctor of optometry o.d. degree 4-year post-graduate program state licensure.,Healthcare & Life Sciences,Specialized/Alternative,Optometrist (Doctor of Optometry),a primary eye care doctor not an m.d. who provides comprehensive eye exams diagnoses vision problems and eye diseases and prescribes corrective lenses glasses/contacts .,perform comprehensive vision and eye health examinations. diagnose refractive errors and prescribe eyeglasses and contact lenses. diagnose treat and manage common eye diseases e.g. glaucoma macular degeneration dry eye . identify systemic diseases that manifest in the eye like diabetes .,skills diagnostic testing refraction knowledge of ocular disease patient care. qualifications doctor of optometry o.d. degree 4-year post-graduate program state licensure.,308,https://www.kaggle.com/datasets/shivamashokgupta/job-description
JD0309,patient transporter a support service role responsible for the safe and timely movement of patients from one area of the hospital to another e.g. from their room to radiology for an x-ray . safely move patients via wheelchair stretcher or hospital bed. ensure the patient is secure and comfortable during transport. transport medical equipment e.g. iv poles oxygen tanks with the patient. clean and maintain transport equipment. skills physical stamina patient safety techniques communication reliability. qualifications high school diploma on-the-job training and bls/cpr certification.,Healthcare & Life Sciences,Patient Support Services,Patient Transporter,a support service role responsible for the safe and timely movement of patients from one area of the hospital to another e.g. from their room to radiology for an x-ray .,safely move patients via wheelchair stretcher or hospital bed. ensure the patient is secure and comfortable during transport. transport medical equipment e.g. iv poles oxygen tanks with the patient. clean and maintain transport equipment.,skills physical stamina patient safety techniques communication reliability. qualifications high school diploma on-the-job training and bls/cpr certification.,309,https://www.kaggle.com/datasets/shivamashokgupta/job-description
JD0310,patient access representative a frontline administrative role also called patient registrar or scheduler responsible for handling all patient intake scheduling and registration for hospital or clinic services. schedule patient appointments for clinic visits tests and procedures. register patients upon arrival collecting all demographic and insurance information. verify patient insurance eligibility and benefits. collect patient co-pays and deposits. ensure all registration paperwork e.g. consent forms hipaa notices is complete. skills data entry accuracy customer service multitasking knowledge of insurance terminology. qualifications high school diploma certificate in medical office admin is helpful.,Healthcare & Life Sciences,Patient Support Services,Patient Access Representative,a frontline administrative role also called patient registrar or scheduler responsible for handling all patient intake scheduling and registration for hospital or clinic services.,schedule patient appointments for clinic visits tests and procedures. register patients upon arrival collecting all demographic and insurance information. verify patient insurance eligibility and benefits. collect patient co-pays and deposits. ensure all registration paperwork e.g. consent forms hipaa notices is complete.,skills data entry accuracy customer service multitasking knowledge of insurance terminology. qualifications high school diploma certificate in medical office admin is helpful.,310,https://www.kaggle.com/datasets/shivamashokgupta/job-description
JD0311,patient advocate a professional who works for a hospital or independently to help patients navigate the complex healthcare system. they act as a liaison helping to resolve issues with care billing or insurance. help patients and families understand diagnoses and treatment options. investigate and resolve patient complaints or concerns about their care. assist patients with appealing insurance denials. help patients navigate scheduling and find community resources. skills advocacy communication problem-solving knowledge of the healthcare system empathy. qualifications varies widely. many are social workers nurses or experienced administrators. bcpa board certified patient advocate is a cert.,Healthcare & Life Sciences,Patient Support Services,Patient Advocate,a professional who works for a hospital or independently to help patients navigate the complex healthcare system. they act as a liaison helping to resolve issues with care billing or insurance.,help patients and families understand diagnoses and treatment options. investigate and resolve patient complaints or concerns about their care. assist patients with appealing insurance denials. help patients navigate scheduling and find community resources.,skills advocacy communication problem-solving knowledge of the healthcare system empathy. qualifications varies widely. many are social workers nurses or experienced administrators. bcpa board certified patient advocate is a cert.,311,https://www.kaggle.com/datasets/shivamashokgupta/job-description
JD0312,medical interpreter a certified professional who facilitates communication between healthcare providers and patients who speak a different language ensuring accurate and clear understanding. provide precise consecutive interpretation of medical information between patient and provider doctor nurse . must interpret complex medical terminology accurately without adding or omitting information. adhere to a strict code of ethics including patient confidentiality. may also translate written documents like consent forms. skills fluency in two+ languages deep knowledge of medical terminology in both languages impartiality short-term memory. qualifications must be professionally certified e.g. cmi or chi which requires passing rigorous exams.,Healthcare & Life Sciences,Patient Support Services,Medical Interpreter,a certified professional who facilitates communication between healthcare providers and patients who speak a different language ensuring accurate and clear understanding.,provide precise consecutive interpretation of medical information between patient and provider doctor nurse . must interpret complex medical terminology accurately without adding or omitting information. adhere to a strict code of ethics including patient confidentiality. may also translate written documents like consent forms.,skills fluency in two+ languages deep knowledge of medical terminology in both languages impartiality short-term memory. qualifications must be professionally certified e.g. cmi or chi which requires passing rigorous exams.,312,https://www.kaggle.com/datasets/shivamashokgupta/job-description
JD0313,case manager rn or sw a professional often an rn or social worker who manages a patient s care progression typically in a hospital. they coordinate care plan the discharge and arrange for post-hospital services. assess patient needs for post-discharge care. coordinate with the medical team patient and family to create a safe discharge plan. arrange services like home health nursing physical therapy or placement in a rehab facility. liaise with insurance companies to authorize services. skills care coordination knowledge of insurance and community resources communication critical thinking. qualifications active rn license or lcsw license. certification in case management ccm is common.,Healthcare & Life Sciences,Patient Support Services,Case Manager (RN or SW),a professional often an rn or social worker who manages a patient s care progression typically in a hospital. they coordinate care plan the discharge and arrange for post-hospital services.,assess patient needs for post-discharge care. coordinate with the medical team patient and family to create a safe discharge plan. arrange services like home health nursing physical therapy or placement in a rehab facility. liaise with insurance companies to authorize services.,skills care coordination knowledge of insurance and community resources communication critical thinking. qualifications active rn license or lcsw license. certification in case management ccm is common.,313,https://www.kaggle.com/datasets/shivamashokgupta/job-description
JD0314,veterinarian dvm a medical professional doctor who diagnoses treats and prevents diseases and injuries in animals from household pets to farm animals and zoo animals. perform wellness exams administer vaccinations and provide preventative care. diagnose illnesses and injuries using exams x-rays and lab tests. perform surgery e.g. spays/neuters tumor removal injury repair . prescribe medication and counsel owners on animal care. skills broad medical and surgical knowledge across multiple species diagnostics communication with pet owners. qualifications doctor of veterinary medicine dvm degree 4-year post-graduate program must pass the navle and state licensing exams.,Healthcare & Life Sciences,Veterinary Medicine,Veterinarian (DVM),a medical professional doctor who diagnoses treats and prevents diseases and injuries in animals from household pets to farm animals and zoo animals.,perform wellness exams administer vaccinations and provide preventative care. diagnose illnesses and injuries using exams x-rays and lab tests. perform surgery e.g. spays/neuters tumor removal injury repair . prescribe medication and counsel owners on animal care.,skills broad medical and surgical knowledge across multiple species diagnostics communication with pet owners. qualifications doctor of veterinary medicine dvm degree 4-year post-graduate program must pass the navle and state licensing exams.,314,https://www.kaggle.com/datasets/shivamashokgupta/job-description
JD0315,veterinary technician licensed the animal equivalent of a registered nurse. a licensed professional who assists the veterinarian with advanced clinical and technical procedures. assist the dvm in surgery monitoring anesthesia passing instruments . perform dental cleanings scaling and polishing under supervision. take x-rays draw blood and run laboratory tests. administer medications and provide nursing care to hospitalized animals. skills animal handling/restraint clinical skills phlebotomy catheter placement anesthesia monitoring anatomy. qualifications associate s degree in veterinary technology must pass the vtne national exam and be state-licensed lvt/rvt/cvt .,Healthcare & Life Sciences,Veterinary Medicine,Veterinary Technician (Licensed),the animal equivalent of a registered nurse. a licensed professional who assists the veterinarian with advanced clinical and technical procedures.,assist the dvm in surgery monitoring anesthesia passing instruments . perform dental cleanings scaling and polishing under supervision. take x-rays draw blood and run laboratory tests. administer medications and provide nursing care to hospitalized animals.,skills animal handling/restraint clinical skills phlebotomy catheter placement anesthesia monitoring anatomy. qualifications associate s degree in veterinary technology must pass the vtne national exam and be state-licensed lvt/rvt/cvt .,315,https://www.kaggle.com/datasets/shivamashokgupta/job-description
JD0316,veterinary assistant an entry-level support role similar to a cna who assists veterinarians and vet techs with daily tasks animal handling and clinic cleanliness. safely restrain animals for exams blood draws and procedures. feed walk and monitor hospitalized animals. clean and sanitize exam rooms surgical suites and animal kennels. prepare surgical packs and assist with inventory. skills animal handling physical stamina compassion cleanliness reliability. qualifications high school diploma certificate programs are available but often trained on the job.,Healthcare & Life Sciences,Veterinary Medicine,Veterinary Assistant,an entry-level support role similar to a cna who assists veterinarians and vet techs with daily tasks animal handling and clinic cleanliness.,safely restrain animals for exams blood draws and procedures. feed walk and monitor hospitalized animals. clean and sanitize exam rooms surgical suites and animal kennels. prepare surgical packs and assist with inventory.,skills animal handling physical stamina compassion cleanliness reliability. qualifications high school diploma certificate programs are available but often trained on the job.,316,https://www.kaggle.com/datasets/shivamashokgupta/job-description
JD0317,veterinary practice manager the administrator responsible for all business operations of a veterinary clinic allowing the veterinarians to focus on medicine. manage all non-clinical staff receptionists vet assistants . manage clinic finances budgeting billing and inventory purchasing. handle marketing and client communication/complaints. ensure clinic compliance with safety osha and veterinary regulations. skills leadership financial management operations customer service inventory control. qualifications bachelor s in business preferred. cvpm certified veterinary practice manager is the specialty cert.,Healthcare & Life Sciences,Veterinary Medicine,Veterinary Practice Manager,the administrator responsible for all business operations of a veterinary clinic allowing the veterinarians to focus on medicine.,manage all non-clinical staff receptionists vet assistants . manage clinic finances budgeting billing and inventory purchasing. handle marketing and client communication/complaints. ensure clinic compliance with safety osha and veterinary regulations.,skills leadership financial management operations customer service inventory control. qualifications bachelor s in business preferred. cvpm certified veterinary practice manager is the specialty cert.,317,https://www.kaggle.com/datasets/shivamashokgupta/job-description
JD0318,veterinary pathologist a specialist dvm who diagnoses diseases in animals by examining tissue samples bodily fluids and performing necropsies animal autopsies . diagnose diseases by examining biopsies and tissue samples under a microscope. oversee clinical laboratories hematology chemistry . perform necropsies to determine the cause of death in animals. work in research diagnostics labs or pharmaceutical safety. skills expert diagnostic skills pathology microscopy knowledge of animal diseases. qualifications dvm degree followed by a multi-year pathology residency and board certification acvp .,Healthcare & Life Sciences,Veterinary Medicine,Veterinary Pathologist,a specialist dvm who diagnoses diseases in animals by examining tissue samples bodily fluids and performing necropsies animal autopsies .,diagnose diseases by examining biopsies and tissue samples under a microscope. oversee clinical laboratories hematology chemistry . perform necropsies to determine the cause of death in animals. work in research diagnostics labs or pharmaceutical safety.,skills expert diagnostic skills pathology microscopy knowledge of animal diseases. qualifications dvm degree followed by a multi-year pathology residency and board certification acvp .,318,https://www.kaggle.com/datasets/shivamashokgupta/job-description
JD0319,painter fine artist creates original works of art using paint as a primary medium. may work on commission for galleries or build a body of work for exhibition. conceptualize and create original paintings. prepare surfaces stretch canvas prime . manage art supplies and studio space. market work to galleries dealers and collectors. mastery of a medium oil acrylic watercolor . strong understanding of color theory composition and art history. a professional portfolio is essential. bfa or mfa in fine arts.,"Arts, Media, Education & Public Service",Fine Art,Painter (Fine Artist),creates original works of art using paint as a primary medium. may work on commission for galleries or build a body of work for exhibition.,conceptualize and create original paintings. prepare surfaces stretch canvas prime . manage art supplies and studio space. market work to galleries dealers and collectors.,mastery of a medium oil acrylic watercolor . strong understanding of color theory composition and art history. a professional portfolio is essential. bfa or mfa in fine arts.,319,https://www.kaggle.com/datasets/shivamashokgupta/job-description
JD0320,sculptor creates three-dimensional forms of art using materials like stone wood metal clay or found objects. design and conceptualize 3d artworks. manipulate materials using carving modeling casting or construction. manage studio safety especially with tools and chemicals. install large-scale pieces in galleries or public spaces. expertise in sculptural techniques carving welding casting . knowledge of materials and structural integrity. physical stamina. bfa or mfa in fine arts.,"Arts, Media, Education & Public Service",Fine Art,Sculptor,creates three-dimensional forms of art using materials like stone wood metal clay or found objects.,design and conceptualize 3d artworks. manipulate materials using carving modeling casting or construction. manage studio safety especially with tools and chemicals. install large-scale pieces in galleries or public spaces.,expertise in sculptural techniques carving welding casting . knowledge of materials and structural integrity. physical stamina. bfa or mfa in fine arts.,320,https://www.kaggle.com/datasets/shivamashokgupta/job-description
JD0321,printmaker creates original art by transferring images from a matrix like a woodblock metal plate or stone onto another surface such as paper allowing for multiple originals. design images for print processes e.g. etching lithography screenprinting . prepare plates or screens using chemicals or carving tools. operate a printing press to pull impressions. manage editions of prints and maintain studio equipment. mastery of one or more printmaking techniques. precision and attention to detail. knowledge of chemical safety. bfa or mfa in printmaking.,"Arts, Media, Education & Public Service",Fine Art,Printmaker,creates original art by transferring images from a matrix like a woodblock metal plate or stone onto another surface such as paper allowing for multiple originals.,design images for print processes e.g. etching lithography screenprinting . prepare plates or screens using chemicals or carving tools. operate a printing press to pull impressions. manage editions of prints and maintain studio equipment.,mastery of one or more printmaking techniques. precision and attention to detail. knowledge of chemical safety. bfa or mfa in printmaking.,321,https://www.kaggle.com/datasets/shivamashokgupta/job-description
JD0322,portrait artist a specialized artist who creates representations of a person or animal. works directly with clients sitters to capture their likeness and personality. consult with clients to determine the desired style and medium. capture a subject s likeness through live sittings or reference photos. utilize drawing or painting skills to render features and expression. manage commissions and client expectations. exceptional drawing and painting skills especially in realism. strong understanding of human anatomy. interpersonal skills to work with sitters. portfolio of portrait work.,"Arts, Media, Education & Public Service",Fine Art,Portrait Artist,a specialized artist who creates representations of a person or animal. works directly with clients sitters to capture their likeness and personality.,consult with clients to determine the desired style and medium. capture a subject s likeness through live sittings or reference photos. utilize drawing or painting skills to render features and expression. manage commissions and client expectations.,exceptional drawing and painting skills especially in realism. strong understanding of human anatomy. interpersonal skills to work with sitters. portfolio of portrait work.,322,https://www.kaggle.com/datasets/shivamashokgupta/job-description
JD0323,muralist an artist who designs and paints large-scale artworks directly onto walls ceilings or other large permanent surfaces often for public art or private commissions. design large-scale compositions that fit the architecture. pitch designs to clients or public art committees. operate lifts projectors and scaffolding. paint in various conditions using durable materials e.g. aerosol silicate paint . ability to work at a large scale. physical stamina and comfort with heights. strong design and drawing skills. experience with large-scale projects portfolio required .,"Arts, Media, Education & Public Service",Fine Art,Muralist,an artist who designs and paints large-scale artworks directly onto walls ceilings or other large permanent surfaces often for public art or private commissions.,design large-scale compositions that fit the architecture. pitch designs to clients or public art committees. operate lifts projectors and scaffolding. paint in various conditions using durable materials e.g. aerosol silicate paint .,ability to work at a large scale. physical stamina and comfort with heights. strong design and drawing skills. experience with large-scale projects portfolio required .,323,https://www.kaggle.com/datasets/shivamashokgupta/job-description
JD0324,studio assistant provides technical and administrative support to an established professional artist painter sculptor etc. helping with the production of art and management of the studio. prepare art materials mix paint stretch canvas prep clay . assist with art fabrication sanding or finishing. manage studio organization inventory and supply ordering. handle crating shipping and administrative tasks. practical knowledge of art materials. strong organizational skills. reliability and ability to follow directions. bfa degree often preferred.,"Arts, Media, Education & Public Service",Fine Art,Studio Assistant,provides technical and administrative support to an established professional artist painter sculptor etc. helping with the production of art and management of the studio.,prepare art materials mix paint stretch canvas prep clay . assist with art fabrication sanding or finishing. manage studio organization inventory and supply ordering. handle crating shipping and administrative tasks.,practical knowledge of art materials. strong organizational skills. reliability and ability to follow directions. bfa degree often preferred.,324,https://www.kaggle.com/datasets/shivamashokgupta/job-description
JD0325,graphic designer creates visual concepts using computer software or by hand to communicate ideas that inspire inform or captivate consumers. they create logos websites ads and brochures. design logos brand identities and marketing layouts. use typography and illustration to meet a client s brief. adapt designs for different formats print digital social media . prepare final design files for print or web production. proficiency in adobe creative suite illustrator photoshop indesign . strong knowledge of typography color theory and layout. a professional portfolio is mandatory.,"Arts, Media, Education & Public Service",Design (Commercial),Graphic Designer,creates visual concepts using computer software or by hand to communicate ideas that inspire inform or captivate consumers. they create logos websites ads and brochures.,design logos brand identities and marketing layouts. use typography and illustration to meet a client s brief. adapt designs for different formats print digital social media . prepare final design files for print or web production.,proficiency in adobe creative suite illustrator photoshop indesign . strong knowledge of typography color theory and layout. a professional portfolio is mandatory.,325,https://www.kaggle.com/datasets/shivamashokgupta/job-description
JD0326,art director responsible for the overall visual style and images in magazines newspapers product packaging and movie/television productions. they unify the vision and lead other designers. develop the overarching visual concept for a campaign. lead and direct a team of graphic designers photographers and illustrators. pitch visual concepts to clients or executive stakeholders. ensure all visual assets adhere to a unified brand style. senior-level design expertise. strong leadership communication and presentation skills. a portfolio demonstrating conceptual leadership. 5+ years experience as a senior designer.,"Arts, Media, Education & Public Service",Design (Commercial),Art Director,responsible for the overall visual style and images in magazines newspapers product packaging and movie/television productions. they unify the vision and lead other designers.,develop the overarching visual concept for a campaign. lead and direct a team of graphic designers photographers and illustrators. pitch visual concepts to clients or executive stakeholders. ensure all visual assets adhere to a unified brand style.,senior-level design expertise. strong leadership communication and presentation skills. a portfolio demonstrating conceptual leadership. 5+ years experience as a senior designer.,326,https://www.kaggle.com/datasets/shivamashokgupta/job-description
JD0327,creative director the highest-level creative role. they manage the entire creative department develop the high-level strategic vision and are responsible for the final quality of all creative work. lead the overarching creative strategy for a brand or agency. manage and mentor art directors and senior creatives. drive the creative vision for major multi-channel campaigns. act as the primary creative voice to clients and c-suite executives. 10+ years of experience in design/advertising. exceptional leadership and strategic thinking. proven track record of successful high-impact campaigns. masterful presentation and persuasion skills.,"Arts, Media, Education & Public Service",Design (Commercial),Creative Director,the highest-level creative role. they manage the entire creative department develop the high-level strategic vision and are responsible for the final quality of all creative work.,lead the overarching creative strategy for a brand or agency. manage and mentor art directors and senior creatives. drive the creative vision for major multi-channel campaigns. act as the primary creative voice to clients and c-suite executives.,10+ years of experience in design/advertising. exceptional leadership and strategic thinking. proven track record of successful high-impact campaigns. masterful presentation and persuasion skills.,327,https://www.kaggle.com/datasets/shivamashokgupta/job-description
JD0328,industrial designer designs the concepts and specifications for manufactured products e.g. cars electronics furniture focusing on their function usability ergonomics and appearance. research how consumers use a product. sketch model and create 3d prototypes of new product concepts. balance aesthetics engineering requirements and manufacturing cost. use cad software to create precise technical specifications. cad software rhino solidworks 3d modeling. understanding of ergonomics and manufacturing processes. creativity and problem-solving. portfolio of product designs.,"Arts, Media, Education & Public Service",Design (Commercial),Industrial Designer,designs the concepts and specifications for manufactured products e.g. cars electronics furniture focusing on their function usability ergonomics and appearance.,research how consumers use a product. sketch model and create 3d prototypes of new product concepts. balance aesthetics engineering requirements and manufacturing cost. use cad software to create precise technical specifications.,cad software rhino solidworks 3d modeling. understanding of ergonomics and manufacturing processes. creativity and problem-solving. portfolio of product designs.,328,https://www.kaggle.com/datasets/shivamashokgupta/job-description
JD0329,interior designer plans and designs functional and aesthetically pleasing interior spaces for residential commercial or public settings. this is a technical role involving codes and space planning. consult with clients to determine project scope and style. create detailed floor plans mood boards and 3d renderings. select all finishes furniture lighting and materials. ensure designs comply with building codes and accessibility standards ada . manage project execution coordinating with contractors. space planning cad software autocad revit . knowledge of building codes materials and furniture. project management skills. degree in interior design professional license ncidq often required.,"Arts, Media, Education & Public Service",Design (Commercial),Interior Designer,plans and designs functional and aesthetically pleasing interior spaces for residential commercial or public settings. this is a technical role involving codes and space planning.,consult with clients to determine project scope and style. create detailed floor plans mood boards and 3d renderings. select all finishes furniture lighting and materials. ensure designs comply with building codes and accessibility standards ada . manage project execution coordinating with contractors.,space planning cad software autocad revit . knowledge of building codes materials and furniture. project management skills. degree in interior design professional license ncidq often required.,329,https://www.kaggle.com/datasets/shivamashokgupta/job-description
JD0330,packaging designer a specialized graphic designer who focuses on creating the visual identity branding and physical container for a product focusing on marketing appeal and functionality. design the graphics typography and layout for product labels and boxes. consider the 3d form and shelf appeal of a product. create mockups and prototypes for client approval. ensure designs comply with all legal labeling requirements. expertise in adobe illustrator/photoshop. understanding of 3d form branding and marketing. knowledge of print production and materials. portfolio of packaging projects.,"Arts, Media, Education & Public Service",Design (Commercial),Packaging Designer,a specialized graphic designer who focuses on creating the visual identity branding and physical container for a product focusing on marketing appeal and functionality.,design the graphics typography and layout for product labels and boxes. consider the 3d form and shelf appeal of a product. create mockups and prototypes for client approval. ensure designs comply with all legal labeling requirements.,expertise in adobe illustrator/photoshop. understanding of 3d form branding and marketing. knowledge of print production and materials. portfolio of packaging projects.,330,https://www.kaggle.com/datasets/shivamashokgupta/job-description
JD0331,exhibition designer designs and creates the layout displays and narrative flow for temporary or permanent exhibitions in museums galleries trade shows or visitor centers. translate curatorial concepts into a 3d spatial experience. design the exhibit layout traffic flow and interactive displays. create 3d models and renderings of the exhibit space. collaborate with curators fabricators and lighting designers. spatial awareness and interior design skills. proficiency in 3d modeling sketchup vectorworks . knowledge of materials lighting and fabrication. degree in exhibition design or a related field.,"Arts, Media, Education & Public Service",Design (Commercial),Exhibition Designer,designs and creates the layout displays and narrative flow for temporary or permanent exhibitions in museums galleries trade shows or visitor centers.,translate curatorial concepts into a 3d spatial experience. design the exhibit layout traffic flow and interactive displays. create 3d models and renderings of the exhibit space. collaborate with curators fabricators and lighting designers.,spatial awareness and interior design skills. proficiency in 3d modeling sketchup vectorworks . knowledge of materials lighting and fabrication. degree in exhibition design or a related field.,331,https://www.kaggle.com/datasets/shivamashokgupta/job-description
JD0332,ux designer user experience focuses on the overall feel of a digital product. they are responsible for making a website or app functional intuitive and enjoyable for the user to interact with. conduct user research and create user personas. create user flow diagrams journey maps and wireframes. build low-fidelity prototypes for usability testing. analyze user feedback to identify and fix pain points. wireframing figma sketch prototyping. user research methods. empathy and analytical thinking. portfolio of ux case studies.,"Arts, Media, Education & Public Service",Design (Digital),UX Designer (User Experience),focuses on the overall feel of a digital product. they are responsible for making a website or app functional intuitive and enjoyable for the user to interact with.,conduct user research and create user personas. create user flow diagrams journey maps and wireframes. build low-fidelity prototypes for usability testing. analyze user feedback to identify and fix pain points.,wireframing figma sketch prototyping. user research methods. empathy and analytical thinking. portfolio of ux case studies.,332,https://www.kaggle.com/datasets/shivamashokgupta/job-description
JD0333,ui designer user interface a specialized graphic designer for digital products. they focus on the visual look and feel the skin of a website or app including buttons icons typography and color schemes. design high-fidelity pixel-perfect mockups of all app/web screens. create comprehensive design systems and component libraries. ensure brand identity is translated consistently into the digital product. hand off precise visual specs to the development team. expertise in ui tools figma sketch . strong grasp of typography color and layout. attention to pixel-perfect detail. portfolio of visual design projects.,"Arts, Media, Education & Public Service",Design (Digital),UI Designer (User Interface),a specialized graphic designer for digital products. they focus on the visual look and feel the skin of a website or app including buttons icons typography and color schemes.,design high-fidelity pixel-perfect mockups of all app/web screens. create comprehensive design systems and component libraries. ensure brand identity is translated consistently into the digital product. hand off precise visual specs to the development team.,expertise in ui tools figma sketch . strong grasp of typography color and layout. attention to pixel-perfect detail. portfolio of visual design projects.,333,https://www.kaggle.com/datasets/shivamashokgupta/job-description
JD0334,ux researcher a specialist who uses qualitative and quantitative methods to understand user behaviors needs and motivations providing actionable insights to the design and product teams. plan and conduct usability tests user interviews and surveys. analyze quantitative data and qualitative feedback to find patterns. create personas and journey maps based on data. present research findings and recommendations to stakeholders. qualitative and quantitative research methods. data analysis and synthesis. empathy and strong communication skills. degree in psychology hci or related field.,"Arts, Media, Education & Public Service",Design (Digital),UX Researcher,a specialist who uses qualitative and quantitative methods to understand user behaviors needs and motivations providing actionable insights to the design and product teams.,plan and conduct usability tests user interviews and surveys. analyze quantitative data and qualitative feedback to find patterns. create personas and journey maps based on data. present research findings and recommendations to stakeholders.,qualitative and quantitative research methods. data analysis and synthesis. empathy and strong communication skills. degree in psychology hci or related field.,334,https://www.kaggle.com/datasets/shivamashokgupta/job-description
JD0335,motion graphics designer creates animated graphics text and visual effects for videos commercials websites and presentations. they bring static designs to life. design and animate graphic elements logos and titles. create data visualizations and explainer video animations. composite visual effects into live-action footage. work closely with video editors and art directors. expertise in adobe after effects and illustrator. strong understanding of animation principles timing and typography. a professional demo reel is mandatory.,"Arts, Media, Education & Public Service",Design (Digital),Motion Graphics Designer,creates animated graphics text and visual effects for videos commercials websites and presentations. they bring static designs to life.,design and animate graphic elements logos and titles. create data visualizations and explainer video animations. composite visual effects into live-action footage. work closely with video editors and art directors.,expertise in adobe after effects and illustrator. strong understanding of animation principles timing and typography. a professional demo reel is mandatory.,335,https://www.kaggle.com/datasets/shivamashokgupta/job-description
JD0336,fashion designer the creative visionary who designs new collections of clothing footwear and accessories. they research trends sketch designs and select fabrics. research and forecast fashion trends themes and color palettes. sketch new designs by hand or with software . select fabrics trims and materials for a collection. oversee the creation of prototype garments samples . creativity and strong drawing skills. knowledge of garment construction textiles and fashion history. a professional portfolio is essential. bachelor s in fashion design.,"Arts, Media, Education & Public Service",Fashion & Apparel,Fashion Designer,the creative visionary who designs new collections of clothing footwear and accessories. they research trends sketch designs and select fabrics.,research and forecast fashion trends themes and color palettes. sketch new designs by hand or with software . select fabrics trims and materials for a collection. oversee the creation of prototype garments samples .,creativity and strong drawing skills. knowledge of garment construction textiles and fashion history. a professional portfolio is essential. bachelor s in fashion design.,336,https://www.kaggle.com/datasets/shivamashokgupta/job-description
JD0337,technical designer the engineer of fashion. they translate a designer s creative sketch into a technical blueprint tech pack that a factory can use for precise manufacturing. create detailed technical specification packets tech packs . lead fit sessions on models to assess garment fit and function. communicate precise fit corrections e.g. raise armhole 1/4 inch to factories. ensure sizing and fit consistency grading across all products. expert knowledge of garment construction and patternmaking. extreme attention to detail. adobe illustrator. strong communication and problem-solving skills.,"Arts, Media, Education & Public Service",Fashion & Apparel,Technical Designer,the engineer of fashion. they translate a designer s creative sketch into a technical blueprint tech pack that a factory can use for precise manufacturing.,create detailed technical specification packets tech packs . lead fit sessions on models to assess garment fit and function. communicate precise fit corrections e.g. raise armhole 1/4 inch to factories. ensure sizing and fit consistency grading across all products.,expert knowledge of garment construction and patternmaking. extreme attention to detail. adobe illustrator. strong communication and problem-solving skills.,337,https://www.kaggle.com/datasets/shivamashokgupta/job-description
JD0338,pattern maker a highly skilled artisan who drafts the 2d pattern pieces of a garment based on a designer s sketch. this pattern is the template used to cut the fabric. draft original patterns by hand draping on a mannequin or using cad software . create all pattern pieces needed to construct the garment. adjust patterns based on feedback from fit sessions. grade the pattern scale it to create all sizes s m l . mastery of pattern drafting techniques flat pattern draping . expert knowledge of geometry and human anatomy. cad software gerber lectra or expert hand-drafting skills.,"Arts, Media, Education & Public Service",Fashion & Apparel,Pattern Maker,a highly skilled artisan who drafts the 2d pattern pieces of a garment based on a designer s sketch. this pattern is the template used to cut the fabric.,draft original patterns by hand draping on a mannequin or using cad software . create all pattern pieces needed to construct the garment. adjust patterns based on feedback from fit sessions. grade the pattern scale it to create all sizes s m l .,mastery of pattern drafting techniques flat pattern draping . expert knowledge of geometry and human anatomy. cad software gerber lectra or expert hand-drafting skills.,338,https://www.kaggle.com/datasets/shivamashokgupta/job-description
JD0339,textile designer an artist who designs the prints weaves and knit patterns that appear on fabric. they work in fashion home goods and other industries. design original 2d repeating patterns for fabrics. create print designs using digital software photoshop illustrator or traditional art. develop new fabric textures through weave or knit structures. work with textile mills to ensure proper color and production. high creativity and artistic skill drawing painting . mastery of pattern repeats. strong understanding of color theory. bfa or textile design degree.,"Arts, Media, Education & Public Service",Fashion & Apparel,Textile Designer,an artist who designs the prints weaves and knit patterns that appear on fabric. they work in fashion home goods and other industries.,design original 2d repeating patterns for fabrics. create print designs using digital software photoshop illustrator or traditional art. develop new fabric textures through weave or knit structures. work with textile mills to ensure proper color and production.,high creativity and artistic skill drawing painting . mastery of pattern repeats. strong understanding of color theory. bfa or textile design degree.,339,https://www.kaggle.com/datasets/shivamashokgupta/job-description
JD0340,apparel buyer merchant works for a retail company and is responsible for selecting planning and purchasing the mix of apparel products that will be sold in stores. analyze sales data and fashion trends to forecast customer demand. select specific products and brands to sell for the upcoming season. negotiate pricing delivery and quantities with apparel vendors. manage the inventory budget open-to-buy to ensure profitability. strong analytical and quantitative skills advanced excel . trend forecasting ability. negotiation and financial acumen. bachelor s in fashion merchandising or business.,"Arts, Media, Education & Public Service",Fashion & Apparel,Apparel Buyer (Merchant),works for a retail company and is responsible for selecting planning and purchasing the mix of apparel products that will be sold in stores.,analyze sales data and fashion trends to forecast customer demand. select specific products and brands to sell for the upcoming season. negotiate pricing delivery and quantities with apparel vendors. manage the inventory budget open-to-buy to ensure profitability.,strong analytical and quantitative skills advanced excel . trend forecasting ability. negotiation and financial acumen. bachelor s in fashion merchandising or business.,340,https://www.kaggle.com/datasets/shivamashokgupta/job-description
JD0341,visual merchandiser designs and implements the visual displays within a retail store including window displays in-store layouts and mannequins to create an engaging environment that drives sales. design and execute compelling window displays based on seasonal themes. plan the store layout and product adjacencies. style mannequins and create in-store displays per brand guidelines. analyze sales data to determine the effectiveness of displays. creativity and strong styling skills. spatial awareness and interior design knowledge. understanding of retail analytics and consumer behavior. degree in visual merchandising or fashion.,"Arts, Media, Education & Public Service",Fashion & Apparel,Visual Merchandiser,designs and implements the visual displays within a retail store including window displays in-store layouts and mannequins to create an engaging environment that drives sales.,design and execute compelling window displays based on seasonal themes. plan the store layout and product adjacencies. style mannequins and create in-store displays per brand guidelines. analyze sales data to determine the effectiveness of displays.,creativity and strong styling skills. spatial awareness and interior design knowledge. understanding of retail analytics and consumer behavior. degree in visual merchandising or fashion.,341,https://www.kaggle.com/datasets/shivamashokgupta/job-description
JD0342,fashion stylist selects the clothing and accessories for published editorial features print or television advertising campaigns music videos concert performances and public appearances made by celebrities. consult with clients celebrities brands magazines on their image. source clothing and accessories from brands and pr showrooms. assemble and style complete outfits for photo shoots or events. manage all garments and build relationships with designers. strong knowledge of fashion history and current trends. exceptional networking and relationship-building skills. strong personal sense of style. portfolio of work e.g. editorial spreads .,"Arts, Media, Education & Public Service",Fashion & Apparel,Fashion Stylist,selects the clothing and accessories for published editorial features print or television advertising campaigns music videos concert performances and public appearances made by celebrities.,consult with clients celebrities brands magazines on their image. source clothing and accessories from brands and pr showrooms. assemble and style complete outfits for photo shoots or events. manage all garments and build relationships with designers.,strong knowledge of fashion history and current trends. exceptional networking and relationship-building skills. strong personal sense of style. portfolio of work e.g. editorial spreads .,342,https://www.kaggle.com/datasets/shivamashokgupta/job-description
JD0343,fit model a person who works with a fashion brand s technical design team to test the fit drape and movement of prototype garments acting as a live mannequin with the brand s exact sample-size measurements. try on prototype garments during fit sessions. stand walk and move as directed by the technical designer. provide verbal feedback on the garment s comfort and feel. must precisely maintain specific body measurements. specific consistent body measurements that match the brand s sample size. professionalism and patience. ability to provide clear objective feedback on garment feel.,"Arts, Media, Education & Public Service",Fashion & Apparel,Fit Model,a person who works with a fashion brand s technical design team to test the fit drape and movement of prototype garments acting as a live mannequin with the brand s exact sample-size measurements.,try on prototype garments during fit sessions. stand walk and move as directed by the technical designer. provide verbal feedback on the garment s comfort and feel. must precisely maintain specific body measurements.,specific consistent body measurements that match the brand s sample size. professionalism and patience. ability to provide clear objective feedback on garment feel.,343,https://www.kaggle.com/datasets/shivamashokgupta/job-description
JD0344,fashion illustrator a specialized artist who creates stylized elegant drawings of fashion designs or products often used in editorial spreads advertising or as concept art by designers. draw sketch or paint fashion figures and garments. work with designers to visually communicate their concepts. create artwork for magazine editorials ad campaigns or websites. adapt their artistic style to fit the brand s image. exceptional drawing and artistic skills. a unique recognizable artistic style. knowledge of human anatomy and garment drape. portfolio of illustrations.,"Arts, Media, Education & Public Service",Fashion & Apparel,Fashion Illustrator,a specialized artist who creates stylized elegant drawings of fashion designs or products often used in editorial spreads advertising or as concept art by designers.,draw sketch or paint fashion figures and garments. work with designers to visually communicate their concepts. create artwork for magazine editorials ad campaigns or websites. adapt their artistic style to fit the brand s image.,exceptional drawing and artistic skills. a unique recognizable artistic style. knowledge of human anatomy and garment drape. portfolio of illustrations.,344,https://www.kaggle.com/datasets/shivamashokgupta/job-description
JD0345,trend forecaster a research professional who analyzes cultural shifts market data and runway shows to predict future trends in color fabric silhouette and style for the fashion industry. research and analyze social economic and cultural data. attend fashion shows trade shows and art exhibitions. synthesize research into comprehensive trend reports and presentations. advise design and buying teams on future product development. strong analytical and research skills. intuitive and forward-thinking mindset. excellent presentation and communication skills. degree in fashion marketing or sociology.,"Arts, Media, Education & Public Service",Fashion & Apparel,Trend Forecaster,a research professional who analyzes cultural shifts market data and runway shows to predict future trends in color fabric silhouette and style for the fashion industry.,research and analyze social economic and cultural data. attend fashion shows trade shows and art exhibitions. synthesize research into comprehensive trend reports and presentations. advise design and buying teams on future product development.,strong analytical and research skills. intuitive and forward-thinking mindset. excellent presentation and communication skills. degree in fashion marketing or sociology.,345,https://www.kaggle.com/datasets/shivamashokgupta/job-description
JD0346,actor uses speech movement and expression to portray a character in a theatrical production film or television show. audition for roles by performing monologues or reading scripts. memorize lines blocking movements and choreography. research and interpret a character to develop an authentic portrayal. rehearse and perform consistently under the guidance of a director. performance skills vocal physical . memorization ability. resilience and ability to handle rejection. bfa or mfa in acting or extensive training a headshot and resume are required.,"Arts, Media, Education & Public Service",Performing Arts (Theatre),Actor,uses speech movement and expression to portray a character in a theatrical production film or television show.,audition for roles by performing monologues or reading scripts. memorize lines blocking movements and choreography. research and interpret a character to develop an authentic portrayal. rehearse and perform consistently under the guidance of a director.,performance skills vocal physical . memorization ability. resilience and ability to handle rejection. bfa or mfa in acting or extensive training a headshot and resume are required.,346,https://www.kaggle.com/datasets/shivamashokgupta/job-description
JD0347,theatre director the primary creative leader of a theatrical production. they are responsible for unifying all elements acting design text to create a cohesive artistic vision. select or be assigned a script play or musical . develop the central artistic concept or vision for the production. cast the actors and lead all rehearsals. collaborate with designers set light sound costume to ensure a unified production. strong leadership and communication skills. deep knowledge of dramatic text and theatre history. ability to collaborate and synthesize ideas. directing portfolio mfa in directing is common.,"Arts, Media, Education & Public Service",Performing Arts (Theatre),Theatre Director,the primary creative leader of a theatrical production. they are responsible for unifying all elements acting design text to create a cohesive artistic vision.,select or be assigned a script play or musical . develop the central artistic concept or vision for the production. cast the actors and lead all rehearsals. collaborate with designers set light sound costume to ensure a unified production.,strong leadership and communication skills. deep knowledge of dramatic text and theatre history. ability to collaborate and synthesize ideas. directing portfolio mfa in directing is common.,347,https://www.kaggle.com/datasets/shivamashokgupta/job-description
JD0348,stage manager the primary organizational and communications hub of a production. they manage scheduling run rehearsals and are responsible for calling all technical cues lights sound during the live performance. create and manage the rehearsal schedule. document all actor blocking and technical cues in a prompt book. act as the primary liaison between the director designers and actors. call the show by giving cues to light and sound board operators. extreme organization and attention to detail. ability to stay calm under pressure. strong communication and leadership skills. certification or degree in stage management.,"Arts, Media, Education & Public Service",Performing Arts (Theatre),Stage Manager,the primary organizational and communications hub of a production. they manage scheduling run rehearsals and are responsible for calling all technical cues lights sound during the live performance.,create and manage the rehearsal schedule. document all actor blocking and technical cues in a prompt book. act as the primary liaison between the director designers and actors. call the show by giving cues to light and sound board operators.,extreme organization and attention to detail. ability to stay calm under pressure. strong communication and leadership skills. certification or degree in stage management.,348,https://www.kaggle.com/datasets/shivamashokgupta/job-description
JD0349,lighting designer designs the lighting for a production. this involves selecting instruments positioning and color and creating a light plot to create atmosphere mood and focus. read the script and collaborate with the director on the lighting concept. design a detailed light plot specifying instrument type and location. attend rehearsals and write lighting cues dimming timing movement . supervise the master electrician during programming and focus. deep knowledge of lighting technology and instruments. understanding of color theory and mood. software for drafting vectorworks and console operation. portfolio of design work.,"Arts, Media, Education & Public Service",Performing Arts (Theatre),Lighting Designer,designs the lighting for a production. this involves selecting instruments positioning and color and creating a light plot to create atmosphere mood and focus.,read the script and collaborate with the director on the lighting concept. design a detailed light plot specifying instrument type and location. attend rehearsals and write lighting cues dimming timing movement . supervise the master electrician during programming and focus.,deep knowledge of lighting technology and instruments. understanding of color theory and mood. software for drafting vectorworks and console operation. portfolio of design work.,349,https://www.kaggle.com/datasets/shivamashokgupta/job-description
JD0350,sound designer responsible for all audio aspects of a production including ambient soundscapes pre-show music sound effects e.g. a doorbell thunder and microphone systems. read the script and collaborate with the director on the audio concept. source or create all required sound effects and background music. design the speaker plot and microphone system for the theatre. program sound cues into software like qlab for the operator. expertise in audio editing pro tools logic and playback software qlab . knowledge of acoustics microphones and speakers. a good ear and sense of timing.,"Arts, Media, Education & Public Service",Performing Arts (Theatre),Sound Designer,responsible for all audio aspects of a production including ambient soundscapes pre-show music sound effects e.g. a doorbell thunder and microphone systems.,read the script and collaborate with the director on the audio concept. source or create all required sound effects and background music. design the speaker plot and microphone system for the theatre. program sound cues into software like qlab for the operator.,expertise in audio editing pro tools logic and playback software qlab . knowledge of acoustics microphones and speakers. a good ear and sense of timing.,350,https://www.kaggle.com/datasets/shivamashokgupta/job-description
JD0351,costume designer designs all clothing and accessories costumes worn by the actors in a production helping to define the character period and style of the show. analyze the script to determine costume requirements period style character . sketch costume designs renderings for each character. source fabrics and materials collaborate with the costume shop to build garments. oversee costume fittings with actors. strong knowledge of fashion history and garment construction. excellent drawing/rendering skills. creativity and research skills. portfolio of designs mfa in costume design common.,"Arts, Media, Education & Public Service",Performing Arts (Theatre),Costume Designer,designs all clothing and accessories costumes worn by the actors in a production helping to define the character period and style of the show.,analyze the script to determine costume requirements period style character . sketch costume designs renderings for each character. source fabrics and materials collaborate with the costume shop to build garments. oversee costume fittings with actors.,strong knowledge of fashion history and garment construction. excellent drawing/rendering skills. creativity and research skills. portfolio of designs mfa in costume design common.,351,https://www.kaggle.com/datasets/shivamashokgupta/job-description
JD0352,props master properties responsible for acquiring creating and managing all props any object handled by an actor on stage as well as set dressing furniture . read the script and create a detailed props list. source props by buying renting borrowing or building them. manage the props budget and workshop. create a props run sheet for the stage crew to track props during the show. wide range of craft skills woodworking upholstery painting sewing . extreme resourcefulness and organization. budget management skills.,"Arts, Media, Education & Public Service",Performing Arts (Theatre),Props Master (Properties),responsible for acquiring creating and managing all props any object handled by an actor on stage as well as set dressing furniture .,read the script and create a detailed props list. source props by buying renting borrowing or building them. manage the props budget and workshop. create a props run sheet for the stage crew to track props during the show.,wide range of craft skills woodworking upholstery painting sewing . extreme resourcefulness and organization. budget management skills.,352,https://www.kaggle.com/datasets/shivamashokgupta/job-description
JD0353,technical director td manages the technical operations of a theatre primarily focusing on the build and installation of the scenery. they translate the set designer s drawings into a structural reality. analyze the set designer s plans for feasibility and budget. create technical draftings construction plans for the scene shop. manage the scene shop budget materials purchasing and carpentry staff. oversee the safe installation load-in of the set into the theatre. expert knowledge of structural engineering and construction. advanced carpentry and welding skills. budget management and leadership skills. bfa or mfa in technical direction.,"Arts, Media, Education & Public Service",Performing Arts (Theatre),Technical Director (TD),manages the technical operations of a theatre primarily focusing on the build and installation of the scenery. they translate the set designer s drawings into a structural reality.,analyze the set designer s plans for feasibility and budget. create technical draftings construction plans for the scene shop. manage the scene shop budget materials purchasing and carpentry staff. oversee the safe installation load-in of the set into the theatre.,expert knowledge of structural engineering and construction. advanced carpentry and welding skills. budget management and leadership skills. bfa or mfa in technical direction.,353,https://www.kaggle.com/datasets/shivamashokgupta/job-description
JD0354,playwright the artist who writes the script for a play including the dialogue stage directions and dramatic structure. conceive and write original dramatic texts. create compelling characters plot and dialogue. workshop new plays with directors and actors. submit scripts to theatres agents and competitions. exceptional writing ability specifically in dialogue and dramatic structure. creativity and persistence. ability to accept and integrate feedback. mfa in playwriting is common.,"Arts, Media, Education & Public Service",Performing Arts (Theatre),Playwright,the artist who writes the script for a play including the dialogue stage directions and dramatic structure.,conceive and write original dramatic texts. create compelling characters plot and dialogue. workshop new plays with directors and actors. submit scripts to theatres agents and competitions.,exceptional writing ability specifically in dialogue and dramatic structure. creativity and persistence. ability to accept and integrate feedback. mfa in playwriting is common.,354,https://www.kaggle.com/datasets/shivamashokgupta/job-description
JD0355,dramaturg the in-house literary and research expert for a theatre or specific production. they provide context research and critical analysis to the director actors and audience. conduct in-depth historical and literary research for a play. assist the director in interpreting the script s themes and structure. write program notes and lobby display materials for the audience. help the theatre select its season of plays. deep academic knowledge of theatre history and dramatic literature. exceptional research and writing skills. analytical and critical thinking skills. master s or phd in theatre studies or dramaturgy.,"Arts, Media, Education & Public Service",Performing Arts (Theatre),Dramaturg,the in-house literary and research expert for a theatre or specific production. they provide context research and critical analysis to the director actors and audience.,conduct in-depth historical and literary research for a play. assist the director in interpreting the script s themes and structure. write program notes and lobby display materials for the audience. help the theatre select its season of plays.,deep academic knowledge of theatre history and dramatic literature. exceptional research and writing skills. analytical and critical thinking skills. master s or phd in theatre studies or dramaturgy.,355,https://www.kaggle.com/datasets/shivamashokgupta/job-description
JD0356,choreographer designs and directs the dance movements and routines in a production whether for concert dance ballet modern a musical a music video or a film. conceive and create original dance sequences and movement vocabulary. audition and cast dancers. teach choreography to performers and lead dance rehearsals. collaborate with the director and designers on the overall artistic vision. expert-level training in one or more dance techniques. strong creative vision and teaching skills. understanding of music rhythm and spatial relations. professional dance and choreography experience.,"Arts, Media, Education & Public Service",Performing Arts (General),Choreographer,designs and directs the dance movements and routines in a production whether for concert dance ballet modern a musical a music video or a film.,conceive and create original dance sequences and movement vocabulary. audition and cast dancers. teach choreography to performers and lead dance rehearsals. collaborate with the director and designers on the overall artistic vision.,expert-level training in one or more dance techniques. strong creative vision and teaching skills. understanding of music rhythm and spatial relations. professional dance and choreography experience.,356,https://www.kaggle.com/datasets/shivamashokgupta/job-description
JD0357,dancer a performer who uses their body and movement to express ideas and stories typically as part of a company ballet contemporary or in a commercial production musical music video . attend daily technique classes to maintain peak physical condition. learn and rehearse choreography from a choreographer. perform routines precisely and expressively. audition regularly for new roles or productions. elite-level technical training in a specific dance style. physical stamina flexibility and strength. musicality discipline and resilience.,"Arts, Media, Education & Public Service",Performing Arts (General),Dancer,a performer who uses their body and movement to express ideas and stories typically as part of a company ballet contemporary or in a commercial production musical music video .,attend daily technique classes to maintain peak physical condition. learn and rehearse choreography from a choreographer. perform routines precisely and expressively. audition regularly for new roles or productions.,elite-level technical training in a specific dance style. physical stamina flexibility and strength. musicality discipline and resilience.,357,https://www.kaggle.com/datasets/shivamashokgupta/job-description
JD0358,casting director manages the audition process for a film tv or theatre production. they work with the director to find the best actors for each role. read the script and create character breakdowns role descriptions . schedule and run auditions reviewing hundreds of actors. recommend a shortlist of actors to the director and producers. negotiate initial contracts and availability with agents. deep knowledge of the acting talent pool. strong intuition for talent and character. organization and negotiation skills. member of the casting society of america csa .,"Arts, Media, Education & Public Service",Performing Arts (General),Casting Director,manages the audition process for a film tv or theatre production. they work with the director to find the best actors for each role.,read the script and create character breakdowns role descriptions . schedule and run auditions reviewing hundreds of actors. recommend a shortlist of actors to the director and producers. negotiate initial contracts and availability with agents.,deep knowledge of the acting talent pool. strong intuition for talent and character. organization and negotiation skills. member of the casting society of america csa .,358,https://www.kaggle.com/datasets/shivamashokgupta/job-description
JD0359,musician orchestral a highly trained instrumentalist who performs as part of a symphony orchestra. they must play their specific part perfectly in sync with a large ensemble. practice their instrument e.g. violin flute trumpet daily. rehearse complex musical scores with the full orchestra. follow the conductor s direction precisely regarding tempo dynamics and articulation. perform in public concerts. virtuosic mastery of a specific musical instrument. exceptional sight-reading skills. ability to play collaboratively within an ensemble. bachelor s or master s degree in music performance.,"Arts, Media, Education & Public Service",Performing Arts (Music),Musician (Orchestral),a highly trained instrumentalist who performs as part of a symphony orchestra. they must play their specific part perfectly in sync with a large ensemble.,practice their instrument e.g. violin flute trumpet daily. rehearse complex musical scores with the full orchestra. follow the conductor s direction precisely regarding tempo dynamics and articulation. perform in public concerts.,virtuosic mastery of a specific musical instrument. exceptional sight-reading skills. ability to play collaboratively within an ensemble. bachelor s or master s degree in music performance.,359,https://www.kaggle.com/datasets/shivamashokgupta/job-description
JD0360,conductor maestro the artistic leader of an orchestra or choir. they use physical gestures conducting to unify the ensemble set the tempo and shape the artistic interpretation of a musical work. study musical scores in-depth to develop an artistic interpretation. lead orchestra rehearsals correcting timing pitch and dynamics. conduct the ensemble during live performances. often acts as the orchestra s music director choosing the season s programming. expert knowledge of music theory history and instrumentation. expressive physical gesture and strong leadership skills. a good ear for pitch and harmony. master s or doctorate in conducting.,"Arts, Media, Education & Public Service",Performing Arts (Music),Conductor (Maestro),the artistic leader of an orchestra or choir. they use physical gestures conducting to unify the ensemble set the tempo and shape the artistic interpretation of a musical work.,study musical scores in-depth to develop an artistic interpretation. lead orchestra rehearsals correcting timing pitch and dynamics. conduct the ensemble during live performances. often acts as the orchestra s music director choosing the season s programming.,expert knowledge of music theory history and instrumentation. expressive physical gesture and strong leadership skills. a good ear for pitch and harmony. master s or doctorate in conducting.,360,https://www.kaggle.com/datasets/shivamashokgupta/job-description
JD0361,composer an artist who creates original music. this can include writing scores for orchestras film/tv video games or writing songs for bands or theatrical musicals. conceive and write original musical compositions melody harmony rhythm . notate music using software like sibelius or finale or by hand. orchestrate music for specific instruments. collaborate with directors lyricists or producers. mastery of music theory harmony and orchestration. proficiency with a primary instrument usually piano . creativity and discipline. degree in music composition.,"Arts, Media, Education & Public Service",Performing Arts (Music),Composer,an artist who creates original music. this can include writing scores for orchestras film/tv video games or writing songs for bands or theatrical musicals.,conceive and write original musical compositions melody harmony rhythm . notate music using software like sibelius or finale or by hand. orchestrate music for specific instruments. collaborate with directors lyricists or producers.,mastery of music theory harmony and orchestration. proficiency with a primary instrument usually piano . creativity and discipline. degree in music composition.,361,https://www.kaggle.com/datasets/shivamashokgupta/job-description
JD0362,music producer oversees the entire process of creating a song or album acting as the creative project manager. they guide the artist s vision and manage the technical recording process. collaborate with artists to shape the song s arrangement and instrumentation. manage the studio recording budget and schedule. coach the artist and musicians during recording sessions. supervise the audio engineer during mixing and mastering. strong musical ear and understanding of song structure. technical knowledge of studio recording. project management and interpersonal skills. expertise in a specific genre pop rock hip-hop .,"Arts, Media, Education & Public Service",Performing Arts (Music),Music Producer,oversees the entire process of creating a song or album acting as the creative project manager. they guide the artist s vision and manage the technical recording process.,collaborate with artists to shape the song s arrangement and instrumentation. manage the studio recording budget and schedule. coach the artist and musicians during recording sessions. supervise the audio engineer during mixing and mastering.,strong musical ear and understanding of song structure. technical knowledge of studio recording. project management and interpersonal skills. expertise in a specific genre pop rock hip-hop .,362,https://www.kaggle.com/datasets/shivamashokgupta/job-description
JD0363,audio engineer recording the technical specialist responsible for recording mixing and mastering audio. they operate the studio equipment microphones mixing boards software to capture the highest quality sound. select and place microphones to record instruments and vocals. operate a digital audio workstation daw like pro tools. mix the track balancing levels adding effects reverb eq and polishing the sound. master the final track for distribution. technical mastery of daws pro tools logic pro . deep understanding of acoustics signal flow and audio effects. patience and extreme attention to sonic detail.,"Arts, Media, Education & Public Service",Performing Arts (Music),Audio Engineer (Recording),the technical specialist responsible for recording mixing and mastering audio. they operate the studio equipment microphones mixing boards software to capture the highest quality sound.,select and place microphones to record instruments and vocals. operate a digital audio workstation daw like pro tools. mix the track balancing levels adding effects reverb eq and polishing the sound. master the final track for distribution.,technical mastery of daws pro tools logic pro . deep understanding of acoustics signal flow and audio effects. patience and extreme attention to sonic detail.,363,https://www.kaggle.com/datasets/shivamashokgupta/job-description
JD0364,a r representative artist repertoire. this person works for a record label and is responsible for scouting discovering and signing new musical talent to the label. scout new talent by attending live shows listening to demos and monitoring online buzz. sign promising artists to recording contracts. act as the artist s primary liaison within the record label. guide the artist s creative and career development. a strong ear for commercially viable music. networking and relationship-building skills. negotiation skills. deep knowledge of the music industry.,"Arts, Media, Education & Public Service",Performing Arts (Music),A&R Representative,artist repertoire. this person works for a record label and is responsible for scouting discovering and signing new musical talent to the label.,scout new talent by attending live shows listening to demos and monitoring online buzz. sign promising artists to recording contracts. act as the artist s primary liaison within the record label. guide the artist s creative and career development.,a strong ear for commercially viable music. networking and relationship-building skills. negotiation skills. deep knowledge of the music industry.,364,https://www.kaggle.com/datasets/shivamashokgupta/job-description
JD0365,tour manager manages all the logistics for a musical act while they are on tour. they are the road boss responsible for travel finances and scheduling. book all travel accommodation and ground transport for the band and crew. manage the tour budget and distribute per diems daily cash to the band. coordinate with venue managers to ensure all technical and hospitality needs riders are met. ensure the band gets to every show on time. extreme logistical organization and crisis-management skills. budgeting and basic accounting skills. stamina and ability to work long hours with difficult personalities.,"Arts, Media, Education & Public Service",Performing Arts (Music),Tour Manager,manages all the logistics for a musical act while they are on tour. they are the road boss responsible for travel finances and scheduling.,book all travel accommodation and ground transport for the band and crew. manage the tour budget and distribute per diems daily cash to the band. coordinate with venue managers to ensure all technical and hospitality needs riders are met. ensure the band gets to every show on time.,extreme logistical organization and crisis-management skills. budgeting and basic accounting skills. stamina and ability to work long hours with difficult personalities.,365,https://www.kaggle.com/datasets/shivamashokgupta/job-description
JD0366,music publisher manages the copyrights for musical compositions lyrics and melody . they work to get an artist s songs placed in movies ads or recorded by other artists and then collect the royalties. administer the copyright catalog for songwriters. pitch songs to film supervisors ad agencies and other artists. negotiate synchronization sync licenses for media use. track collect and pay out royalties to the songwriter. strong understanding of music copyright law. sales and networking skills. meticulous administrative skills.,"Arts, Media, Education & Public Service",Performing Arts (Music),Music Publisher,manages the copyrights for musical compositions lyrics and melody . they work to get an artist s songs placed in movies ads or recorded by other artists and then collect the royalties.,administer the copyright catalog for songwriters. pitch songs to film supervisors ad agencies and other artists. negotiate synchronization sync licenses for media use. track collect and pay out royalties to the songwriter.,strong understanding of music copyright law. sales and networking skills. meticulous administrative skills.,366,https://www.kaggle.com/datasets/shivamashokgupta/job-description
JD0367,animator 3d/2d creates the illusion of motion by sequencing images or digital models. 3d animators work for film/games pixar ea while 2d animators work on traditional or motion graphics. use software like maya blender or toon boom harmony to animate characters. follow storyboards and direction to create character performance and movement. manipulate digital models frame-by-frame to convey weight physics and emotion. mastery of animation software. strong understanding of the 12 principles of animation physics and acting. patience and attention to detail. a professional demo reel is mandatory.,"Arts, Media, Education & Public Service",Media & Production,Animator (3D/2D),creates the illusion of motion by sequencing images or digital models. 3d animators work for film/games pixar ea while 2d animators work on traditional or motion graphics.,use software like maya blender or toon boom harmony to animate characters. follow storyboards and direction to create character performance and movement. manipulate digital models frame-by-frame to convey weight physics and emotion.,mastery of animation software. strong understanding of the 12 principles of animation physics and acting. patience and attention to detail. a professional demo reel is mandatory.,367,https://www.kaggle.com/datasets/shivamashokgupta/job-description
JD0368,storyboard artist a visual artist who translates a script into a series of comic-book-like panels a storyboard . this sequence visually plans the film animation or commercial shot by shot. read the script and visualize the action. draw quick sketches of key scenes showing character position camera angles and motion. collaborate with the director to refine the visual narrative flow. ensure the story is clear and the pacing works visually. exceptional and fast drawing skills. deep understanding of cinematic language camera angles composition editing . storytelling skills. portfolio/reel of storyboard work.,"Arts, Media, Education & Public Service",Media & Production,Storyboard Artist,a visual artist who translates a script into a series of comic-book-like panels a storyboard . this sequence visually plans the film animation or commercial shot by shot.,read the script and visualize the action. draw quick sketches of key scenes showing character position camera angles and motion. collaborate with the director to refine the visual narrative flow. ensure the story is clear and the pacing works visually.,exceptional and fast drawing skills. deep understanding of cinematic language camera angles composition editing . storytelling skills. portfolio/reel of storyboard work.,368,https://www.kaggle.com/datasets/shivamashokgupta/job-description
JD0369,concept artist a highly skilled designer who creates the initial look and feel for films video games or animations. they design the characters creatures vehicles and environments before they are built in 3d. brainstorm and iterate on dozens of visual ideas sketches speed paintings . design characters settings and props based on the script or game design doc. create highly polished keyframe paintings of important scenes. visually solve design problems for the production team. elite drawing and painting skills digital or traditional . high level of creativity and imagination. expertise in photoshop. a stunning professional portfolio is required.,"Arts, Media, Education & Public Service",Media & Production,Concept Artist,a highly skilled designer who creates the initial look and feel for films video games or animations. they design the characters creatures vehicles and environments before they are built in 3d.,brainstorm and iterate on dozens of visual ideas sketches speed paintings . design characters settings and props based on the script or game design doc. create highly polished keyframe paintings of important scenes. visually solve design problems for the production team.,elite drawing and painting skills digital or traditional . high level of creativity and imagination. expertise in photoshop. a stunning professional portfolio is required.,369,https://www.kaggle.com/datasets/shivamashokgupta/job-description
JD0370,film director the primary creative force behind a film. they are responsible for making all artistic decisions guiding the actors performances and managing the overall vision of the movie. develop or select a screenplay. define the artistic vision and style of the film. collaborate with the cinematographer production designer and editor. direct actors on set to achieve the desired performance. oversee the editing process post-production . strong leadership and communication skills. a clear artistic vision. deep knowledge of storytelling cinematography and acting. a portfolio of directed short films or features a reel .,"Arts, Media, Education & Public Service",Media & Production,Film Director,the primary creative force behind a film. they are responsible for making all artistic decisions guiding the actors performances and managing the overall vision of the movie.,develop or select a screenplay. define the artistic vision and style of the film. collaborate with the cinematographer production designer and editor. direct actors on set to achieve the desired performance. oversee the editing process post-production .,strong leadership and communication skills. a clear artistic vision. deep knowledge of storytelling cinematography and acting. a portfolio of directed short films or features a reel .,370,https://www.kaggle.com/datasets/shivamashokgupta/job-description
JD0371,cinematographer dp the director of photography. this artist is responsible for the look of the film managing the camera lighting and composition of every shot. collaborate with the director to translate the script s mood into a visual style. select all cameras lenses and filters for the production. design the lighting plan for every scene. manage the camera and lighting crews during filming. mastery of camera technology and lighting techniques. a strong eye for composition and color. leadership skills. a professional demo reel is required.,"Arts, Media, Education & Public Service",Media & Production,Cinematographer (DP),the director of photography. this artist is responsible for the look of the film managing the camera lighting and composition of every shot.,collaborate with the director to translate the script s mood into a visual style. select all cameras lenses and filters for the production. design the lighting plan for every scene. manage the camera and lighting crews during filming.,mastery of camera technology and lighting techniques. a strong eye for composition and color. leadership skills. a professional demo reel is required.,371,https://www.kaggle.com/datasets/shivamashokgupta/job-description
JD0372,video editor assembles raw video footage audio and graphics to create a polished final product. they are storytellers who use technical skill to shape the pacing tone and narrative. import and organize raw footage and media assets. cut and sequence footage to create a compelling narrative. perform color correction and audio mixing. add graphics titles and effects. export the final video in the required formats. expertise in editing software adobe premiere pro final cut pro davinci resolve . strong sense of storytelling pacing and rhythm. attention to detail. a professional demo reel is required.,"Arts, Media, Education & Public Service",Media & Production,Video Editor,assembles raw video footage audio and graphics to create a polished final product. they are storytellers who use technical skill to shape the pacing tone and narrative.,import and organize raw footage and media assets. cut and sequence footage to create a compelling narrative. perform color correction and audio mixing. add graphics titles and effects. export the final video in the required formats.,expertise in editing software adobe premiere pro final cut pro davinci resolve . strong sense of storytelling pacing and rhythm. attention to detail. a professional demo reel is required.,372,https://www.kaggle.com/datasets/shivamashokgupta/job-description
JD0373,vfx artist visual effects a digital artist who creates or composites photorealistic imagery that would be impossible or too dangerous to film in real life e.g. explosions monsters fantasy environments . integrate computer-generated imagery cgi seamlessly into live-action footage. specialize in areas like modeling texturing lighting or compositing. use software like nuke maya houdini to create visual effects. remove wires rigs or unwanted objects from a shot. mastery of specialized vfx software. a keen eye for photorealism light and physics. extreme attention to detail. a professional demo reel showcasing specific skills.,"Arts, Media, Education & Public Service",Media & Production,VFX Artist (Visual Effects),a digital artist who creates or composites photorealistic imagery that would be impossible or too dangerous to film in real life e.g. explosions monsters fantasy environments .,integrate computer-generated imagery cgi seamlessly into live-action footage. specialize in areas like modeling texturing lighting or compositing. use software like nuke maya houdini to create visual effects. remove wires rigs or unwanted objects from a shot.,mastery of specialized vfx software. a keen eye for photorealism light and physics. extreme attention to detail. a professional demo reel showcasing specific skills.,373,https://www.kaggle.com/datasets/shivamashokgupta/job-description
JD0374,game designer the primary creative architect of a video game. they design the fun creating the rules systems story and player experience of the game. design the core gameplay mechanics levels and narrative. write the game design document gdd to outline the vision. script gameplay events and balance game difficulty. collaborate with artists and programmers to build the game. creativity and strong analytical skills. deep knowledge of game systems and player psychology. technical scripting skills. portfolio of game projects or mods.,"Arts, Media, Education & Public Service",Media & Production,Game Designer,the primary creative architect of a video game. they design the fun creating the rules systems story and player experience of the game.,design the core gameplay mechanics levels and narrative. write the game design document gdd to outline the vision. script gameplay events and balance game difficulty. collaborate with artists and programmers to build the game.,creativity and strong analytical skills. deep knowledge of game systems and player psychology. technical scripting skills. portfolio of game projects or mods.,374,https://www.kaggle.com/datasets/shivamashokgupta/job-description
JD0375,screenwriter the author of the screenplay script for a film or television show creating the characters dialogue and plot structure. conceive and outline a story plot structure character arcs . write the complete screenplay in industry-standard format. pitch ideas and completed scripts to producers and studios. re-write and edit scripts based on producer or director feedback. exceptional writing ability especially in dialogue and story structure. creativity and persistence. knowledge of screenplay format. portfolio of completed scripts.,"Arts, Media, Education & Public Service",Media & Production,Screenwriter,the author of the screenplay script for a film or television show creating the characters dialogue and plot structure.,conceive and outline a story plot structure character arcs . write the complete screenplay in industry-standard format. pitch ideas and completed scripts to producers and studios. re-write and edit scripts based on producer or director feedback.,exceptional writing ability especially in dialogue and story structure. creativity and persistence. knowledge of screenplay format. portfolio of completed scripts.,375,https://www.kaggle.com/datasets/shivamashokgupta/job-description
JD0376,sound designer film/game responsible for the entire auditory world of a film or game except the music. this includes creating sound effects recording dialogue adr and mixing the final soundtrack. create custom sound effects e.g. footsteps creature sounds lasers . edit and clean dialogue recorded on set. oversee the recording of foley re-created sounds . mix all audio elements dialogue effects music into the final soundtrack. mastery of daws pro tools . field recording skills. a creative and technical ear for sound. audio engineering degree or equivalent experience.,"Arts, Media, Education & Public Service",Media & Production,Sound Designer (Film/Game),responsible for the entire auditory world of a film or game except the music. this includes creating sound effects recording dialogue adr and mixing the final soundtrack.,create custom sound effects e.g. footsteps creature sounds lasers . edit and clean dialogue recorded on set. oversee the recording of foley re-created sounds . mix all audio elements dialogue effects music into the final soundtrack.,mastery of daws pro tools . field recording skills. a creative and technical ear for sound. audio engineering degree or equivalent experience.,376,https://www.kaggle.com/datasets/shivamashokgupta/job-description
JD0377,author / writer fiction creates original works of narrative fiction such as novels or short stories for publication and entertainment. conceive outline and write long-form original narratives. create compelling characters plot and worlds. edit and revise manuscripts multiple times. work with literary agents and editors to publish their work. exceptional creative writing and storytelling skills. self-discipline and persistence. strong grasp of language and narrative structure. a portfolio of completed manuscripts.,"Arts, Media, Education & Public Service",Literary Arts,Author / Writer (Fiction),creates original works of narrative fiction such as novels or short stories for publication and entertainment.,conceive outline and write long-form original narratives. create compelling characters plot and worlds. edit and revise manuscripts multiple times. work with literary agents and editors to publish their work.,exceptional creative writing and storytelling skills. self-discipline and persistence. strong grasp of language and narrative structure. a portfolio of completed manuscripts.,377,https://www.kaggle.com/datasets/shivamashokgupta/job-description
JD0378,poet an artist who uses language rhythm and metaphor to create works of poetry. they may publish in journals perform live slam poetry or publish collections chapbooks . write and revise original poetry. curate poems into collections manuscripts or chapbooks . submit work to literary magazines and presses. perform poetry at live readings. mastery of language metaphor and rhythm. a unique creative voice. deep knowledge of poetic forms and literary history. mfa in creative writing poetry is common.,"Arts, Media, Education & Public Service",Literary Arts,Poet,an artist who uses language rhythm and metaphor to create works of poetry. they may publish in journals perform live slam poetry or publish collections chapbooks .,write and revise original poetry. curate poems into collections manuscripts or chapbooks . submit work to literary magazines and presses. perform poetry at live readings.,mastery of language metaphor and rhythm. a unique creative voice. deep knowledge of poetic forms and literary history. mfa in creative writing poetry is common.,378,https://www.kaggle.com/datasets/shivamashokgupta/job-description
JD0379,editor acquisitions works for a publishing house and is responsible for finding acquiring buying and developing books for publication. they are the author s primary advocate at the publisher. read and evaluate manuscripts submitted by agents. champion promising books and bid to acquire publishing rights. perform developmental edits big picture story/structure with the author. manage the book project from manuscript to final publication. strong editorial judgment and commercial instincts. negotiation skills. deep knowledge of the book market and a specific genre.,"Arts, Media, Education & Public Service",Literary Arts,Editor (Acquisitions),works for a publishing house and is responsible for finding acquiring buying and developing books for publication. they are the author s primary advocate at the publisher.,read and evaluate manuscripts submitted by agents. champion promising books and bid to acquire publishing rights. perform developmental edits big picture story/structure with the author. manage the book project from manuscript to final publication.,strong editorial judgment and commercial instincts. negotiation skills. deep knowledge of the book market and a specific genre.,379,https://www.kaggle.com/datasets/shivamashokgupta/job-description
JD0380,copy editor a technical editor who reads manuscripts to ensure they are free of errors in grammar spelling punctuation and syntax and that they adhere to a publisher s style guide. read text line-by-line to find and correct grammatical errors. fact-check names dates and statements. ensure consistent style e.g. ap chicago manual of style . prepare the manuscript for the proofreader and typesetter. expert-level mastery of grammar and style guides. extreme attention to detail. ability to focus for long periods. editing certificate or relevant experience.,"Arts, Media, Education & Public Service",Literary Arts,Copy Editor,a technical editor who reads manuscripts to ensure they are free of errors in grammar spelling punctuation and syntax and that they adhere to a publisher s style guide.,read text line-by-line to find and correct grammatical errors. fact-check names dates and statements. ensure consistent style e.g. ap chicago manual of style . prepare the manuscript for the proofreader and typesetter.,expert-level mastery of grammar and style guides. extreme attention to detail. ability to focus for long periods. editing certificate or relevant experience.,380,https://www.kaggle.com/datasets/shivamashokgupta/job-description
JD0381,proofreader the final quality-control checker. a proofreader reviews the final proof the typeset version of a book or article right before it goes to print looking only for typos or formatting errors. read the typeset proof and compare it to the copy-edited manuscript. catch any remaining typos spelling errors or formatting mistakes. check for bad line breaks pagination errors or font issues. this is the final check before printing. absolute meticulous attention to detail. exceptional spelling and grammar skills. patience and focus. experience or certification in proofreading.,"Arts, Media, Education & Public Service",Literary Arts,Proofreader,the final quality-control checker. a proofreader reviews the final proof the typeset version of a book or article right before it goes to print looking only for typos or formatting errors.,read the typeset proof and compare it to the copy-edited manuscript. catch any remaining typos spelling errors or formatting mistakes. check for bad line breaks pagination errors or font issues. this is the final check before printing.,absolute meticulous attention to detail. exceptional spelling and grammar skills. patience and focus. experience or certification in proofreading.,381,https://www.kaggle.com/datasets/shivamashokgupta/job-description
JD0382,literary agent an author s business representative. an agent scouts talented writers signs them as clients and then pitches their manuscripts to editors at publishing houses negotiating the best contract. read and evaluate query letters and manuscripts from aspiring authors. sign authors and provide editorial guidance to polish their manuscript. curate a list of appropriate editors and submit the manuscript. negotiate contracts advances royalties rights on behalf of the author. strong editorial eye and commercial instincts. salesmanship and strong industry network. negotiation skills and knowledge of publishing contracts.,"Arts, Media, Education & Public Service",Literary Arts,Literary Agent,an author s business representative. an agent scouts talented writers signs them as clients and then pitches their manuscripts to editors at publishing houses negotiating the best contract.,read and evaluate query letters and manuscripts from aspiring authors. sign authors and provide editorial guidance to polish their manuscript. curate a list of appropriate editors and submit the manuscript. negotiate contracts advances royalties rights on behalf of the author.,strong editorial eye and commercial instincts. salesmanship and strong industry network. negotiation skills and knowledge of publishing contracts.,382,https://www.kaggle.com/datasets/shivamashokgupta/job-description
JD0383,publisher the head of a publishing house or a small press . this is the senior executive responsible for the overall business and editorial direction of the company. set the overall editorial strategy and financial goals for the press. manage senior staff editors marketing sales directors . oversee the company s budget p l and major acquisitions. act as the final decision-maker on which books to publish. strong business and financial acumen. deep knowledge of the publishing industry and book market. executive leadership and strategic planning skills.,"Arts, Media, Education & Public Service",Literary Arts,Publisher,the head of a publishing house or a small press . this is the senior executive responsible for the overall business and editorial direction of the company.,set the overall editorial strategy and financial goals for the press. manage senior staff editors marketing sales directors . oversee the company s budget p l and major acquisitions. act as the final decision-maker on which books to publish.,strong business and financial acumen. deep knowledge of the publishing industry and book market. executive leadership and strategic planning skills.,383,https://www.kaggle.com/datasets/shivamashokgupta/job-description
JD0384,book designer a specialized graphic designer who designs the entire physical book. this includes the cover design artistic and the interior layout/typography technical . design the book cover to be visually striking and marketable. design the interior layout selecting fonts setting margins and creating the chapter styles. typeset the manuscript into the final layout using indesign. ensure the final product is beautiful and readable. expertise in graphic design indesign photoshop . mastery of typography and layout. understanding of book binding and print production.,"Arts, Media, Education & Public Service",Literary Arts,Book Designer,a specialized graphic designer who designs the entire physical book. this includes the cover design artistic and the interior layout/typography technical .,design the book cover to be visually striking and marketable. design the interior layout selecting fonts setting margins and creating the chapter styles. typeset the manuscript into the final layout using indesign. ensure the final product is beautiful and readable.,expertise in graphic design indesign photoshop . mastery of typography and layout. understanding of book binding and print production.,384,https://www.kaggle.com/datasets/shivamashokgupta/job-description
JD0385,translator literary an artist who rewrites a literary work novel poem from one language into another attempting to preserve the original author s tone style meaning and cultural nuance. read and deeply understand a text in its original language. re-write the text in a new language balancing literal meaning with artistic intent. research cultural contexts to ensure accurate translation of idioms. collaborate with the original author or editor. fluency native or near-native in at least two languages. strong writing and creative skills in the target language. deep cultural knowledge of both languages.,"Arts, Media, Education & Public Service",Literary Arts,Translator (Literary),an artist who rewrites a literary work novel poem from one language into another attempting to preserve the original author s tone style meaning and cultural nuance.,read and deeply understand a text in its original language. re-write the text in a new language balancing literal meaning with artistic intent. research cultural contexts to ensure accurate translation of idioms. collaborate with the original author or editor.,fluency native or near-native in at least two languages. strong writing and creative skills in the target language. deep cultural knowledge of both languages.,385,https://www.kaggle.com/datasets/shivamashokgupta/job-description
JD0386,critic book / art / theatre a professional writer and analyst who reviews and evaluates works of art books films plays paintings for a publication newspaper magazine website . consume and analyze new works of art. write articulate insightful reviews that place the work in a broader cultural context. develop a unique critical voice and build an audience. provide informed opinions based on deep subject-matter expertise. exceptional analytical and persuasive writing skills. deep expert-level knowledge of a specific art form e.g. art history dramatic lit . ability to meet tight deadlines.,"Arts, Media, Education & Public Service",Literary Arts,Critic (Book / Art / Theatre),a professional writer and analyst who reviews and evaluates works of art books films plays paintings for a publication newspaper magazine website .,consume and analyze new works of art. write articulate insightful reviews that place the work in a broader cultural context. develop a unique critical voice and build an audience. provide informed opinions based on deep subject-matter expertise.,exceptional analytical and persuasive writing skills. deep expert-level knowledge of a specific art form e.g. art history dramatic lit . ability to meet tight deadlines.,386,https://www.kaggle.com/datasets/shivamashokgupta/job-description
JD0387,curator an academic specialist and content manager for a museum. they are responsible for acquiring managing researching interpreting and displaying the museum s collection. conduct scholarly research on the museum s collection. conceptualize plan and execute new exhibitions. write text for exhibition labels catalogs and publications. recommend new acquisitions purchases/donations for the collection. subject matter expertise phd or master s in art history history etc. . academic research and writing skills. project management. strong professional network.,"Arts, Media, Education & Public Service",Museum & Arts Admin,Curator,an academic specialist and content manager for a museum. they are responsible for acquiring managing researching interpreting and displaying the museum s collection.,conduct scholarly research on the museum s collection. conceptualize plan and execute new exhibitions. write text for exhibition labels catalogs and publications. recommend new acquisitions purchases/donations for the collection.,subject matter expertise phd or master s in art history history etc. . academic research and writing skills. project management. strong professional network.,387,https://www.kaggle.com/datasets/shivamashokgupta/job-description
JD0388,curatorial assistant an entry-level role supporting the curatorial department. assists with research administration and execution of exhibitions. conduct research for upcoming exhibitions and publications. manage departmental correspondence files and budgets. assist with creating exhibition labels and catalog entries. coordinate loan paperwork and image rights. ma in art history or museum studies or in progress . strong research writing and organizational skills. foreign language proficiency is often required.,"Arts, Media, Education & Public Service",Museum & Arts Admin,Curatorial Assistant,an entry-level role supporting the curatorial department. assists with research administration and execution of exhibitions.,conduct research for upcoming exhibitions and publications. manage departmental correspondence files and budgets. assist with creating exhibition labels and catalog entries. coordinate loan paperwork and image rights.,ma in art history or museum studies or in progress . strong research writing and organizational skills. foreign language proficiency is often required.,388,https://www.kaggle.com/datasets/shivamashokgupta/job-description
JD0389,museum registrar the primary data and logistics manager for a museum s collection. they are responsible for all paperwork and logistics related to artworks including loans shipping and storage. manage the museum s collection database tracking location condition provenance . handle all legal paperwork for new acquisitions and outgoing/incoming loans. arrange all packing crating shipping and insurance for artwork transportation. oversee the physical storage and safety of the collection. extreme organization and meticulous record-keeping. knowledge of museum database software and art handling procedures. understanding of legal contracts and insurance.,"Arts, Media, Education & Public Service",Museum & Arts Admin,Museum Registrar,the primary data and logistics manager for a museum s collection. they are responsible for all paperwork and logistics related to artworks including loans shipping and storage.,manage the museum s collection database tracking location condition provenance . handle all legal paperwork for new acquisitions and outgoing/incoming loans. arrange all packing crating shipping and insurance for artwork transportation. oversee the physical storage and safety of the collection.,extreme organization and meticulous record-keeping. knowledge of museum database software and art handling procedures. understanding of legal contracts and insurance.,389,https://www.kaggle.com/datasets/shivamashokgupta/job-description
JD0390,museum director the senior executive ceo of a museum. they are responsible for the overall strategic vision financial health and management of the entire institution reporting to the board of trustees. lead the museum s long-term strategic planning. act as the chief fundraiser cultivating major donors and foundations. manage the senior leadership team chief curator cfo development director . serve as the public face of the museum to the community and press. executive leadership and financial management skills. proven fundraising and networking ability. advanced degree ma phd or mba and extensive museum experience.,"Arts, Media, Education & Public Service",Museum & Arts Admin,Museum Director,the senior executive ceo of a museum. they are responsible for the overall strategic vision financial health and management of the entire institution reporting to the board of trustees.,lead the museum s long-term strategic planning. act as the chief fundraiser cultivating major donors and foundations. manage the senior leadership team chief curator cfo development director . serve as the public face of the museum to the community and press.,executive leadership and financial management skills. proven fundraising and networking ability. advanced degree ma phd or mba and extensive museum experience.,390,https://www.kaggle.com/datasets/shivamashokgupta/job-description
JD0391,art conservator a highly trained scientist/artist who preserves and restores damaged or deteriorating artworks. they use chemistry and art history to stabilize artifacts for the future. analyze the physical and chemical condition of an artwork. perform highly delicate restoration treatments e.g. clean a painting repair torn canvas re-assemble broken pottery . develop preventative care plans for the collection climate control . document all treatments and conditions with written reports. master s degree in art conservation. expert knowledge of chemistry studio art and art history. extreme patience and manual dexterity.,"Arts, Media, Education & Public Service",Museum & Arts Admin,Art Conservator,a highly trained scientist/artist who preserves and restores damaged or deteriorating artworks. they use chemistry and art history to stabilize artifacts for the future.,analyze the physical and chemical condition of an artwork. perform highly delicate restoration treatments e.g. clean a painting repair torn canvas re-assemble broken pottery . develop preventative care plans for the collection climate control . document all treatments and conditions with written reports.,master s degree in art conservation. expert knowledge of chemistry studio art and art history. extreme patience and manual dexterity.,391,https://www.kaggle.com/datasets/shivamashokgupta/job-description
JD0392,archivist manages and preserves collections of historical records documents photographs and other media making them accessible to researchers. appraise collect and organize historical materials. create detailed finding aids guides to help researchers navigate the collection. implement preservation and digitization strategies for fragile materials. assist researchers scholars and the public with their inquiries. master s degree in library science mls or archival studies. meticulous organization and research skills. knowledge of database systems and preservation techniques.,"Arts, Media, Education & Public Service",Museum & Arts Admin,Archivist,manages and preserves collections of historical records documents photographs and other media making them accessible to researchers.,appraise collect and organize historical materials. create detailed finding aids guides to help researchers navigate the collection. implement preservation and digitization strategies for fragile materials. assist researchers scholars and the public with their inquiries.,master s degree in library science mls or archival studies. meticulous organization and research skills. knowledge of database systems and preservation techniques.,392,https://www.kaggle.com/datasets/shivamashokgupta/job-description
JD0393,gallery manager / gallerist manages the operations of a commercial art gallery. this role combines art expertise with sales and business management. manage relationships with the gallery s roster of artists. plan and install new exhibitions sales-focused . conduct sales with collectors clients and museums. oversee gallery marketing staff and daily operations. represent the gallery at international art fairs. strong sales and networking skills. business management and operations skills. deep knowledge of the contemporary art market.,"Arts, Media, Education & Public Service",Museum & Arts Admin,Gallery Manager / Gallerist,manages the operations of a commercial art gallery. this role combines art expertise with sales and business management.,manage relationships with the gallery s roster of artists. plan and install new exhibitions sales-focused . conduct sales with collectors clients and museums. oversee gallery marketing staff and daily operations. represent the gallery at international art fairs.,strong sales and networking skills. business management and operations skills. deep knowledge of the contemporary art market.,393,https://www.kaggle.com/datasets/shivamashokgupta/job-description
JD0394,art handler / preparator a highly skilled technician responsible for the physical packing shipping installation and de-installation of artworks in a museum or gallery. safely handle pack and crate valuable and fragile works of art. install artwork for exhibitions hang paintings place sculpture . build custom mounts pedestals and temporary walls. load/unload art trucks and manage the art storage facility. expert knowledge of art handling techniques. skills in carpentry rigging and problem-solving. physical strength and attention to detail. experience working in a museum or fine art shipping company.,"Arts, Media, Education & Public Service",Museum & Arts Admin,Art Handler / Preparator,a highly skilled technician responsible for the physical packing shipping installation and de-installation of artworks in a museum or gallery.,safely handle pack and crate valuable and fragile works of art. install artwork for exhibitions hang paintings place sculpture . build custom mounts pedestals and temporary walls. load/unload art trucks and manage the art storage facility.,expert knowledge of art handling techniques. skills in carpentry rigging and problem-solving. physical strength and attention to detail. experience working in a museum or fine art shipping company.,394,https://www.kaggle.com/datasets/shivamashokgupta/job-description
JD0395,development director arts the chief fundraiser for a non-profit arts organization museum theatre orchestra . they are responsible for raising all contributed income. develop and execute the organization s annual fundraising strategy. cultivate and solicit major gifts from individual donors and board members. oversee grant writing membership programs and fundraising events galas . manage the development department staff and budget. proven fundraising track record and sales skills. exceptional communication and networking skills. ability to build relationships with wealthy donors. cfre certification is a plus.,"Arts, Media, Education & Public Service",Museum & Arts Admin,Development Director (Arts),the chief fundraiser for a non-profit arts organization museum theatre orchestra . they are responsible for raising all contributed income.,develop and execute the organization s annual fundraising strategy. cultivate and solicit major gifts from individual donors and board members. oversee grant writing membership programs and fundraising events galas . manage the development department staff and budget.,proven fundraising track record and sales skills. exceptional communication and networking skills. ability to build relationships with wealthy donors. cfre certification is a plus.,395,https://www.kaggle.com/datasets/shivamashokgupta/job-description
JD0396,grant writer arts a specialized writer who researches and writes grant proposals to foundations corporations and government agencies like the nea to secure funding for an arts organization. research and identify potential grant funding opportunities. write clear persuasive grant applications and proposals that match the funder s goals. gather all supporting documentation budgets project plans . manage grant deadlines and write final reports on how funds were used. exceptional persuasive writing skills. strong research and project management skills. ability to write detailed budgets. experience in non-profit fundraising.,"Arts, Media, Education & Public Service",Museum & Arts Admin,Grant Writer (Arts),a specialized writer who researches and writes grant proposals to foundations corporations and government agencies like the nea to secure funding for an arts organization.,research and identify potential grant funding opportunities. write clear persuasive grant applications and proposals that match the funder s goals. gather all supporting documentation budgets project plans . manage grant deadlines and write final reports on how funds were used.,exceptional persuasive writing skills. strong research and project management skills. ability to write detailed budgets. experience in non-profit fundraising.,396,https://www.kaggle.com/datasets/shivamashokgupta/job-description
JD0397,arts marketing manager promotes an arts organization s programming exhibits performances to the public with the goal of driving ticket sales and attendance. develop the marketing strategy for the season or specific shows. manage advertising campaigns digital print social media . oversee content creation social media email newsletters . analyze ticket sales data and audience demographics. work closely with the press/pr team to promote shows. digital marketing skills social media ppc email . data analysis and budgeting skills. strong writing and communication skills. passion for the arts.,"Arts, Media, Education & Public Service",Museum & Arts Admin,Arts Marketing Manager,promotes an arts organization s programming exhibits performances to the public with the goal of driving ticket sales and attendance.,develop the marketing strategy for the season or specific shows. manage advertising campaigns digital print social media . oversee content creation social media email newsletters . analyze ticket sales data and audience demographics. work closely with the press/pr team to promote shows.,digital marketing skills social media ppc email . data analysis and budgeting skills. strong writing and communication skills. passion for the arts.,397,https://www.kaggle.com/datasets/shivamashokgupta/job-description
JD0398,box office manager manages all operations of a theatre s box office overseeing ticket sales customer service and reporting. manage the ticketing system e.g. tessitura ticketmaster . hire train and schedule all box office staff. provide high-level customer service and resolve ticket disputes. generate daily weekly and final sales reports for the finance department. coordinate with the marketing team on pricing and promotions. expertise in ticketing software. strong customer service and conflict resolution skills. cash handling and financial reporting accuracy. leadership.,"Arts, Media, Education & Public Service",Museum & Arts Admin,Box Office Manager,manages all operations of a theatre s box office overseeing ticket sales customer service and reporting.,manage the ticketing system e.g. tessitura ticketmaster . hire train and schedule all box office staff. provide high-level customer service and resolve ticket disputes. generate daily weekly and final sales reports for the finance department. coordinate with the marketing team on pricing and promotions.,expertise in ticketing software. strong customer service and conflict resolution skills. cash handling and financial reporting accuracy. leadership.,398,https://www.kaggle.com/datasets/shivamashokgupta/job-description
JD0399,house manager responsible for the front of house foh experience during a live performance. they manage the audience the ushers and the lobby ensuring the show starts safely and on time. train and supervise all foh staff ushers ticket takers . manage audience seating handle customer complaints and find lost items. ensure the lobby and theatre are clean and safe for the public. coordinate with the stage manager to know when to open the house and start the show. strong customer service and crisis management skills. leadership and communication. ability to be calm and authoritative under pressure.,"Arts, Media, Education & Public Service",Museum & Arts Admin,House Manager,responsible for the front of house foh experience during a live performance. they manage the audience the ushers and the lobby ensuring the show starts safely and on time.,train and supervise all foh staff ushers ticket takers . manage audience seating handle customer complaints and find lost items. ensure the lobby and theatre are clean and safe for the public. coordinate with the stage manager to know when to open the house and start the show.,strong customer service and crisis management skills. leadership and communication. ability to be calm and authoritative under pressure.,399,https://www.kaggle.com/datasets/shivamashokgupta/job-description
JD0400,ceramicist / potter an artist who creates functional pottery or sculptural objects out of clay using techniques like wheel-throwing hand-building and glazing. prepare clay and create forms on a potter s wheel or by hand . fire pieces in a kiln bisque firing and glaze firing . develop and test unique glaze formulas. sell work at craft fairs galleries or online. mastery of ceramic techniques throwing glazing . knowledge of kiln operation and firing chemistry. artistic design skills. bfa or apprenticeship experience.,"Arts, Media, Education & Public Service",Craft & Artisanal,Ceramicist / Potter,an artist who creates functional pottery or sculptural objects out of clay using techniques like wheel-throwing hand-building and glazing.,prepare clay and create forms on a potter s wheel or by hand . fire pieces in a kiln bisque firing and glaze firing . develop and test unique glaze formulas. sell work at craft fairs galleries or online.,mastery of ceramic techniques throwing glazing . knowledge of kiln operation and firing chemistry. artistic design skills. bfa or apprenticeship experience.,400,https://www.kaggle.com/datasets/shivamashokgupta/job-description
JD0401,glassblower an artisan who shapes molten glass into art or functional objects like vases bowls sculptures using a blowpipe and other specialized tools in a hot shop. gather molten glass from a furnace glory hole . shape blow and color the glass using pipes jacks and other tools. work collaboratively as part of a glassblowing team. place finished pieces in an annealer to cool slowly. advanced glassblowing skills learned via apprenticeship . physical stamina and high tolerance for heat. teamwork and precise communication. strong artistic sensibility.,"Arts, Media, Education & Public Service",Craft & Artisanal,Glassblower,an artisan who shapes molten glass into art or functional objects like vases bowls sculptures using a blowpipe and other specialized tools in a hot shop.,gather molten glass from a furnace glory hole . shape blow and color the glass using pipes jacks and other tools. work collaboratively as part of a glassblowing team. place finished pieces in an annealer to cool slowly.,advanced glassblowing skills learned via apprenticeship . physical stamina and high tolerance for heat. teamwork and precise communication. strong artistic sensibility.,401,https://www.kaggle.com/datasets/shivamashokgupta/job-description
JD0402,jeweler goldsmith a skilled artisan who designs fabricates and repairs jewelry. they work with precious metals gold silver platinum and gemstones. design original pieces of jewelry. fabricate jewelry using techniques like soldering casting stone setting and polishing. perform delicate repairs on existing jewelry. appraise gemstones and metal. expert manual dexterity and precision. knowledge of metallurgy and gemology. skills in soldering casting and stone setting. gia certification or apprenticeship.,"Arts, Media, Education & Public Service",Craft & Artisanal,Jeweler (Goldsmith),a skilled artisan who designs fabricates and repairs jewelry. they work with precious metals gold silver platinum and gemstones.,design original pieces of jewelry. fabricate jewelry using techniques like soldering casting stone setting and polishing. perform delicate repairs on existing jewelry. appraise gemstones and metal.,expert manual dexterity and precision. knowledge of metallurgy and gemology. skills in soldering casting and stone setting. gia certification or apprenticeship.,402,https://www.kaggle.com/datasets/shivamashokgupta/job-description
JD0403,furniture maker a craftsperson who designs and builds high-quality often custom furniture chairs tables cabinets from wood focusing on joinery and fine finishing. design original furniture pieces and create blueprints. select cut and shape fine woods. construct furniture using precision joinery e.g. dovetails mortise and tenon . apply fine finishes stains oils varnishes . work on commission for clients. expert carpentry and woodworking skills. mastery of joinery. attention to detail and precision. knowledge of wood properties and finishes.,"Arts, Media, Education & Public Service",Craft & Artisanal,Furniture Maker,a craftsperson who designs and builds high-quality often custom furniture chairs tables cabinets from wood focusing on joinery and fine finishing.,design original furniture pieces and create blueprints. select cut and shape fine woods. construct furniture using precision joinery e.g. dovetails mortise and tenon . apply fine finishes stains oils varnishes . work on commission for clients.,expert carpentry and woodworking skills. mastery of joinery. attention to detail and precision. knowledge of wood properties and finishes.,403,https://www.kaggle.com/datasets/shivamashokgupta/job-description
JD0404,weaver fiber artist an artist who creates textiles like tapestries rugs or cloth by interlacing threads on a loom or creates sculptural objects using fiber. design textile patterns or artistic compositions. set up dress a complex loom with warp threads. weave weft threads to create the final fabric or artwork. may also dye their own yarn. mastery of loom operation and weaving structures. strong design and color theory skills. patience and attention to detail. bfa or mfa in fiber arts.,"Arts, Media, Education & Public Service",Craft & Artisanal,Weaver (Fiber Artist),an artist who creates textiles like tapestries rugs or cloth by interlacing threads on a loom or creates sculptural objects using fiber.,design textile patterns or artistic compositions. set up dress a complex loom with warp threads. weave weft threads to create the final fabric or artwork. may also dye their own yarn.,mastery of loom operation and weaving structures. strong design and color theory skills. patience and attention to detail. bfa or mfa in fiber arts.,404,https://www.kaggle.com/datasets/shivamashokgupta/job-description
JD0405,scenic painter a theatrical artist who paints the scenery flats backdrops for a play opera or film set often creating large-scale illusions of texture place and perspective. work from the set designer s renderings to paint scenery. use large-scale techniques to create textures wood grain brick marble . paint large backdrops sometimes requiring cartooning and perspective painting. mix large batches of custom paint colors. advanced painting skills realistic and illusory . ability to work at a very large scale. knowledge of scenic materials and techniques. scenic artist union membership usa 829 or apprenticeship.,"Arts, Media, Education & Public Service",Craft & Artisanal,Scenic Painter,a theatrical artist who paints the scenery flats backdrops for a play opera or film set often creating large-scale illusions of texture place and perspective.,work from the set designer s renderings to paint scenery. use large-scale techniques to create textures wood grain brick marble . paint large backdrops sometimes requiring cartooning and perspective painting. mix large batches of custom paint colors.,advanced painting skills realistic and illusory . ability to work at a very large scale. knowledge of scenic materials and techniques. scenic artist union membership usa 829 or apprenticeship.,405,https://www.kaggle.com/datasets/shivamashokgupta/job-description
JD0406,calligrapher an artist who specializes in the visual art of decorative handwriting or lettering creating elegant scripts for invitations documents or branding. master various calligraphic hands e.aws italics copperplate using specialized pens and nibs. create custom lettering for wedding invitations event signage and certificates. design original logos or tattoo lettering. digitize lettering for commercial use. exceptional manual dexterity and control. deep knowledge of letterforms tools and inks. patience and precision. a portfolio of lettering work.,"Arts, Media, Education & Public Service",Craft & Artisanal,Calligrapher,an artist who specializes in the visual art of decorative handwriting or lettering creating elegant scripts for invitations documents or branding.,master various calligraphic hands e.aws italics copperplate using specialized pens and nibs. create custom lettering for wedding invitations event signage and certificates. design original logos or tattoo lettering. digitize lettering for commercial use.,exceptional manual dexterity and control. deep knowledge of letterforms tools and inks. patience and precision. a portfolio of lettering work.,406,https://www.kaggle.com/datasets/shivamashokgupta/job-description
JD0407,art teacher k-12 a state-licensed educator who develops curriculum and teaches visual arts drawing painting ceramics art history to elementary middle or high school students. create and teach lesson plans based on art fundamentals and art history. manage a classroom environment and student behavior. order and manage all art supplies and the art room budget. assess student artwork and development. curate student art shows. broad knowledge of multiple art mediums drawing painting ceramics . strong classroom management skills. passion for art and working with children. bachelor s in art education and a state teaching license.,"Arts, Media, Education & Public Service",Art Education,Art Teacher (K-12),a state-licensed educator who develops curriculum and teaches visual arts drawing painting ceramics art history to elementary middle or high school students.,create and teach lesson plans based on art fundamentals and art history. manage a classroom environment and student behavior. order and manage all art supplies and the art room budget. assess student artwork and development. curate student art shows.,broad knowledge of multiple art mediums drawing painting ceramics . strong classroom management skills. passion for art and working with children. bachelor s in art education and a state teaching license.,407,https://www.kaggle.com/datasets/shivamashokgupta/job-description
JD0408,art professor university a high-level educator and practicing artist who teaches art at the college level mentors students and is expected to maintain their own professional art career. teach advanced courses in a specific discipline e.g. painting sculpture . mentor undergraduate and graduate mfa students. maintain an active and prestigious career as a professional artist exhibitions grants . serve on university committees and advise students. mastery expert-level in a specific art discipline. a master of fine arts mfa degree is the terminal degree required. a significant and active exhibition record cv . teaching experience.,"Arts, Media, Education & Public Service",Art Education,Art Professor (University),a high-level educator and practicing artist who teaches art at the college level mentors students and is expected to maintain their own professional art career.,teach advanced courses in a specific discipline e.g. painting sculpture . mentor undergraduate and graduate mfa students. maintain an active and prestigious career as a professional artist exhibitions grants . serve on university committees and advise students.,mastery expert-level in a specific art discipline. a master of fine arts mfa degree is the terminal degree required. a significant and active exhibition record cv . teaching experience.,408,https://www.kaggle.com/datasets/shivamashokgupta/job-description
JD0409,art therapist a mental health professional who uses the creative process of art-making combined with psychological theory to help clients explore feelings reduce anxiety and improve mental health. use art-making as a form of psychotherapy with diverse populations hospitals schools private practice . guide clients through creative exercises to express non-verbal feelings. analyze the art-making process and artwork to provide psychological insight. maintain confidential patient records and treatment plans. knowledge of psychology psychotherapy and clinical practice. empathy and strong interpersonal skills. proficiency in various art mediums. master s degree in art therapy and professional licensure atr-bc lpc .,"Arts, Media, Education & Public Service",Art Education,Art Therapist,a mental health professional who uses the creative process of art-making combined with psychological theory to help clients explore feelings reduce anxiety and improve mental health.,use art-making as a form of psychotherapy with diverse populations hospitals schools private practice . guide clients through creative exercises to express non-verbal feelings. analyze the art-making process and artwork to provide psychological insight. maintain confidential patient records and treatment plans.,knowledge of psychology psychotherapy and clinical practice. empathy and strong interpersonal skills. proficiency in various art mediums. master s degree in art therapy and professional licensure atr-bc lpc .,409,https://www.kaggle.com/datasets/shivamashokgupta/job-description
JD0410,museum educator designs and leads educational programming tours workshops classes for a museum making the collection accessible and engaging for diverse audiences families schools adults . design and lead guided tours and workshops for school groups and adults. develop educational materials activity guides lesson plans related to exhibits. manage outreach programs to local schools. train volunteer tour guides docents . strong public speaking and teaching skills. knowledge of art history and museum collections. curriculum development skills. ma in museum education or art history.,"Arts, Media, Education & Public Service",Art Education,Museum Educator,designs and leads educational programming tours workshops classes for a museum making the collection accessible and engaging for diverse audiences families schools adults .,design and lead guided tours and workshops for school groups and adults. develop educational materials activity guides lesson plans related to exhibits. manage outreach programs to local schools. train volunteer tour guides docents .,strong public speaking and teaching skills. knowledge of art history and museum collections. curriculum development skills. ma in museum education or art history.,410,https://www.kaggle.com/datasets/shivamashokgupta/job-description
JD0411,foley artist an artist who creates and records custom sound effects in sync with the picture in post-production. they physically recreate sounds like footsteps rustling cloth or punches in a studio. watch a film sequence and identify all human-made sounds needed. use a vast collection of objects props on various surfaces to recreate sounds in real-time. record sounds like footsteps door creaks cloth movement in perfect synchronization with the actor s movements. extreme creativity and timing. a keen ear for sound and acoustics. knowledge of microphones and recording techniques. this is a highly specialized craft learned via apprenticeship.,"Arts, Media, Education & Public Service",Performing Arts (Film),Foley Artist,an artist who creates and records custom sound effects in sync with the picture in post-production. they physically recreate sounds like footsteps rustling cloth or punches in a studio.,watch a film sequence and identify all human-made sounds needed. use a vast collection of objects props on various surfaces to recreate sounds in real-time. record sounds like footsteps door creaks cloth movement in perfect synchronization with the actor s movements.,extreme creativity and timing. a keen ear for sound and acoustics. knowledge of microphones and recording techniques. this is a highly specialized craft learned via apprenticeship.,412,https://www.kaggle.com/datasets/shivamashokgupta/job-description
JD0412,brand strategist the analytical and creative thinker who defines a company s brand identity. they determine the why the target audience competitive positioning and core message of the brand. conduct market research competitive analysis and stakeholder interviews. define the brand s core identity mission vision values positioning . develop the brand architecture and naming conventions. create the creative brief that guides all design and marketing work. strong analytical and strategic thinking skills. market research and data analysis. excellent communication and presentation skills. background in marketing design or business.,"Arts, Media, Education & Public Service",Design (Commercial),Brand Strategist,the analytical and creative thinker who defines a company s brand identity. they determine the why the target audience competitive positioning and core message of the brand.,conduct market research competitive analysis and stakeholder interviews. define the brand s core identity mission vision values positioning . develop the brand architecture and naming conventions. create the creative brief that guides all design and marketing work.,strong analytical and strategic thinking skills. market research and data analysis. excellent communication and presentation skills. background in marketing design or business.,413,https://www.kaggle.com/datasets/shivamashokgupta/job-description
JD0413,art dealer a sales professional who buys and sells artworks acting as an intermediary between artists collectors and galleries. they are experts in the art market. build a network of collectors museum curators and artists. acquire artwork from artists or auctions and manage inventory. place artwork with collectors by making sales presentations. stay current on art market trends and auction results. expert sales and negotiation skills. deep knowledge of art history and the contemporary art market. networking and relationship management. discretion.,"Arts, Media, Education & Public Service",Fine Art,Art Dealer,a sales professional who buys and sells artworks acting as an intermediary between artists collectors and galleries. they are experts in the art market.,build a network of collectors museum curators and artists. acquire artwork from artists or auctions and manage inventory. place artwork with collectors by making sales presentations. stay current on art market trends and auction results.,expert sales and negotiation skills. deep knowledge of art history and the contemporary art market. networking and relationship management. discretion.,414,https://www.kaggle.com/datasets/shivamashokgupta/job-description
JD0414,costume shop manager oversees the operations of the costume shop. they manage the budget staff stitchers drapers and schedule to ensure all costumes designed by the costume designer are built on time. analyze costume designs for budget and labor feasibility. hire and supervise the shop staff cutters drapers stitchers . source and purchase all fabrics notions and supplies. manage the costume budget and build schedule for the production. expert knowledge of garment construction and patternmaking. strong leadership and budget management skills. project management and problem-solving.,"Arts, Media, Education & Public Service",Performing Arts (Theatre),Costume Shop Manager,oversees the operations of the costume shop. they manage the budget staff stitchers drapers and schedule to ensure all costumes designed by the costume designer are built on time.,analyze costume designs for budget and labor feasibility. hire and supervise the shop staff cutters drapers stitchers . source and purchase all fabrics notions and supplies. manage the costume budget and build schedule for the production.,expert knowledge of garment construction and patternmaking. strong leadership and budget management skills. project management and problem-solving.,415,https://www.kaggle.com/datasets/shivamashokgupta/job-description
JD0415,draper / cutter a master artisan in a costume shop who translates the designer s 2d sketch into a 3d garment by draping fabric on a mannequin and then creating the master pattern. interpret the costume designer s rendering to create the garment s form. drape fabric on a dress form to create the initial design. draft the master pattern that will be used to cut the fabric. supervise stitchers in the construction of the garment. mastery of patternmaking draping and garment construction. knowledge of period costume shapes. precision and translation skills.,"Arts, Media, Education & Public Service",Performing Arts (Theatre),Draper / Cutter,a master artisan in a costume shop who translates the designer s 2d sketch into a 3d garment by draping fabric on a mannequin and then creating the master pattern.,interpret the costume designer s rendering to create the garment s form. drape fabric on a dress form to create the initial design. draft the master pattern that will be used to cut the fabric. supervise stitchers in the construction of the garment.,mastery of patternmaking draping and garment construction. knowledge of period costume shapes. precision and translation skills.,416,https://www.kaggle.com/datasets/shivamashokgupta/job-description
JD0416,luthier an artisan who builds and repairs stringed instruments such as guitars violins or cellos. build new instruments by hand-selecting wood shaping and assembling. perform precision repairs restorations and setups adjustments on instruments. apply fine varnishes and finishes. work with musicians to customize their instruments. expert woodworking and craft skills. deep knowledge of acoustics and music. patience and extreme precision. apprenticeship or specialized schooling.,"Arts, Media, Education & Public Service",Craft & Artisanal,Luthier,an artisan who builds and repairs stringed instruments such as guitars violins or cellos.,build new instruments by hand-selecting wood shaping and assembling. perform precision repairs restorations and setups adjustments on instruments. apply fine varnishes and finishes. work with musicians to customize their instruments.,expert woodworking and craft skills. deep knowledge of acoustics and music. patience and extreme precision. apprenticeship or specialized schooling.,417,https://www.kaggle.com/datasets/shivamashokgupta/job-description
JD0417,concept artist environment a specialized concept artist who designs the worlds locations and settings for video games and films. they create the mood architecture and lighting of a place. design the look and feel of fictional locations cities forests interiors . create world maps and detailed architectural designs. paint keyframe illustrations that establish the mood and lighting of a scene. provide visual research and reference for 3d modelers. elite digital painting skills photoshop . strong understanding of perspective architecture and lighting. high-level imagination. portfolio demonstrating world-building skills.,"Arts, Media, Education & Public Service",Media & Production,Concept Artist (Environment),a specialized concept artist who designs the worlds locations and settings for video games and films. they create the mood architecture and lighting of a place.,design the look and feel of fictional locations cities forests interiors . create world maps and detailed architectural designs. paint keyframe illustrations that establish the mood and lighting of a scene. provide visual research and reference for 3d modelers.,elite digital painting skills photoshop . strong understanding of perspective architecture and lighting. high-level imagination. portfolio demonstrating world-building skills.,418,https://www.kaggle.com/datasets/shivamashokgupta/job-description
JD0418,type designer a highly specialized designer who creates new fonts typefaces . this involves designing the entire character set including letters numbers and punctuation and programming the font file. design a cohesive set of characters for a new typeface. ensure consistency in weight style and proportion. kern the font adjust the spacing between every letter pair . program the final font file otf ttf using specialized software. absolute mastery of typography and letterforms. extreme attention to detail. proficiency in font design software e.g. glyphs fontlab . a portfolio of typefaces.,"Arts, Media, Education & Public Service",Design (Commercial),Type Designer,a highly specialized designer who creates new fonts typefaces . this involves designing the entire character set including letters numbers and punctuation and programming the font file.,design a cohesive set of characters for a new typeface. ensure consistency in weight style and proportion. kern the font adjust the spacing between every letter pair . program the final font file otf ttf using specialized software.,absolute mastery of typography and letterforms. extreme attention to detail. proficiency in font design software e.g. glyphs fontlab . a portfolio of typefaces.,419,https://www.kaggle.com/datasets/shivamashokgupta/job-description
JD0419,collections manager a hybrid role combining registrar and conservator duties typically at a smaller institution. responsible for the long-term care documentation and storage of all objects in the collection. oversee the physical storage environment climate control pest management . monitor the condition of objects and perform basic preventative conservation. manage the collections database and all records. coordinate object logistics for exhibitions and loans. knowledge of preventative conservation and museum standards. meticulous database and administrative skills. ma in museum studies or conservation.,"Arts, Media, Education & Public Service",Museum & Arts Admin,Collections Manager,a hybrid role combining registrar and conservator duties typically at a smaller institution. responsible for the long-term care documentation and storage of all objects in the collection.,oversee the physical storage environment climate control pest management . monitor the condition of objects and perform basic preventative conservation. manage the collections database and all records. coordinate object logistics for exhibitions and loans.,knowledge of preventative conservation and museum standards. meticulous database and administrative skills. ma in museum studies or conservation.,420,https://www.kaggle.com/datasets/shivamashokgupta/job-description
JD0420,fashion pr specialist manages the public image of a fashion brand. their primary goal is to secure media coverage press and get clothing placed on celebrities and influencers. write press releases for new collections. maintain relationships with fashion editors bloggers and stylists. manage the sample closet sending garments out for photo shoots. pitch stories to media and coordinate celebrity/influencer dressing. strong network of media contacts in the fashion industry. excellent communication skills. organization for sample tracking . degree in pr or fashion communications.,"Arts, Media, Education & Public Service",Fashion & Apparel,Fashion PR Specialist,manages the public image of a fashion brand. their primary goal is to secure media coverage press and get clothing placed on celebrities and influencers.,write press releases for new collections. maintain relationships with fashion editors bloggers and stylists. manage the sample closet sending garments out for photo shoots. pitch stories to media and coordinate celebrity/influencer dressing.,strong network of media contacts in the fashion industry. excellent communication skills. organization for sample tracking . degree in pr or fashion communications.,421,https://www.kaggle.com/datasets/shivamashokgupta/job-description
JD0421,photographer commercial captures high-quality images for businesses and brands for use in advertising marketing and e-commerce. collaborate with art directors and clients on a creative brief. set up and manage complex studio lighting. photograph products models or food to look appealing. perform high-end digital retouching and color correction. mastery of camera operation and studio lighting. expertise in photoshop and capture one. client management skills. a strong commercial portfolio.,"Arts, Media, Education & Public Service",Fine Art,Photographer (Commercial),captures high-quality images for businesses and brands for use in advertising marketing and e-commerce.,collaborate with art directors and clients on a creative brief. set up and manage complex studio lighting. photograph products models or food to look appealing. perform high-end digital retouching and color correction.,mastery of camera operation and studio lighting. expertise in photoshop and capture one. client management skills. a strong commercial portfolio.,422,https://www.kaggle.com/datasets/shivamashokgupta/job-description
JD0422,photographer photojournalist a journalist who tells news stories through compelling images. they capture real-world events as they happen adhering to journalistic ethics no staging . research and pitch story ideas to publications. travel to locations sometimes dangerous to document events. capture images that tell a complete and accurate story. write captions and submit photos to editors on deadline. strong photography skills working fast in unpredictable conditions . journalistic ethics and integrity. resilience and bravery. degree in journalism or photojournalism.,"Arts, Media, Education & Public Service",Fine Art,Photographer (Photojournalist),a journalist who tells news stories through compelling images. they capture real-world events as they happen adhering to journalistic ethics no staging .,research and pitch story ideas to publications. travel to locations sometimes dangerous to document events. capture images that tell a complete and accurate story. write captions and submit photos to editors on deadline.,strong photography skills working fast in unpredictable conditions . journalistic ethics and integrity. resilience and bravery. degree in journalism or photojournalism.,423,https://www.kaggle.com/datasets/shivamashokgupta/job-description
JD0423,production designer the head of the art department for a film. they are responsible for designing and creating the entire physical world of the film including all sets locations and props. read the script and collaborate with the director to define the film s overall look. design all sets and manage their construction. oversee the set decorator props master and construction crew. manage the entire art department budget. strong creative vision. knowledge of architecture art history and construction. leadership and budget management skills. portfolio of design work union membership.,"Arts, Media, Education & Public Service",Performing Arts (Film),Production Designer,the head of the art department for a film. they are responsible for designing and creating the entire physical world of the film including all sets locations and props.,read the script and collaborate with the director to define the film s overall look. design all sets and manage their construction. oversee the set decorator props master and construction crew. manage the entire art department budget.,strong creative vision. knowledge of architecture art history and construction. leadership and budget management skills. portfolio of design work union membership.,424,https://www.kaggle.com/datasets/shivamashokgupta/job-description
JD0424,set decorator works under the production designer to select and acquire all the dressing furniture rugs curtains artwork small details that make a film set look like a real lived-in space. read the script and break down all set dressing requirements. source all items by buying or renting from prop houses. place all dressing on the set to bring the environment to life. manage the set dressing budget and crew. strong interior design and storytelling skills. extreme resourcefulness and organization. knowledge of historical periods and design styles.,"Arts, Media, Education & Public Service",Performing Arts (Film),Set Decorator,works under the production designer to select and acquire all the dressing furniture rugs curtains artwork small details that make a film set look like a real lived-in space.,read the script and break down all set dressing requirements. source all items by buying or renting from prop houses. place all dressing on the set to bring the environment to life. manage the set dressing budget and crew.,strong interior design and storytelling skills. extreme resourcefulness and organization. knowledge of historical periods and design styles.,425,https://www.kaggle.com/datasets/shivamashokgupta/job-description
JD0425,company manager manages the human resources and logistics for a theatre company or a specific production focusing on the well-being of the cast and crew. manage artist contracts payroll and union paperwork. arrange all travel and housing for out-of-town actors and creatives. serve as the primary liaison for all artist needs and problems. manage the company budget for a specific show. strong organization and problem-solving skills. empathy and interpersonal skills. knowledge of union contracts e.g. aea .,"Arts, Media, Education & Public Service",Performing Arts (Theatre),Company Manager,manages the human resources and logistics for a theatre company or a specific production focusing on the well-being of the cast and crew.,manage artist contracts payroll and union paperwork. arrange all travel and housing for out-of-town actors and creatives. serve as the primary liaison for all artist needs and problems. manage the company budget for a specific show.,strong organization and problem-solving skills. empathy and interpersonal skills. knowledge of union contracts e.g. aea .,426,https://www.kaggle.com/datasets/shivamashokgupta/job-description
JD0426,arts administrator general a general term for a professional who manages the business side of a non-profit arts organization handling tasks in finance marketing development and operations. assist with budgeting and financial tracking. help coordinate marketing campaigns and ticket sales. assist with fundraising events and grant applications. provide administrative support to the leadership team. organization and multitasking. passion for the arts. strong communication and administrative skills. degree in arts administration.,"Arts, Media, Education & Public Service",Museum & Arts Admin,Arts Administrator (General),a general term for a professional who manages the business side of a non-profit arts organization handling tasks in finance marketing development and operations.,assist with budgeting and financial tracking. help coordinate marketing campaigns and ticket sales. assist with fundraising events and grant applications. provide administrative support to the leadership team.,organization and multitasking. passion for the arts. strong communication and administrative skills. degree in arts administration.,427,https://www.kaggle.com/datasets/shivamashokgupta/job-description
JD0427,product designer digital a strategic role often in tech that combines ux design ui design and user research. they are responsible for the entire experience of a digital product from initial research to final visual design. conduct user research to identify product opportunities. define the user flow wireframes and prototypes ux . design the high-fidelity visual interface ui . continuously test and iterate on the product with users. mastery of the entire design process ux/ui . strategic thinking and problem-solving. proficiency in figma/sketch. portfolio of product case studies.,"Arts, Media, Education & Public Service",Design (Digital),Product Designer (Digital),a strategic role often in tech that combines ux design ui design and user research. they are responsible for the entire experience of a digital product from initial research to final visual design.,conduct user research to identify product opportunities. define the user flow wireframes and prototypes ux . design the high-fidelity visual interface ui . continuously test and iterate on the product with users.,mastery of the entire design process ux/ui . strategic thinking and problem-solving. proficiency in figma/sketch. portfolio of product case studies.,428,https://www.kaggle.com/datasets/shivamashokgupta/job-description
JD0428,tattoo artist a highly skilled visual artist who designs and applies permanent tattoos to clients bodies using specialized needles and ink. consult with clients to create original custom tattoo designs. operate tattoo machines and apply ink precisely to the skin. adhere to all health and bloodborne pathogen safety standards strictly. clean and sterilize all equipment. exceptional drawing and artistic skills. knowledge of tattoo equipment and techniques. strict adherence to health/safety protocols. requires a formal apprenticeship and state license.,"Arts, Media, Education & Public Service",Craft & Artisanal,Tattoo Artist,a highly skilled visual artist who designs and applies permanent tattoos to clients bodies using specialized needles and ink.,consult with clients to create original custom tattoo designs. operate tattoo machines and apply ink precisely to the skin. adhere to all health and bloodborne pathogen safety standards strictly. clean and sterilize all equipment.,exceptional drawing and artistic skills. knowledge of tattoo equipment and techniques. strict adherence to health/safety protocols. requires a formal apprenticeship and state license.,429,https://www.kaggle.com/datasets/shivamashokgupta/job-description
JD0429,illustrator children s book a specialized illustrator who creates the artwork for children s books interpreting the text to create engaging visual narratives for young readers. read the manuscript and create character designs. storyboard the entire book to plan the layout and flow. create final full-color illustrations for every page. collaborate with the author editor and art director. a unique marketable and family-friendly art style. strong storytelling and character design skills. mastery of a medium digital or traditional . professional illustration portfolio.,"Arts, Media, Education & Public Service",Fine Art,Illustrator (Children's Book),a specialized illustrator who creates the artwork for children s books interpreting the text to create engaging visual narratives for young readers.,read the manuscript and create character designs. storyboard the entire book to plan the layout and flow. create final full-color illustrations for every page. collaborate with the author editor and art director.,a unique marketable and family-friendly art style. strong storytelling and character design skills. mastery of a medium digital or traditional . professional illustration portfolio.,430,https://www.kaggle.com/datasets/shivamashokgupta/job-description
JD0430,journalist arts culture a writer who reports on the arts and culture beat reviewing performances interviewing artists and covering cultural events for a publication. attend and review theatre gallery openings concerts and films. interview artists directors curators and authors. pitch and write long-form feature articles on cultural trends. adhere to journalistic ethics and deadlines. strong critical writing and reporting skills. deep knowledge of the local and national arts scene. interviewing and research skills. degree in journalism or a related arts field.,"Arts, Media, Education & Public Service",Literary Arts,Journalist (Arts & Culture),a writer who reports on the arts and culture beat reviewing performances interviewing artists and covering cultural events for a publication.,attend and review theatre gallery openings concerts and films. interview artists directors curators and authors. pitch and write long-form feature articles on cultural trends. adhere to journalistic ethics and deadlines.,strong critical writing and reporting skills. deep knowledge of the local and national arts scene. interviewing and research skills. degree in journalism or a related arts field.,431,https://www.kaggle.com/datasets/shivamashokgupta/job-description
JD0431,make-up artist mua applies makeup to actors for theatre film and television. this can range from corrective makeup for cameras to elaborate fantasy or prosthetic special effects. apply makeup to actors to create the look of a specific character. read scripts to determine makeup requirements. may specialize in special effects sfx makeup applying prosthetics wounds or aging effects. maintain continuity of makeup during shooting. knowledge of makeup techniques beauty and corrective . for sfx skills in sculpting mold-making and prosthetic application. state cosmetology or esthetician license often required.,"Arts, Media, Education & Public Service",Performing Arts (Film),Make-up Artist (MUA),applies makeup to actors for theatre film and television. this can range from corrective makeup for cameras to elaborate fantasy or prosthetic special effects.,apply makeup to actors to create the look of a specific character. read scripts to determine makeup requirements. may specialize in special effects sfx makeup applying prosthetics wounds or aging effects. maintain continuity of makeup during shooting.,knowledge of makeup techniques beauty and corrective . for sfx skills in sculpting mold-making and prosthetic application. state cosmetology or esthetician license often required.,432,https://www.kaggle.com/datasets/shivamashokgupta/job-description
JD0432,music therapist a licensed healthcare professional who uses music-based interventions listening singing playing instruments to accomplish individualized therapeutic goals for patients. assess the physical emotional and cognitive needs of a client. design music-based interventions to meet therapeutic goals. conduct individual or group therapy sessions. work with diverse populations hospitals nursing homes schools . maintain clinical documentation. proficiency in guitar piano and voice. knowledge of psychology and clinical therapy practices. empathy. master s degree and board certification mt-bc .,"Arts, Media, Education & Public Service",Performing Arts (Music),Music Therapist,a licensed healthcare professional who uses music-based interventions listening singing playing instruments to accomplish individualized therapeutic goals for patients.,assess the physical emotional and cognitive needs of a client. design music-based interventions to meet therapeutic goals. conduct individual or group therapy sessions. work with diverse populations hospitals nursing homes schools . maintain clinical documentation.,proficiency in guitar piano and voice. knowledge of psychology and clinical therapy practices. empathy. master s degree and board certification mt-bc .,433,https://www.kaggle.com/datasets/shivamashokgupta/job-description
JD0433,scenic painter theatre/film a theatrical artist who paints the scenery flats backdrops for a play opera or film set often creating large-scale illusions of texture place and perspective. work from the set designer s renderings to paint scenery. use large-scale techniques to create textures wood grain brick marble . paint large backdrops sometimes requiring cartooning and perspective painting. mix large batches of custom paint colors. advanced painting skills realistic and illusory . ability to work at a very large scale. knowledge of scenic materials and techniques. scenic artist union membership usa 829 or apprenticeship.,"Arts, Media, Education & Public Service",Craft & Artisanal,Scenic Painter (Theatre/Film),a theatrical artist who paints the scenery flats backdrops for a play opera or film set often creating large-scale illusions of texture place and perspective.,work from the set designer s renderings to paint scenery. use large-scale techniques to create textures wood grain brick marble . paint large backdrops sometimes requiring cartooning and perspective painting. mix large batches of custom paint colors.,advanced painting skills realistic and illusory . ability to work at a very large scale. knowledge of scenic materials and techniques. scenic artist union membership usa 829 or apprenticeship.,435,https://www.kaggle.com/datasets/shivamashokgupta/job-description
JD0434,medical illustrator a highly specialized artist with training in both medicine and art. they create scientifically accurate visuals drawings models for textbooks journals and patient education. collaborate with doctors and scientists to understand complex medical information. create accurate and clear illustrations of human anatomy surgical procedures and biological processes. use digital tools photoshop illustrator or 3d modeling software. ensure all visuals are scientifically precise. master s degree from an accredited medical illustration program. expert knowledge of human anatomy. exceptional drawing and digital art skills. cmi certified medical illustrator certification.,"Arts, Media, Education & Public Service",Design (Commercial),Medical Illustrator,a highly specialized artist with training in both medicine and art. they create scientifically accurate visuals drawings models for textbooks journals and patient education.,collaborate with doctors and scientists to understand complex medical information. create accurate and clear illustrations of human anatomy surgical procedures and biological processes. use digital tools photoshop illustrator or 3d modeling software. ensure all visuals are scientifically precise.,master s degree from an accredited medical illustration program. expert knowledge of human anatomy. exceptional drawing and digital art skills. cmi certified medical illustrator certification.,462,https://www.kaggle.com/datasets/shivamashokgupta/job-description
JD0435,copywriter a creative professional responsible for writing the text or copy used in advertising and marketing. their goal is persuasive writing that drives action e.g. makes a sale generates a click . write clear concise and persuasive copy for ads digital print tv radio . create content for websites email marketing campaigns and social media. develop and adhere to a specific brand voice and tone. collaborate with art directors and designers to create finished ads. exceptional persuasive writing creativity. understanding of marketing and psychology. ability to accept criticism and meet deadlines. a strong portfolio of work.,"Arts, Media, Education & Public Service",Literary Arts,Copywriter,a creative professional responsible for writing the text or copy used in advertising and marketing. their goal is persuasive writing that drives action e.g. makes a sale generates a click .,write clear concise and persuasive copy for ads digital print tv radio . create content for websites email marketing campaigns and social media. develop and adhere to a specific brand voice and tone. collaborate with art directors and designers to create finished ads.,exceptional persuasive writing creativity. understanding of marketing and psychology. ability to accept criticism and meet deadlines. a strong portfolio of work.,463,https://www.kaggle.com/datasets/shivamashokgupta/job-description
JD0436,podcast producer manages the end-to-end creation of a podcast. this role combines creative direction project management and technical audio skills. coordinate with hosts book guests and manage production schedules. research topics and assist with scripting or outlining episodes. record edit and mix audio to a high professional standard. write show notes upload episodes to hosting platforms and assist with promotion. audio editing software audacity pro tools logic pro . project management storytelling. communication skills. experience in audio production.,"Arts, Media, Education & Public Service",Media & Production,Podcast Producer,manages the end-to-end creation of a podcast. this role combines creative direction project management and technical audio skills.,coordinate with hosts book guests and manage production schedules. research topics and assist with scripting or outlining episodes. record edit and mix audio to a high professional standard. write show notes upload episodes to hosting platforms and assist with promotion.,audio editing software audacity pro tools logic pro . project management storytelling. communication skills. experience in audio production.,464,https://www.kaggle.com/datasets/shivamashokgupta/job-description
JD0437,character rigger a technical artist in 3d animation. they build the digital skeleton joints and control system for a 3d model allowing animators to move and pose the character. build the internal armature skeleton for a 3d character model. create the user interface controls that animators will use. test the rig for functionality weight and deformation. troubleshoot and fix any issues for the animation team. highly technical skill in 3d software maya . deep knowledge of scripting python mel . understanding of anatomy and biomechanics. technical demo reel required.,"Arts, Media, Education & Public Service",Media & Production,Character Rigger,a technical artist in 3d animation. they build the digital skeleton joints and control system for a 3d model allowing animators to move and pose the character.,build the internal armature skeleton for a 3d character model. create the user interface controls that animators will use. test the rig for functionality weight and deformation. troubleshoot and fix any issues for the animation team.,highly technical skill in 3d software maya . deep knowledge of scripting python mel . understanding of anatomy and biomechanics. technical demo reel required.,465,https://www.kaggle.com/datasets/shivamashokgupta/job-description
JD0438,brand designer a specialized designer who focuses on creating and managing the visual elements of a brand identity including the logo color palette typography and image style ensuring consistency. design the core brand identity logo color fonts . create a comprehensive brand style guide for the company to follow. apply the brand identity across all assets website packaging marketing . ensure all visuals are cohesive and strategically aligned. expertise in graphic design and branding strategy. adobe creative suite. ability to think systematically and strategically about design. strong branding portfolio.,"Arts, Media, Education & Public Service",Design (Commercial),Brand Designer,a specialized designer who focuses on creating and managing the visual elements of a brand identity including the logo color palette typography and image style ensuring consistency.,design the core brand identity logo color fonts . create a comprehensive brand style guide for the company to follow. apply the brand identity across all assets website packaging marketing . ensure all visuals are cohesive and strategically aligned.,expertise in graphic design and branding strategy. adobe creative suite. ability to think systematically and strategically about design. strong branding portfolio.,466,https://www.kaggle.com/datasets/shivamashokgupta/job-description
JD0439,music librarian manages the music library for a major performing ensemble like a symphony orchestra or opera. they are responsible for acquiring preparing and distributing sheet music. acquire sheet music purchase or rent for the season s programming. prepare scores for the conductor marking and parts for each musician bowings . catalog and maintain the physical music library. distribute and collect all sheet music for rehearsals and performances. ability to read music fluently. exceptional organization and attention to detail. knowledge of music history and publishing. master s in library science mls or musicology.,"Arts, Media, Education & Public Service",Performing Arts (Music),Music Librarian,manages the music library for a major performing ensemble like a symphony orchestra or opera. they are responsible for acquiring preparing and distributing sheet music.,acquire sheet music purchase or rent for the season s programming. prepare scores for the conductor marking and parts for each musician bowings . catalog and maintain the physical music library. distribute and collect all sheet music for rehearsals and performances.,ability to read music fluently. exceptional organization and attention to detail. knowledge of music history and publishing. master s in library science mls or musicology.,467,https://www.kaggle.com/datasets/shivamashokgupta/job-description
JD0440,apparel pattern grader a highly technical specialist who takes the master pattern sample size created by the pattern maker and scales it up and down to create the patterns for the full range of sizes xs s m l xl etc. . use specific grading rules to proportionally increase or decrease pattern measurements. work using cad software gerber lectra or by hand. ensure the fit and proportions remain consistent across all sizes. create the final nested set of patterns for the factory. mastery of pattern grading techniques and rules. advanced math skills and attention to detail. proficiency in grading software cad . experience in patternmaking.,"Arts, Media, Education & Public Service",Fashion & Apparel,Apparel Pattern Grader,a highly technical specialist who takes the master pattern sample size created by the pattern maker and scales it up and down to create the patterns for the full range of sizes xs s m l xl etc. .,use specific grading rules to proportionally increase or decrease pattern measurements. work using cad software gerber lectra or by hand. ensure the fit and proportions remain consistent across all sizes. create the final nested set of patterns for the factory.,mastery of pattern grading techniques and rules. advanced math skills and attention to detail. proficiency in grading software cad . experience in patternmaking.,468,https://www.kaggle.com/datasets/shivamashokgupta/job-description
JD0441,art appraiser a certified expert who evaluates artworks to determine their monetary value for insurance donation estate tax or sale purposes. research the artist provenance history of ownership and condition of an artwork. analyze auction records and private sales data for comparable works. write a formal legally binding appraisal report stating the artwork s value. adhere to professional ethics standards uspap . expert knowledge of art history and the art market. strong research skills. must be certified by an appraisal organization asa aaa isa .,"Arts, Media, Education & Public Service",Museum & Arts Admin,Art Appraiser,a certified expert who evaluates artworks to determine their monetary value for insurance donation estate tax or sale purposes.,research the artist provenance history of ownership and condition of an artwork. analyze auction records and private sales data for comparable works. write a formal legally binding appraisal report stating the artwork s value. adhere to professional ethics standards uspap .,expert knowledge of art history and the art market. strong research skills. must be certified by an appraisal organization asa aaa isa .,469,https://www.kaggle.com/datasets/shivamashokgupta/job-description
JD0442,blacksmith an artisan who forges and shapes metal typically iron and steel using a forge hammer and anvil to create functional items tools hardware gates or sculpture. heat metal in a forge to make it malleable. shape hot metal using hammers anvils and other metalworking tools. use techniques like welding bending and finishing. fabricate custom commissions e.g. architectural railings . expert knowledge of metallurgy and forging techniques. physical strength and stamina. high tolerance for heat and dangerous conditions. apprenticeship or specialized craft schooling.,"Arts, Media, Education & Public Service",Craft & Artisanal,Blacksmith,an artisan who forges and shapes metal typically iron and steel using a forge hammer and anvil to create functional items tools hardware gates or sculpture.,heat metal in a forge to make it malleable. shape hot metal using hammers anvils and other metalworking tools. use techniques like welding bending and finishing. fabricate custom commissions e.g. architectural railings .,expert knowledge of metallurgy and forging techniques. physical strength and stamina. high tolerance for heat and dangerous conditions. apprenticeship or specialized craft schooling.,470,https://www.kaggle.com/datasets/shivamashokgupta/job-description
JD0443,exhibition preparator see art handler a technician who performs the skilled manual labor of building installing and maintaining museum exhibits. build temporary walls pedestals and custom mounts for art. hang and install artwork according to the curator s layout. set up and maintain lighting and a/v equipment for exhibits. paint gallery walls and perform repairs. advanced carpentry skills. knowledge of art handling techniques. ability to read blueprints and designs. experience in construction or fabrication.,"Arts, Media, Education & Public Service",Museum & Arts Admin,Exhibition Preparator,see art handler a technician who performs the skilled manual labor of building installing and maintaining museum exhibits.,build temporary walls pedestals and custom mounts for art. hang and install artwork according to the curator s layout. set up and maintain lighting and a/v equipment for exhibits. paint gallery walls and perform repairs.,advanced carpentry skills. knowledge of art handling techniques. ability to read blueprints and designs. experience in construction or fabrication.,471,https://www.kaggle.com/datasets/shivamashokgupta/job-description
JD0444,sign writer / painter a specialized artisan who designs and paints high-quality signs by hand using traditional lettering and gilding gold leaf techniques. design lettering and layouts for commercial signage. hand-paint lettering with brushes with extreme precision. apply gold leaf gilding to surfaces like glass windows. work on-site to paint large-scale signs on buildings. mastery of brush lettering sign painting . knowledge of layout design and typography. extreme patience and a steady hand. apprenticeship-based skill.,"Arts, Media, Education & Public Service",Design (Commercial),Sign Writer / Painter,a specialized artisan who designs and paints high-quality signs by hand using traditional lettering and gilding gold leaf techniques.,design lettering and layouts for commercial signage. hand-paint lettering with brushes with extreme precision. apply gold leaf gilding to surfaces like glass windows. work on-site to paint large-scale signs on buildings.,mastery of brush lettering sign painting . knowledge of layout design and typography. extreme patience and a steady hand. apprenticeship-based skill.,472,https://www.kaggle.com/datasets/shivamashokgupta/job-description
JD0445,special effects sfx makeup artist a specialized mua who focuses on practical effects creating non-human characters wounds aging and monsters using prosthetics sculpting and mold-making. design characters e.g. aliens monsters with the director. sculpt features in clay and create molds. run foam latex or silicone prosthetic appliances from the molds. apply and paint prosthetics onto the actor blending them seamlessly with the skin. expert skills in sculpting painting and mold-making. deep knowledge of materials silicone foam latex . understanding of anatomy. specialized sfx makeup school portfolio.,"Arts, Media, Education & Public Service",Performing Arts (Film),Special Effects (SFX) Makeup Artist,a specialized mua who focuses on practical effects creating non-human characters wounds aging and monsters using prosthetics sculpting and mold-making.,design characters e.g. aliens monsters with the director. sculpt features in clay and create molds. run foam latex or silicone prosthetic appliances from the molds. apply and paint prosthetics onto the actor blending them seamlessly with the skin.,expert skills in sculpting painting and mold-making. deep knowledge of materials silicone foam latex . understanding of anatomy. specialized sfx makeup school portfolio.,473,https://www.kaggle.com/datasets/shivamashokgupta/job-description
JD0446,master electrician works with the lighting designer to implement the light plot. they are responsible for acquiring hanging focusing and wiring all lighting instruments in the theatre. read the lighting designer s plot and acquire all needed instruments and cables. supervise a crew of electricians to hang all lights in the grid. focus each light according to the designer s specifications. ensure all electrical systems are safe and functional. expert knowledge of theatrical lighting instruments. understanding of electrical theory and safety. leadership and ability to read complex plots. certification or bfa/mfa.,"Arts, Media, Education & Public Service",Performing Arts (Theatre),Master Electrician,works with the lighting designer to implement the light plot. they are responsible for acquiring hanging focusing and wiring all lighting instruments in the theatre.,read the lighting designer s plot and acquire all needed instruments and cables. supervise a crew of electricians to hang all lights in the grid. focus each light according to the designer s specifications. ensure all electrical systems are safe and functional.,expert knowledge of theatrical lighting instruments. understanding of electrical theory and safety. leadership and ability to read complex plots. certification or bfa/mfa.,474,https://www.kaggle.com/datasets/shivamashokgupta/job-description
JD0447,courtroom sketch artist a specialized illustrator who attends legal trials and quickly draws the proceedings judge jury defendant for media outlets particularly when cameras are banned from the courtroom. attend high-profile court cases. quickly sketch key figures and dramatic moments using pastel or pencil. capture the likeness and emotion of the participants under a tight deadline. deliver sketches to news media for broadcast. exceptional fast drawing and sketching skills. ability to capture likeness and gesture quickly. ability to work under high pressure. journalism or illustration background.,"Arts, Media, Education & Public Service",Fine Art,Courtroom Sketch Artist,a specialized illustrator who attends legal trials and quickly draws the proceedings judge jury defendant for media outlets particularly when cameras are banned from the courtroom.,attend high-profile court cases. quickly sketch key figures and dramatic moments using pastel or pencil. capture the likeness and emotion of the participants under a tight deadline. deliver sketches to news media for broadcast.,exceptional fast drawing and sketching skills. ability to capture likeness and gesture quickly. ability to work under high pressure. journalism or illustration background.,475,https://www.kaggle.com/datasets/shivamashokgupta/job-description
JD0448,illustrator technical creates precise visual illustrations to explain complex technical information. they create the diagrams in instruction manuals engineering journals and scientific textbooks. read and interpret complex technical data or engineering blueprints. create clean accurate diagrams cutaways and exploded views of machinery or products. use digital tools adobe illustrator to create precise vector-based illustrations. work with engineers and writers to ensure accuracy. exceptional precision drawing skills digital . ability to understand and visualize complex technical concepts. mastery of adobe illustrator. portfolio of technical diagrams.,"Arts, Media, Education & Public Service",Design (Commercial),Illustrator (Technical),creates precise visual illustrations to explain complex technical information. they create the diagrams in instruction manuals engineering journals and scientific textbooks.,read and interpret complex technical data or engineering blueprints. create clean accurate diagrams cutaways and exploded views of machinery or products. use digital tools adobe illustrator to create precise vector-based illustrations. work with engineers and writers to ensure accuracy.,exceptional precision drawing skills digital . ability to understand and visualize complex technical concepts. mastery of adobe illustrator. portfolio of technical diagrams.,476,https://www.kaggle.com/datasets/shivamashokgupta/job-description
JD0449,literary scout a highly specialized consultant typically hired by international publishers or film studios to be their eyes and ears and find promising books in other markets before they become bestsellers. read manuscripts and new books across a specific market e.g. the us publishing market . network extensively with agents and editors to get early tips. write reports recommending the most promising books to their international clients. identify trends and breakout intellectual property ip . voracious reader with strong editorial instincts. exceptional networking and social skills. ability to synthesize information and write reports quickly. deep industry connections.,"Arts, Media, Education & Public Service",Literary Arts,Literary Scout,a highly specialized consultant typically hired by international publishers or film studios to be their eyes and ears and find promising books in other markets before they become bestsellers.,read manuscripts and new books across a specific market e.g. the us publishing market . network extensively with agents and editors to get early tips. write reports recommending the most promising books to their international clients. identify trends and breakout intellectual property ip .,voracious reader with strong editorial instincts. exceptional networking and social skills. ability to synthesize information and write reports quickly. deep industry connections.,477,https://www.kaggle.com/datasets/shivamashokgupta/job-description
JD0450,public art administrator works for a government agency or non-profit to manage the percent for art program. they facilitate the entire process of commissioning and installing public art. manage the call for artists process and rfq submissions. coordinate the selection committee jury process. act as the liaison between the artist the city/architects and the community. manage the project budget timeline and installation logistics. project management skills. knowledge of public art fabrication and construction. diplomacy and communication skills. ma in arts administration or public policy.,"Arts, Media, Education & Public Service",Fine Art,Public Art Administrator,works for a government agency or non-profit to manage the percent for art program. they facilitate the entire process of commissioning and installing public art.,manage the call for artists process and rfq submissions. coordinate the selection committee jury process. act as the liaison between the artist the city/architects and the community. manage the project budget timeline and installation logistics.,project management skills. knowledge of public art fabrication and construction. diplomacy and communication skills. ma in arts administration or public policy.,478,https://www.kaggle.com/datasets/shivamashokgupta/job-description
JD0451,consulting intern an undergraduate or mba student in a temporary role. supports a project team by conducting research performing data analysis and learning the fundamentals of the consulting methodology. conduct market research and data collection. perform quantitative analysis and financial modeling in excel. assist in the creation of client presentation slides powerpoint . participate in team brainstorming and problem-solving sessions. skills strong analytical thinking excel/powerpoint communication teamwork. qualifications currently enrolled in a top-tier ba or mba program.,"Consulting, Business & Operations",Management Consulting,Consulting Intern,an undergraduate or mba student in a temporary role. supports a project team by conducting research performing data analysis and learning the fundamentals of the consulting methodology.,conduct market research and data collection. perform quantitative analysis and financial modeling in excel. assist in the creation of client presentation slides powerpoint . participate in team brainstorming and problem-solving sessions.,skills strong analytical thinking excel/powerpoint communication teamwork. qualifications currently enrolled in a top-tier ba or mba program.,479,https://www.kaggle.com/datasets/shivamashokgupta/job-description
JD0452,associate consultant / analyst the entry-level post-undergraduate role. responsible for a specific workstream within a project focusing heavily on data gathering quantitative analysis and slide creation. own a specific piece of the analysis e.g. competitor benchmarking financial model . synthesize research findings into clear insights. prepare and polish client-ready presentation decks. work directly with client data to identify trends. skills data analysis financial modeling research advanced powerpoint problem-solving professionalism. qualifications bachelor s degree from a top-tier university any major .,"Consulting, Business & Operations",Management Consulting,Associate Consultant / Analyst,the entry-level post-undergraduate role. responsible for a specific workstream within a project focusing heavily on data gathering quantitative analysis and slide creation.,own a specific piece of the analysis e.g. competitor benchmarking financial model . synthesize research findings into clear insights. prepare and polish client-ready presentation decks. work directly with client data to identify trends.,skills data analysis financial modeling research advanced powerpoint problem-solving professionalism. qualifications bachelor s degree from a top-tier university any major .,480,https://www.kaggle.com/datasets/shivamashokgupta/job-description
JD0453,consultant post-mba the standard post-mba role. expected to manage their own complex workstream lead analysts and begin to structure the project s overall narrative and recommendations. structure and manage complex analytical workstreams. supervise and mentor 1-2 analysts or associates. formulate strategic recommendations based on data. begin to co-manage parts of the client relationship. skills project management advanced structured thinking leadership client management business acumen. qualifications mba from a top-tier business school or direct promotion from an analyst role.,"Consulting, Business & Operations",Management Consulting,Consultant (Post-MBA),the standard post-mba role. expected to manage their own complex workstream lead analysts and begin to structure the project s overall narrative and recommendations.,structure and manage complex analytical workstreams. supervise and mentor 1-2 analysts or associates. formulate strategic recommendations based on data. begin to co-manage parts of the client relationship.,skills project management advanced structured thinking leadership client management business acumen. qualifications mba from a top-tier business school or direct promotion from an analyst role.,481,https://www.kaggle.com/datasets/shivamashokgupta/job-description
JD0454,engagement manager / project lead responsible for the day-to-day management of an entire consulting project. manages the full team the client relationship the project plan and the final deliverable. lead the project team delegate work and manage timelines. act as the primary point of contact for the client project team. structure the team s problem-solving approach and ensure hypothesis-driven analysis. build and present the final recommendation deck to client leadership. skills team leadership project management client relationship skills storytelling conflict resolution. qualifications 3-5+ years of post-mba experience proven project delivery.,"Consulting, Business & Operations",Management Consulting,Engagement Manager / Project Lead,responsible for the day-to-day management of an entire consulting project. manages the full team the client relationship the project plan and the final deliverable.,lead the project team delegate work and manage timelines. act as the primary point of contact for the client project team. structure the team s problem-solving approach and ensure hypothesis-driven analysis. build and present the final recommendation deck to client leadership.,skills team leadership project management client relationship skills storytelling conflict resolution. qualifications 3-5+ years of post-mba experience proven project delivery.,482,https://www.kaggle.com/datasets/shivamashokgupta/job-description
JD0455,principal / senior manager a senior leader who manages multiple project teams simultaneously. begins to shift focus from project delivery to project sales and business development. manage a portfolio of 2-3 projects and their respective managers. build and maintain relationships with senior client executives. lead business development proposals rfps and sales pitches. develop intellectual capital white papers for the firm. skills business development sales client relationship management practice leadership expert-level knowledge. qualifications extensive 8-12+ years consulting experience proven track record of selling projects.,"Consulting, Business & Operations",Management Consulting,Principal / Senior Manager,a senior leader who manages multiple project teams simultaneously. begins to shift focus from project delivery to project sales and business development.,manage a portfolio of 2-3 projects and their respective managers. build and maintain relationships with senior client executives. lead business development proposals rfps and sales pitches. develop intellectual capital white papers for the firm.,skills business development sales client relationship management practice leadership expert-level knowledge. qualifications extensive 8-12+ years consulting experience proven track record of selling projects.,483,https://www.kaggle.com/datasets/shivamashokgupta/job-description
JD0456,partner / managing director a co-owner of the firm responsible for setting strategy driving revenue and managing the firm s most senior client relationships c-suite . the ultimate p l owner. own and grow a multi-million dollar book of business client portfolio . sell and sign large-scale transformation projects. serve as the lead relationship manager for c-suite clients. mentor junior partners and principals lead the practice area. skills executive leadership rainmaking/sales c-suite relationship building strategic vision. qualifications elected to the partnership proven track record of generating significant revenue and firm impact.,"Consulting, Business & Operations",Management Consulting,Partner / Managing Director,a co-owner of the firm responsible for setting strategy driving revenue and managing the firm s most senior client relationships c-suite . the ultimate p l owner.,own and grow a multi-million dollar book of business client portfolio . sell and sign large-scale transformation projects. serve as the lead relationship manager for c-suite clients. mentor junior partners and principals lead the practice area.,skills executive leadership rainmaking/sales c-suite relationship building strategic vision. qualifications elected to the partnership proven track record of generating significant revenue and firm impact.,484,https://www.kaggle.com/datasets/shivamashokgupta/job-description
JD0457,growth strategy consultant a specialist consultant who advises clients on how to expand their business focusing on market entry product diversification and new revenue streams. analyze market size competitive landscape and customer segments. model financial projections for new business ventures. develop strategic roadmaps for entering new markets or launching new products. skills market analysis financial modeling strategic forecasting competitive intelligence. qualifications standard consulting background ba/mba with a focus on marketing or corporate strategy projects.,"Consulting, Business & Operations",Strategy Consulting,Growth Strategy Consultant,a specialist consultant who advises clients on how to expand their business focusing on market entry product diversification and new revenue streams.,analyze market size competitive landscape and customer segments. model financial projections for new business ventures. develop strategic roadmaps for entering new markets or launching new products.,skills market analysis financial modeling strategic forecasting competitive intelligence. qualifications standard consulting background ba/mba with a focus on marketing or corporate strategy projects.,485,https://www.kaggle.com/datasets/shivamashokgupta/job-description
JD0458,operations strategy consultant advises clients on improving operational efficiency. focuses on supply chain manufacturing procurement and cost-reduction initiatives. diagram and analyze client s core operational processes. identify bottlenecks waste and areas for cost reduction. design new operational models e.g. lean manufacturing strategic sourcing . quantify potential savings from efficiency improvements. skills process mapping lean/six sigma cost-benefit analysis supply chain management procurement. qualifications ba/mba often an engineering or operations background is preferred.,"Consulting, Business & Operations",Strategy Consulting,Operations Strategy Consultant,advises clients on improving operational efficiency. focuses on supply chain manufacturing procurement and cost-reduction initiatives.,diagram and analyze client s core operational processes. identify bottlenecks waste and areas for cost reduction. design new operational models e.g. lean manufacturing strategic sourcing . quantify potential savings from efficiency improvements.,skills process mapping lean/six sigma cost-benefit analysis supply chain management procurement. qualifications ba/mba often an engineering or operations background is preferred.,486,https://www.kaggle.com/datasets/shivamashokgupta/job-description
JD0459,pricing strategy consultant a niche consultant who uses economic and data models to help clients determine the optimal price for their products and services to maximize revenue and profitability. conduct conjoint analysis and other market research to test price sensitivity. analyze competitor pricing models and market positioning. develop new pricing frameworks e.g. subscription tiered value-based . skills economics econometrics statistical analysis r/python strong quantitative modeling. qualifications degree in economics statistics or related field. often holds a phd.,"Consulting, Business & Operations",Strategy Consulting,Pricing Strategy Consultant,a niche consultant who uses economic and data models to help clients determine the optimal price for their products and services to maximize revenue and profitability.,conduct conjoint analysis and other market research to test price sensitivity. analyze competitor pricing models and market positioning. develop new pricing frameworks e.g. subscription tiered value-based .,skills economics econometrics statistical analysis r/python strong quantitative modeling. qualifications degree in economics statistics or related field. often holds a phd.,487,https://www.kaggle.com/datasets/shivamashokgupta/job-description
JD0460,market entry strategy consultant advises clients on the feasibility and strategy for entering a new geographic market e.g. a us company entering asia . analyze foreign market regulations cultural barriers and local competition. evaluate build vs. buy vs. partner entry models. develop a phased roadmap for market entry. assess geopolitical and economic risks. skills international business risk analysis regulatory research competitive strategy. qualifications ba/mba often with international experience or fluency in other languages.,"Consulting, Business & Operations",Strategy Consulting,Market Entry Strategy Consultant,advises clients on the feasibility and strategy for entering a new geographic market e.g. a us company entering asia .,analyze foreign market regulations cultural barriers and local competition. evaluate build vs. buy vs. partner entry models. develop a phased roadmap for market entry. assess geopolitical and economic risks.,skills international business risk analysis regulatory research competitive strategy. qualifications ba/mba often with international experience or fluency in other languages.,488,https://www.kaggle.com/datasets/shivamashokgupta/job-description
JD0461,due diligence consultant works on the commercial not financial side of m a. answers the question is this a good company and market to buy part of transaction services . conduct rapid market research on a target company s industry. interview key customers suppliers and experts. assess the target s competitive advantage and market position. identify key commercial risks and opportunities for the acquiring client. skills rapid research expert interviewing financial analysis hypothesis generation deadline-driven. qualifications standard consulting background experience in fast-paced m a projects.,"Consulting, Business & Operations",Strategy Consulting,Due Diligence Consultant,works on the commercial not financial side of m a. answers the question is this a good company and market to buy part of transaction services .,conduct rapid market research on a target company s industry. interview key customers suppliers and experts. assess the target s competitive advantage and market position. identify key commercial risks and opportunities for the acquiring client.,skills rapid research expert interviewing financial analysis hypothesis generation deadline-driven. qualifications standard consulting background experience in fast-paced m a projects.,489,https://www.kaggle.com/datasets/shivamashokgupta/job-description
JD0462,technology strategy consultant advises cios and ctos on high-level it strategy such as digital transformation roadmaps technology operating models and it cost optimization. assess a client s current technology stack and capabilities. align it strategy with the overall business strategy. create multi-year roadmaps for digital transformation. design new it governance and operating models. skills business acumen it knowledge strategic planning digital trends communication. qualifications ba/mba often mixed with a technical compsci degree.,"Consulting, Business & Operations",Technology Consulting,Technology Strategy Consultant,advises cios and ctos on high-level it strategy such as digital transformation roadmaps technology operating models and it cost optimization.,assess a client s current technology stack and capabilities. align it strategy with the overall business strategy. create multi-year roadmaps for digital transformation. design new it governance and operating models.,skills business acumen it knowledge strategic planning digital trends communication. qualifications ba/mba often mixed with a technical compsci degree.,490,https://www.kaggle.com/datasets/shivamashokgupta/job-description
JD0463,digital transformation consultant a broad role focused on helping legacy companies adopt digital technologies. manages the human and technical side of moving to cloud mobile and data-centric operations. create roadmaps for adopting digital-first customer experiences. manage projects related to cloud migration data analytics and mobile app dev. integrate change management to ensure employee adoption. bridge the gap between business leaders and it implementation teams. skills project management change management broad knowledge of cloud/data/agile stakeholder alignment. qualifications ba/mba with strong project management experience.,"Consulting, Business & Operations",Technology Consulting,Digital Transformation Consultant,a broad role focused on helping legacy companies adopt digital technologies. manages the human and technical side of moving to cloud mobile and data-centric operations.,create roadmaps for adopting digital-first customer experiences. manage projects related to cloud migration data analytics and mobile app dev. integrate change management to ensure employee adoption. bridge the gap between business leaders and it implementation teams.,skills project management change management broad knowledge of cloud/data/agile stakeholder alignment. qualifications ba/mba with strong project management experience.,491,https://www.kaggle.com/datasets/shivamashokgupta/job-description
JD0464,it infrastructure consultant advises clients on designing and managing their core hardware networks data centers and infrastructure operations. assess existing data center and network architecture. design scalable infrastructure solutions on-prem cloud or hybrid . plan large-scale hardware refresh or migration projects. advise on network security and disaster recovery planning. skills network architecture data center operations cloud infrastructure itil virtualization vmware . qualifications technical degree or certifications e.g. comptia cisco .,"Consulting, Business & Operations",Technology Consulting,IT Infrastructure Consultant,advises clients on designing and managing their core hardware networks data centers and infrastructure operations.,assess existing data center and network architecture. design scalable infrastructure solutions on-prem cloud or hybrid . plan large-scale hardware refresh or migration projects. advise on network security and disaster recovery planning.,skills network architecture data center operations cloud infrastructure itil virtualization vmware . qualifications technical degree or certifications e.g. comptia cisco .,492,https://www.kaggle.com/datasets/shivamashokgupta/job-description
JD0465,it sourcing consultant advises clients on how to strategically procure technology hardware software and services focusing on cost optimization and vendor management. analyze client s annual it spend and vendor contracts. run the rfp request for proposal process for new tech vendors. negotiate pricing licensing terms sla and contracts. advise on outsourcing bpo/ito strategies. skills negotiation procurement contract analysis financial analysis it asset management itam . qualifications background in finance procurement or it operations.,"Consulting, Business & Operations",Technology Consulting,IT Sourcing Consultant,advises clients on how to strategically procure technology hardware software and services focusing on cost optimization and vendor management.,analyze client s annual it spend and vendor contracts. run the rfp request for proposal process for new tech vendors. negotiate pricing licensing terms sla and contracts. advise on outsourcing bpo/ito strategies.,skills negotiation procurement contract analysis financial analysis it asset management itam . qualifications background in finance procurement or it operations.,493,https://www.kaggle.com/datasets/shivamashokgupta/job-description
JD0466,cloud advisory consultant a strategist who helps clients develop their cloud-first strategy. determines which applications to move to the cloud which cloud provider to use aws azure gcp and the financial business case. build the business case tco analysis for cloud migration. assess application portfolios for cloud readiness. recommend specific providers aws azure gcp and service models iaas paas saas . develop the migration roadmap and governance model. skills cloud fundamentals aws azure gcp financial modeling tco it strategy communication. qualifications cloud certifications e.g. aws cloud practitioner + consulting background.,"Consulting, Business & Operations",Technology Consulting,Cloud Advisory Consultant,a strategist who helps clients develop their cloud-first strategy. determines which applications to move to the cloud which cloud provider to use aws azure gcp and the financial business case.,build the business case tco analysis for cloud migration. assess application portfolios for cloud readiness. recommend specific providers aws azure gcp and service models iaas paas saas . develop the migration roadmap and governance model.,skills cloud fundamentals aws azure gcp financial modeling tco it strategy communication. qualifications cloud certifications e.g. aws cloud practitioner + consulting background.,494,https://www.kaggle.com/datasets/shivamashokgupta/job-description
JD0467,cloud implementation consultant a hands-on technical expert who actually builds configures and deploys solutions on cloud platforms for a client. design and deploy client solutions using aws azure or gcp services. write infrastructure as code iac using terraform or cloudformation. configure virtual networks iam policies and compute resources. migrate on-premise applications and data to the cloud. skills expert-level aws/azure/gcp terraform/ansible scripting python networking security. qualifications professional-level cloud certifications e.g. aws solutions architect pro .,"Consulting, Business & Operations",Technology Consulting,Cloud Implementation Consultant,a hands-on technical expert who actually builds configures and deploys solutions on cloud platforms for a client.,design and deploy client solutions using aws azure or gcp services. write infrastructure as code iac using terraform or cloudformation. configure virtual networks iam policies and compute resources. migrate on-premise applications and data to the cloud.,skills expert-level aws/azure/gcp terraform/ansible scripting python networking security. qualifications professional-level cloud certifications e.g. aws solutions architect pro .,495,https://www.kaggle.com/datasets/shivamashokgupta/job-description
JD0468,cybersecurity strategy consultant advises cisos and boards on their overall cybersecurity posture risk management framework and security program maturity. conduct security maturity assessments e.g. against nist framework . develop a security program roadmap and governance structure. advise on security budgets and technology investments. create incident response plans and data privacy policies gdpr ccpa . skills cybersecurity frameworks nist iso 27001 risk assessment data privacy laws communication. qualifications security certs cissp cism + consulting background.,"Consulting, Business & Operations",Technology Consulting,Cybersecurity Strategy Consultant,advises cisos and boards on their overall cybersecurity posture risk management framework and security program maturity.,conduct security maturity assessments e.g. against nist framework . develop a security program roadmap and governance structure. advise on security budgets and technology investments. create incident response plans and data privacy policies gdpr ccpa .,skills cybersecurity frameworks nist iso 27001 risk assessment data privacy laws communication. qualifications security certs cissp cism + consulting background.,496,https://www.kaggle.com/datasets/shivamashokgupta/job-description
JD0469,cybersecurity risk analyst a tactical consultant who performs technical risk assessments and audits to ensure a client is compliant with security standards. perform vulnerability assessments and penetration tests ethical hacking . conduct grc governance risk compliance audits against standards pci hipaa sox . test and validate internal security controls. write detailed reports on vulnerabilities and remediation steps. skills vulnerability scanning penetration testing tools compliance auditing technical writing. qualifications technical certs ceh security+ or auditing certs cisa .,"Consulting, Business & Operations",Technology Consulting,Cybersecurity Risk Analyst,a tactical consultant who performs technical risk assessments and audits to ensure a client is compliant with security standards.,perform vulnerability assessments and penetration tests ethical hacking . conduct grc governance risk compliance audits against standards pci hipaa sox . test and validate internal security controls. write detailed reports on vulnerabilities and remediation steps.,skills vulnerability scanning penetration testing tools compliance auditing technical writing. qualifications technical certs ceh security+ or auditing certs cisa .,497,https://www.kaggle.com/datasets/shivamashokgupta/job-description
JD0470,data analytics consultant helps clients leverage their data. focuses on building business intelligence bi dashboards setting up data visualization tools and pulling insights from data. interview business stakeholders to define key performance indicators kpis . build and maintain data models and bi dashboards in tableau power bi looker . write complex sql queries to extract and transform data. train end-users on how to use bi tools for self-service analytics. skills tableau/power bi expert-level sql data warehousing communication data storytelling. qualifications degree in analytics business or cs. strong portfolio of dashboards.,"Consulting, Business & Operations",Technology Consulting,Data & Analytics Consultant,helps clients leverage their data. focuses on building business intelligence bi dashboards setting up data visualization tools and pulling insights from data.,interview business stakeholders to define key performance indicators kpis . build and maintain data models and bi dashboards in tableau power bi looker . write complex sql queries to extract and transform data. train end-users on how to use bi tools for self-service analytics.,skills tableau/power bi expert-level sql data warehousing communication data storytelling. qualifications degree in analytics business or cs. strong portfolio of dashboards.,498,https://www.kaggle.com/datasets/shivamashokgupta/job-description
JD0471,data governance consultant a specialist consultant who helps large organizations manage their data as an asset. focuses on data quality data catalogs and policies. implement data governance frameworks and establish a data governance office. create data catalogs data dictionaries and business glossaries. define data quality rules and data stewardship policies. advise on master data management mdm strategies. skills data governance principles data quality tools mdm concepts policy writing. qualifications experience in data management. certifications in specific governance tools e.g. collibra .,"Consulting, Business & Operations",Technology Consulting,Data Governance Consultant,a specialist consultant who helps large organizations manage their data as an asset. focuses on data quality data catalogs and policies.,implement data governance frameworks and establish a data governance office. create data catalogs data dictionaries and business glossaries. define data quality rules and data stewardship policies. advise on master data management mdm strategies.,skills data governance principles data quality tools mdm concepts policy writing. qualifications experience in data management. certifications in specific governance tools e.g. collibra .,499,https://www.kaggle.com/datasets/shivamashokgupta/job-description
JD0472,ai/ml strategy consultant advises clients on how to leverage artificial intelligence and machine learning. identifies high-value use cases and builds the strategic roadmap for implementation. run art of the possible workshops to identify ai use cases. build the business case and roi models for ai projects. develop an ai/ml implementation roadmap including data and talent strategy. advise on ai ethics governance and model risk management. skills strong understanding of ai/ml concepts not necessarily a builder strategic planning business acumen. qualifications mba or data science background with strong communication skills.,"Consulting, Business & Operations",Technology Consulting,AI/ML Strategy Consultant,advises clients on how to leverage artificial intelligence and machine learning. identifies high-value use cases and builds the strategic roadmap for implementation.,run art of the possible workshops to identify ai use cases. build the business case and roi models for ai projects. develop an ai/ml implementation roadmap including data and talent strategy. advise on ai ethics governance and model risk management.,skills strong understanding of ai/ml concepts not necessarily a builder strategic planning business acumen. qualifications mba or data science background with strong communication skills.,500,https://www.kaggle.com/datasets/shivamashokgupta/job-description
JD0473,data science consultant a hands-on builder data scientist who works on client projects to build test and deploy machine learning models to solve specific business problems. clean and prepare large messy datasets for modeling. train test and validate predictive models regression classification etc. . use python scikit-learn pandas or r for statistical analysis. present model findings and limitations to technical and non-technical stakeholders. skills python/r sql machine learning statistics data visualization communication. qualifications master s or phd in a quantitative field compsci statistics econ .,"Consulting, Business & Operations",Technology Consulting,Data Science Consultant,a hands-on builder data scientist who works on client projects to build test and deploy machine learning models to solve specific business problems.,clean and prepare large messy datasets for modeling. train test and validate predictive models regression classification etc. . use python scikit-learn pandas or r for statistical analysis. present model findings and limitations to technical and non-technical stakeholders.,skills python/r sql machine learning statistics data visualization communication. qualifications master s or phd in a quantitative field compsci statistics econ .,501,https://www.kaggle.com/datasets/shivamashokgupta/job-description
JD0474,devops transformation consultant advises clients on how to adopt devops culture and practices like ci/cd and automation to release software faster and more reliably. assess a client s current software development lifecycle sdlc . design and implement ci/cd pipelines e.g. using jenkins gitlab ci . implement automation tools for infrastructure provisioning iac . coach development and operations teams on agile/devops collaboration. skills ci/cd tools containerization docker kubernetes iac terraform agile/scrum. qualifications background in software development or systems administration.,"Consulting, Business & Operations",Technology Consulting,DevOps Transformation Consultant,advises clients on how to adopt devops culture and practices like ci/cd and automation to release software faster and more reliably.,assess a client s current software development lifecycle sdlc . design and implement ci/cd pipelines e.g. using jenkins gitlab ci . implement automation tools for infrastructure provisioning iac . coach development and operations teams on agile/devops collaboration.,skills ci/cd tools containerization docker kubernetes iac terraform agile/scrum. qualifications background in software development or systems administration.,502,https://www.kaggle.com/datasets/shivamashokgupta/job-description
JD0475,agile coach / scrum consultant an expert in agile methodologies hired by organizations to train teams manage the transition from waterfall to agile and act as a scrum master for critical projects. train client teams on agile principles and the scrum framework. act as a scrum master or agile coach for multiple development teams. help organizations scale agile e.g. using safe less . facilitate agile ceremonies sprints retrospectives stand-ups . skills expert knowledge of agile/scrum/kanban coaching facilitation conflict resolution. qualifications certified scrum master csm or safe certification extensive project management experience.,"Consulting, Business & Operations",Technology Consulting,Agile Coach / Scrum Consultant,an expert in agile methodologies hired by organizations to train teams manage the transition from waterfall to agile and act as a scrum master for critical projects.,train client teams on agile principles and the scrum framework. act as a scrum master or agile coach for multiple development teams. help organizations scale agile e.g. using safe less . facilitate agile ceremonies sprints retrospectives stand-ups .,skills expert knowledge of agile/scrum/kanban coaching facilitation conflict resolution. qualifications certified scrum master csm or safe certification extensive project management experience.,503,https://www.kaggle.com/datasets/shivamashokgupta/job-description
JD0476,sap functional consultant an expert in a specific sap module like finance supply chain or hr who helps clients configure the system to match their business processes. conduct workshops to gather business requirements from client stakeholders. configure a specific sap module e.g. fi/co sd mm to meet requirements. write functional specification documents for developers. test the system and train end-users. skills deep expertise in a specific sap module business process mapping communication. qualifications sap certification in the relevant module multiple project lifecycle experience.,"Consulting, Business & Operations",Systems Consulting,SAP Functional Consultant,an expert in a specific sap module like finance supply chain or hr who helps clients configure the system to match their business processes.,conduct workshops to gather business requirements from client stakeholders. configure a specific sap module e.g. fi/co sd mm to meet requirements. write functional specification documents for developers. test the system and train end-users.,skills deep expertise in a specific sap module business process mapping communication. qualifications sap certification in the relevant module multiple project lifecycle experience.,504,https://www.kaggle.com/datasets/shivamashokgupta/job-description
JD0477,sap technical consultant abap a software developer who specializes in customizing the sap environment by writing custom code in sap s proprietary language abap. develop custom reports interfaces conversions and enhancements ricefw . write custom abap code to meet functional specifications. perform performance tuning and debugging of sap programs. manage data migration and system integrations. skills abap programming expert sap architecture data integration idocs . qualifications compsci degree and extensive abap development experience.,"Consulting, Business & Operations",Systems Consulting,SAP Technical Consultant (ABAP),a software developer who specializes in customizing the sap environment by writing custom code in sap s proprietary language abap.,develop custom reports interfaces conversions and enhancements ricefw . write custom abap code to meet functional specifications. perform performance tuning and debugging of sap programs. manage data migration and system integrations.,skills abap programming expert sap architecture data integration idocs . qualifications compsci degree and extensive abap development experience.,505,https://www.kaggle.com/datasets/shivamashokgupta/job-description
JD0478,salesforce consultant functional helps clients implement and customize the salesforce.com platform sales cloud service cloud to meet their sales and customer service needs. lead workshops to understand and map the client s sales/service process. configure the salesforce platform using clicks not code objects fields workflows and validation rules. build reports and dashboards for the sales team. train administrators and end-users on the new system. skills deep salesforce platform knowledge business analysis sales process communication. qualifications salesforce administrator certification is required. sales cloud or service cloud consultant certs preferred.,"Consulting, Business & Operations",Systems Consulting,Salesforce Consultant (Functional),helps clients implement and customize the salesforce.com platform sales cloud service cloud to meet their sales and customer service needs.,lead workshops to understand and map the client s sales/service process. configure the salesforce platform using clicks not code objects fields workflows and validation rules. build reports and dashboards for the sales team. train administrators and end-users on the new system.,skills deep salesforce platform knowledge business analysis sales process communication. qualifications salesforce administrator certification is required. sales cloud or service cloud consultant certs preferred.,506,https://www.kaggle.com/datasets/shivamashokgupta/job-description
JD0479,salesforce developer technical a technical consultant who builds custom functionality on the salesforce platform using proprietary code apex and frameworks lightning web components . build custom apex code triggers controllers and lightning components. integrate salesforce with external systems using apis rest soap . handle complex data migration and system customizations. write technical documentation and perform unit testing. skills apex soql javascript lwc api integration. qualifications salesforce platform developer i and ii certifications.,"Consulting, Business & Operations",Systems Consulting,Salesforce Developer (Technical),a technical consultant who builds custom functionality on the salesforce platform using proprietary code apex and frameworks lightning web components .,build custom apex code triggers controllers and lightning components. integrate salesforce with external systems using apis rest soap . handle complex data migration and system customizations. write technical documentation and perform unit testing.,skills apex soql javascript lwc api integration. qualifications salesforce platform developer i and ii certifications.,507,https://www.kaggle.com/datasets/shivamashokgupta/job-description
JD0480,workday consultant a specialist in the workday platform who helps clients implement and manage their hris hr and financial systems specializing in modules like hcm payroll or finance. gather client requirements for hr or finance processes. configure the workday tenant business processes security compensation . build custom reports and integrations. manage the testing cycles and train the client s hr/finance teams. skills deep workday module expertise e.g. hcm core reporting business process logic. qualifications workday pro certification in a specific module must be sponsored by a partner firm .,"Consulting, Business & Operations",Systems Consulting,Workday Consultant,a specialist in the workday platform who helps clients implement and manage their hris hr and financial systems specializing in modules like hcm payroll or finance.,gather client requirements for hr or finance processes. configure the workday tenant business processes security compensation . build custom reports and integrations. manage the testing cycles and train the client s hr/finance teams.,skills deep workday module expertise e.g. hcm core reporting business process logic. qualifications workday pro certification in a specific module must be sponsored by a partner firm .,508,https://www.kaggle.com/datasets/shivamashokgupta/job-description
JD0481,oracle cloud consultant an implementation expert who helps clients migrate from on-premise systems like e-business suite or competitors to oracle s cloud erp or hcm applications. lead implementation of oracle cloud erp financials or hcm modules. configure modules to client specifications. manage data migration from legacy systems. build reports otbi bi publisher and integrations. skills oracle cloud expertise knowledge of finance or hr processes data migration. qualifications oracle cloud certification in relevant modules.,"Consulting, Business & Operations",Systems Consulting,Oracle Cloud Consultant,an implementation expert who helps clients migrate from on-premise systems like e-business suite or competitors to oracle s cloud erp or hcm applications.,lead implementation of oracle cloud erp financials or hcm modules. configure modules to client specifications. manage data migration from legacy systems. build reports otbi bi publisher and integrations.,skills oracle cloud expertise knowledge of finance or hr processes data migration. qualifications oracle cloud certification in relevant modules.,509,https://www.kaggle.com/datasets/shivamashokgupta/job-description
JD0482,servicenow consultant helps clients implement the servicenow platform to manage their it service management itsm it operations itom or other business workflows. gather requirements and configure servicenow itsm modules incident problem change . design and build custom workflows forms and service catalogs. integrate servicenow with other client it tools. train the client s it support staff on using the platform. skills servicenow platform knowledge itsm/itil processes javascript system administration. qualifications servicenow certified system administrator csa implementation specialist certs.,"Consulting, Business & Operations",Systems Consulting,ServiceNow Consultant,helps clients implement the servicenow platform to manage their it service management itsm it operations itom or other business workflows.,gather requirements and configure servicenow itsm modules incident problem change . design and build custom workflows forms and service catalogs. integrate servicenow with other client it tools. train the client s it support staff on using the platform.,skills servicenow platform knowledge itsm/itil processes javascript system administration. qualifications servicenow certified system administrator csa implementation specialist certs.,510,https://www.kaggle.com/datasets/shivamashokgupta/job-description
JD0483,microsoft dynamics 365 consultant an expert in microsoft s suite of business applications finance supply chain or customer engagement/crm who manages implementation projects. implement and configure dynamics 365 modules. customize the platform and build workflows using power platform power apps power automate . integrate d365 with other microsoft ecosystem products office 365 azure . manage data migration and user training. skills dynamics 365 power platform business analysis finance or crm . qualifications relevant microsoft certifications e.g. pl-200 mb-300 .,"Consulting, Business & Operations",Systems Consulting,Microsoft Dynamics 365 Consultant,an expert in microsoft s suite of business applications finance supply chain or customer engagement/crm who manages implementation projects.,implement and configure dynamics 365 modules. customize the platform and build workflows using power platform power apps power automate . integrate d365 with other microsoft ecosystem products office 365 azure . manage data migration and user training.,skills dynamics 365 power platform business analysis finance or crm . qualifications relevant microsoft certifications e.g. pl-200 mb-300 .,511,https://www.kaggle.com/datasets/shivamashokgupta/job-description
JD0484,transaction advisory services tas analyst an entry-level role in the m a consulting practice. supports the team performing financial due diligence on companies being bought or sold. assist with quality of earnings qofe analysis by analyzing general ledgers. identify non-recurring or unusual financial items. analyze company cash flow debt and net working capital. help prepare the final due diligence report for the client pe firm or corporation . skills advanced accounting gaap/ifrs strong excel/data analysis financial modeling. qualifications bachelor s in accounting or finance cpa is highly preferred.,"Banking, Finance & Audit",Financial Advisory,Transaction Advisory Services (TAS) Analyst,an entry-level role in the m a consulting practice. supports the team performing financial due diligence on companies being bought or sold.,assist with quality of earnings qofe analysis by analyzing general ledgers. identify non-recurring or unusual financial items. analyze company cash flow debt and net working capital. help prepare the final due diligence report for the client pe firm or corporation .,skills advanced accounting gaap/ifrs strong excel/data analysis financial modeling. qualifications bachelor s in accounting or finance cpa is highly preferred.,512,https://www.kaggle.com/datasets/shivamashokgupta/job-description
JD0485,valuation consultant / analyst a specialist who determines the economic value of a business or asset. this is used for m a financial reporting goodwill testing or litigation. perform complex financial modeling discounted cash flow comparable company analysis . determine the value of intangible assets patents trademarks . write detailed valuation reports defending the analysis and conclusion. value complex securities like derivatives or stock options. skills expert financial modeling advanced accounting valuation theory technical writing. qualifications finance/acct. degree progress towards cfa cpa or abv accredited in business valuation credential.,"Banking, Finance & Audit",Financial Advisory,Valuation Consultant / Analyst,a specialist who determines the economic value of a business or asset. this is used for m a financial reporting goodwill testing or litigation.,perform complex financial modeling discounted cash flow comparable company analysis . determine the value of intangible assets patents trademarks . write detailed valuation reports defending the analysis and conclusion. value complex securities like derivatives or stock options.,skills expert financial modeling advanced accounting valuation theory technical writing. qualifications finance/acct. degree progress towards cfa cpa or abv accredited in business valuation credential.,513,https://www.kaggle.com/datasets/shivamashokgupta/job-description
JD0486,forensic accounting consultant an investigative accountant hired to find evidence of financial misconduct. works on fraud investigations litigation disputes and regulatory probes. investigate alleged fraud embezzlement or bribery within a company. conduct data analysis to trace illicit funds and identify patterns. prepare forensic reports and calculate economic damages for litigation. may serve as an expert witness in court. skills auditing investigative mindset data analysis tools discretion knowledge of legal procedures. qualifications cpa + certified fraud examiner cfe certification.,"Banking, Finance & Audit",Financial Advisory,Forensic Accounting Consultant,an investigative accountant hired to find evidence of financial misconduct. works on fraud investigations litigation disputes and regulatory probes.,investigate alleged fraud embezzlement or bribery within a company. conduct data analysis to trace illicit funds and identify patterns. prepare forensic reports and calculate economic damages for litigation. may serve as an expert witness in court.,skills auditing investigative mindset data analysis tools discretion knowledge of legal procedures. qualifications cpa + certified fraud examiner cfe certification.,514,https://www.kaggle.com/datasets/shivamashokgupta/job-description
JD0487,litigation support consultant a specialist who assists lawyers with the financial aspects of a legal case such as calculating damages analyzing financial evidence or serving as an expert witness. calculate economic damages in breach of contract or intellectual property disputes. analyze financial data and present findings to the legal team. prepare expert reports and testify in depositions or at trial. rebut the analysis of the opposing side s financial expert. skills financial analysis communication ability to simplify complex topics poise under pressure. qualifications cpa cfa or cfe. experience in legal settings.,"Banking, Finance & Audit",Financial Advisory,Litigation Support Consultant,a specialist who assists lawyers with the financial aspects of a legal case such as calculating damages analyzing financial evidence or serving as an expert witness.,calculate economic damages in breach of contract or intellectual property disputes. analyze financial data and present findings to the legal team. prepare expert reports and testify in depositions or at trial. rebut the analysis of the opposing side s financial expert.,skills financial analysis communication ability to simplify complex topics poise under pressure. qualifications cpa cfa or cfe. experience in legal settings.,515,https://www.kaggle.com/datasets/shivamashokgupta/job-description
JD0488,restructuring consultant bankruptcy advises companies that are in severe financial distress near or in bankruptcy . helps them restructure debt sell assets and create a viable plan to emerge from bankruptcy. advise distressed companies on liquidity cash flow forecasts and bankruptcy filings. negotiate with creditors and lenders on behalf of the client. develop the plan of reorganization to exit chapter 11 bankruptcy. manage the process of selling off distressed assets. skills deep corporate finance bankruptcy law knowledge cash flow modeling negotiation. qualifications finance/accounting degree often a cira certified insolvency restructuring advisor .,"Banking, Finance & Audit",Financial Advisory,Restructuring Consultant (Bankruptcy),advises companies that are in severe financial distress near or in bankruptcy . helps them restructure debt sell assets and create a viable plan to emerge from bankruptcy.,advise distressed companies on liquidity cash flow forecasts and bankruptcy filings. negotiate with creditors and lenders on behalf of the client. develop the plan of reorganization to exit chapter 11 bankruptcy. manage the process of selling off distressed assets.,skills deep corporate finance bankruptcy law knowledge cash flow modeling negotiation. qualifications finance/accounting degree often a cira certified insolvency restructuring advisor .,516,https://www.kaggle.com/datasets/shivamashokgupta/job-description
JD0489,financial risk management frm consultant advises banks and financial institutions on how to measure model and manage their financial risks such as credit risk market risk and liquidity risk. help banks develop models to quantify market and credit risk e.g. var models . advise clients on financial regulations e.g. basel iii dodd-frank . design and validate risk models used for capital calculations. conduct stress testing on investment portfolios. skills quantitative analysis financial modeling statistics knowledge of financial instruments and regulations. qualifications master s in finance or quant. field frm or cfa certification highly valued.,"Consulting, Business & Operations",Risk Consulting,Financial Risk Management (FRM) Consultant,advises banks and financial institutions on how to measure model and manage their financial risks such as credit risk market risk and liquidity risk.,help banks develop models to quantify market and credit risk e.g. var models . advise clients on financial regulations e.g. basel iii dodd-frank . design and validate risk models used for capital calculations. conduct stress testing on investment portfolios.,skills quantitative analysis financial modeling statistics knowledge of financial instruments and regulations. qualifications master s in finance or quant. field frm or cfa certification highly valued.,517,https://www.kaggle.com/datasets/shivamashokgupta/job-description
JD0490,credit risk modeling consultant a quantitative specialist who builds statistical models for banks to predict the probability of a borrower defaulting on a loan. build test and validate credit risk models pd lgd ead . work with large datasets of loan performance. ensure models are compliant with banking regulations cecl basel . use python r or sas for statistical modeling. skills statistics python/r/sas econometrics machine learning banking regulations. qualifications master s or phd in statistics economics or a quantitative field.,"Consulting, Business & Operations",Risk Consulting,Credit Risk Modeling Consultant,a quantitative specialist who builds statistical models for banks to predict the probability of a borrower defaulting on a loan.,build test and validate credit risk models pd lgd ead . work with large datasets of loan performance. ensure models are compliant with banking regulations cecl basel . use python r or sas for statistical modeling.,skills statistics python/r/sas econometrics machine learning banking regulations. qualifications master s or phd in statistics economics or a quantitative field.,518,https://www.kaggle.com/datasets/shivamashokgupta/job-description
JD0491,internal controls consultant sox hired by public companies to help them design document and test their internal controls over financial reporting to comply with the sarbanes-oxley act sox . document key financial processes and identify financial risks. design internal controls e.g. reviews approvals reconciliations to mitigate risks. perform annual testing of controls to ensure they are operating effectively. work with external auditors during their sox audit. skills auditing accounting process mapping visio risk assessment sox regulations. qualifications cpa or cia certified internal auditor . often ex-auditors.,"Consulting, Business & Operations",Risk Consulting,Internal Controls Consultant (SOX),hired by public companies to help them design document and test their internal controls over financial reporting to comply with the sarbanes-oxley act sox .,document key financial processes and identify financial risks. design internal controls e.g. reviews approvals reconciliations to mitigate risks. perform annual testing of controls to ensure they are operating effectively. work with external auditors during their sox audit.,skills auditing accounting process mapping visio risk assessment sox regulations. qualifications cpa or cia certified internal auditor . often ex-auditors.,519,https://www.kaggle.com/datasets/shivamashokgupta/job-description
JD0492,aml/kyc consultant a consultant who helps banks and financial institutions set up and improve their anti-money laundering aml and know your customer kyc programs to prevent financial crime. review and enhance client kyc policies and customer onboarding procedures. tune and optimize transaction monitoring software to detect suspicious activity. conduct investigations into complex money laundering alerts. help banks remediate regulatory findings e.g. from the occ or fincen . skills knowledge of aml laws bank secrecy act investigative skills financial analysis. qualifications cams certified anti-money laundering specialist certification is the industry standard.,"Consulting, Business & Operations",Risk Consulting,AML/KYC Consultant,a consultant who helps banks and financial institutions set up and improve their anti-money laundering aml and know your customer kyc programs to prevent financial crime.,review and enhance client kyc policies and customer onboarding procedures. tune and optimize transaction monitoring software to detect suspicious activity. conduct investigations into complex money laundering alerts. help banks remediate regulatory findings e.g. from the occ or fincen .,skills knowledge of aml laws bank secrecy act investigative skills financial analysis. qualifications cams certified anti-money laundering specialist certification is the industry standard.,520,https://www.kaggle.com/datasets/shivamashokgupta/job-description
JD0493,actuarial consultant insurance an actuary working at a consulting firm vs. an insurance co. who advises clients on pricing insurance products valuing reserves or managing risk. advise insurance clients on pricing strategies for new policies auto home life . perform actuarial valuations of insurance liabilities reserves . model catastrophic risk hurricanes earthquakes . assist with insurance-related m a or new regulations. skills advanced math/statistics actuarial modeling risk analysis strong communication. qualifications bachelor s in actuarial science. must be passing exams toward asa/fsa designation.,"Consulting, Business & Operations",Risk Consulting,Actuarial Consultant (Insurance),an actuary working at a consulting firm vs. an insurance co. who advises clients on pricing insurance products valuing reserves or managing risk.,advise insurance clients on pricing strategies for new policies auto home life . perform actuarial valuations of insurance liabilities reserves . model catastrophic risk hurricanes earthquakes . assist with insurance-related m a or new regulations.,skills advanced math/statistics actuarial modeling risk analysis strong communication. qualifications bachelor s in actuarial science. must be passing exams toward asa/fsa designation.,521,https://www.kaggle.com/datasets/shivamashokgupta/job-description
JD0494,actuarial consultant pensions an actuarial consultant who advises corporations or governments on their defined benefit pension plans calculating long-term liabilities and required annual funding. perform annual actuarial valuations of pension plan assets and liabilities. calculate required employer contributions based on funding models. model the impact of plan design changes or market fluctuations. ensure plan compliance with erisa and other regulations. skills advanced math financial modeling knowledge of pension regulations erisa . qualifications passing exams toward asa associate or fsa fellow of the society of actuaries.,"Consulting, Business & Operations",Risk Consulting,Actuarial Consultant (Pensions),an actuarial consultant who advises corporations or governments on their defined benefit pension plans calculating long-term liabilities and required annual funding.,perform annual actuarial valuations of pension plan assets and liabilities. calculate required employer contributions based on funding models. model the impact of plan design changes or market fluctuations. ensure plan compliance with erisa and other regulations.,skills advanced math financial modeling knowledge of pension regulations erisa . qualifications passing exams toward asa associate or fsa fellow of the society of actuaries.,522,https://www.kaggle.com/datasets/shivamashokgupta/job-description
JD0495,hr transformation consultant a strategic consultant who helps chros redesign the entire hr function including its operating model technology hris and processes to better align with business goals. assess the maturity and effectiveness of a client s hr function. design a new hr operating model e.g. implementing hr business partners centers of excellence . develop the strategy and business case for a new hris like workday . skills hr strategy operating model design business process reengineering change management. qualifications consulting background with a focus on hr experience with hris platforms.,"Consulting, Business & Operations",HR Consulting,HR Transformation Consultant,a strategic consultant who helps chros redesign the entire hr function including its operating model technology hris and processes to better align with business goals.,assess the maturity and effectiveness of a client s hr function. design a new hr operating model e.g. implementing hr business partners centers of excellence . develop the strategy and business case for a new hris like workday .,skills hr strategy operating model design business process reengineering change management. qualifications consulting background with a focus on hr experience with hris platforms.,523,https://www.kaggle.com/datasets/shivamashokgupta/job-description
JD0496,compensation consultant advises clients on how to design and manage their employee compensation programs. this can be for broad-based employees or specialized executive compensation. conduct salary market-benchmarking studies. design base salary structures bonus plans and sales commission plans. if executive comp structure long-term incentive stock option plans for senior leaders. ensure pay practices are fair competitive and legally compliant. skills data analysis statistics financial modeling knowledge of compensation trends and laws. qualifications degree in hr finance or econ. ccp certified compensation professional is a plus.,"Consulting, Business & Operations",HR Consulting,Compensation Consultant,advises clients on how to design and manage their employee compensation programs. this can be for broad-based employees or specialized executive compensation.,conduct salary market-benchmarking studies. design base salary structures bonus plans and sales commission plans. if executive comp structure long-term incentive stock option plans for senior leaders. ensure pay practices are fair competitive and legally compliant.,skills data analysis statistics financial modeling knowledge of compensation trends and laws. qualifications degree in hr finance or econ. ccp certified compensation professional is a plus.,524,https://www.kaggle.com/datasets/shivamashokgupta/job-description
JD0497,benefits consultant health works at a large brokerage/consulting firm like mercer or aon advising companies on their employee health and welfare medical dental life benefits strategy. analyze client s healthcare spending and claim data. advise on benefits plan design to control costs e.g. ppo vs. hdhp . manage the rfp process to bid out insurance carrier contracts. ensure compliance with healthcare regulations aca erisa . skills deep knowledge of healthcare/insurance industry financial analysis negotiation regulations. qualifications health life insurance license. often has a finance or data background.,"Consulting, Business & Operations",HR Consulting,Benefits Consultant (Health),works at a large brokerage/consulting firm like mercer or aon advising companies on their employee health and welfare medical dental life benefits strategy.,analyze client s healthcare spending and claim data. advise on benefits plan design to control costs e.g. ppo vs. hdhp . manage the rfp process to bid out insurance carrier contracts. ensure compliance with healthcare regulations aca erisa .,skills deep knowledge of healthcare/insurance industry financial analysis negotiation regulations. qualifications health life insurance license. often has a finance or data background.,525,https://www.kaggle.com/datasets/shivamashokgupta/job-description
JD0498,retirement / pension consultant advises companies on their employee retirement plans primarily 401 k or 403 b defined contribution plans. different from the actuarial pension role . help clients design their 401 k plan e.g. matching formula auto-enrollment . conduct vendor searches for 401 k recordkeepers e.g. fidelity vanguard . serve as a 3 21 or 3 38 fiduciary helping select and monitor the plan s investment fund lineup. educate employee investment committees on their fiduciary duties. skills investment knowledge retirement plan regulations erisa fiduciary process sales. qualifications finance degree series 7 and 65/66 licenses cfa or cfp designations.,"Consulting, Business & Operations",HR Consulting,Retirement / Pension Consultant,advises companies on their employee retirement plans primarily 401 k or 403 b defined contribution plans. different from the actuarial pension role .,help clients design their 401 k plan e.g. matching formula auto-enrollment . conduct vendor searches for 401 k recordkeepers e.g. fidelity vanguard . serve as a 3 21 or 3 38 fiduciary helping select and monitor the plan s investment fund lineup. educate employee investment committees on their fiduciary duties.,skills investment knowledge retirement plan regulations erisa fiduciary process sales. qualifications finance degree series 7 and 65/66 licenses cfa or cfp designations.,526,https://www.kaggle.com/datasets/shivamashokgupta/job-description
JD0499,organizational design consultant helps companies restructure their organization the org chart to improve efficiency reduce costs or align with a new strategy common after a merger . analyze the current organizational structure roles and responsibilities. design new structures e.g. functional vs. divisional vs. matrix . define roles levels and reporting lines for the new organization. plan the implementation and communication of the new structure. skills operating model design systems thinking hr strategy change management. qualifications mba or master s in organizational development/psychology.,"Consulting, Business & Operations",HR Consulting,Organizational Design Consultant,helps companies restructure their organization the org chart to improve efficiency reduce costs or align with a new strategy common after a merger .,analyze the current organizational structure roles and responsibilities. design new structures e.g. functional vs. divisional vs. matrix . define roles levels and reporting lines for the new organization. plan the implementation and communication of the new structure.,skills operating model design systems thinking hr strategy change management. qualifications mba or master s in organizational development/psychology.,527,https://www.kaggle.com/datasets/shivamashokgupta/job-description
JD0500,talent management consultant advises clients on how to manage their human capital focusing on performance management leadership development and succession planning. design and implement new performance management processes e.g. moving away from annual reviews . create career pathing frameworks and competency models. develop leadership development programs for high-potential employees. design the company s formal succession planning process for key roles. skills hr strategy organizational psychology talent assessment instructional design. qualifications master s in i/o psychology or organizational development hr experience.,"Consulting, Business & Operations",HR Consulting,Talent Management Consultant,advises clients on how to manage their human capital focusing on performance management leadership development and succession planning.,design and implement new performance management processes e.g. moving away from annual reviews . create career pathing frameworks and competency models. develop leadership development programs for high-potential employees. design the company s formal succession planning process for key roles.,skills hr strategy organizational psychology talent assessment instructional design. qualifications master s in i/o psychology or organizational development hr experience.,528,https://www.kaggle.com/datasets/shivamashokgupta/job-description
JD0501,change management consultant focuses on the people side of a major business change like a new technology merger or re-org . their goal is to get employees to buy into and adopt the change successfully. conduct stakeholder analysis to identify groups impacted by a change. develop a comprehensive communication plan. design training programs for new processes or technologies. identify and manage resistance to the change measure adoption rates. skills communication empathy training stakeholder management psychology. qualifications consulting skills prosci certification is very common.,"Consulting, Business & Operations",HR Consulting,Change Management Consultant,focuses on the people side of a major business change like a new technology merger or re-org . their goal is to get employees to buy into and adopt the change successfully.,conduct stakeholder analysis to identify groups impacted by a change. develop a comprehensive communication plan. design training programs for new processes or technologies. identify and manage resistance to the change measure adoption rates.,skills communication empathy training stakeholder management psychology. qualifications consulting skills prosci certification is very common.,529,https://www.kaggle.com/datasets/shivamashokgupta/job-description
JD0502,dei consultant an external expert who advises organizations on their diversity equity and inclusion dei strategy and programs. conduct dei assessments analyzing demographic data running focus groups . develop a multi-year dei strategic roadmap. design and deliver training on topics like unconscious bias. advise on creating employee resource groups ergs and equitable hiring practices. skills deep subject matter expertise in dei facilitation data analysis sensitivity communication. qualifications background in hr law or sociology. dei certifications.,"Consulting, Business & Operations",HR Consulting,DEI Consultant,an external expert who advises organizations on their diversity equity and inclusion dei strategy and programs.,conduct dei assessments analyzing demographic data running focus groups . develop a multi-year dei strategic roadmap. design and deliver training on topics like unconscious bias. advise on creating employee resource groups ergs and equitable hiring practices.,skills deep subject matter expertise in dei facilitation data analysis sensitivity communication. qualifications background in hr law or sociology. dei certifications.,530,https://www.kaggle.com/datasets/shivamashokgupta/job-description
JD0503,recruiting consultant rpo a consultant who manages recruitment process outsourcing rpo . the consulting firm takes over all or part of a client s internal recruiting function. manage the end-to-end hiring process for a client company. source screen and interview candidates on behalf of the client. work with client hiring managers to define roles and scorecards. implement new recruiting technologies ats and processes. skills full-cycle recruiting stakeholder management sourcing ats knowledge. qualifications extensive background as a corporate recruiter or agency recruiter.,"Consulting, Business & Operations",HR Consulting,Recruiting Consultant (RPO),a consultant who manages recruitment process outsourcing rpo . the consulting firm takes over all or part of a client s internal recruiting function.,manage the end-to-end hiring process for a client company. source screen and interview candidates on behalf of the client. work with client hiring managers to define roles and scorecards. implement new recruiting technologies ats and processes.,skills full-cycle recruiting stakeholder management sourcing ats knowledge. qualifications extensive background as a corporate recruiter or agency recruiter.,531,https://www.kaggle.com/datasets/shivamashokgupta/job-description
JD0504,workforce planning consultant a data-driven consultant who helps organizations analyze their current workforce and forecast future talent needs what skills they need where and when . analyze current workforce demographics skills and turnover data. build statistical models to forecast future talent supply and demand. identify future skills gaps based on the business strategy. develop strategic plans build buy or borrow talent to fill those gaps. skills data analysis statistical modeling python/r hr analytics strategic planning. qualifications background in data science finance or hr analytics.,"Consulting, Business & Operations",HR Consulting,Workforce Planning Consultant,a data-driven consultant who helps organizations analyze their current workforce and forecast future talent needs what skills they need where and when .,analyze current workforce demographics skills and turnover data. build statistical models to forecast future talent supply and demand. identify future skills gaps based on the business strategy. develop strategic plans build buy or borrow talent to fill those gaps.,skills data analysis statistical modeling python/r hr analytics strategic planning. qualifications background in data science finance or hr analytics.,532,https://www.kaggle.com/datasets/shivamashokgupta/job-description
JD0505,supply chain strategy consultant a high-level consultant who advises clients on the design of their end-to-end supply chain network from sourcing raw materials to final-mile delivery. design the client s physical network location of factories warehouses . develop inventory strategies e.g. just-in-time vs. just-in-case . analyze supply chain risks and build resilience strategies. align the supply chain model with the overall business strategy. skills supply chain management network modeling inventory theory operations strategy. qualifications degree in engineering operations or supply chain. mba often required.,"Consulting, Business & Operations",Niche: Supply Chain,Supply Chain Strategy Consultant,a high-level consultant who advises clients on the design of their end-to-end supply chain network from sourcing raw materials to final-mile delivery.,design the client s physical network location of factories warehouses . develop inventory strategies e.g. just-in-time vs. just-in-case . analyze supply chain risks and build resilience strategies. align the supply chain model with the overall business strategy.,skills supply chain management network modeling inventory theory operations strategy. qualifications degree in engineering operations or supply chain. mba often required.,533,https://www.kaggle.com/datasets/shivamashokgupta/job-description
JD0506,procurement sourcing consultant a specialist who advises clients on how to buy materials and services more strategically focusing on cost reduction and risk management. analyze client spending across all categories direct and indirect . develop strategic sourcing plans for key commodity groups. run large-scale rfp events and negotiate with global suppliers. implement new procurement processes and technologies e.g. ariba . skills strategic sourcing negotiation supplier relationship management srm data analysis. qualifications experience in corporate procurement or supply chain.,"Consulting, Business & Operations",Niche: Supply Chain,Procurement & Sourcing Consultant,a specialist who advises clients on how to buy materials and services more strategically focusing on cost reduction and risk management.,analyze client spending across all categories direct and indirect . develop strategic sourcing plans for key commodity groups. run large-scale rfp events and negotiate with global suppliers. implement new procurement processes and technologies e.g. ariba .,skills strategic sourcing negotiation supplier relationship management srm data analysis. qualifications experience in corporate procurement or supply chain.,534,https://www.kaggle.com/datasets/shivamashokgupta/job-description
JD0507,logistics consultant focuses specifically on the transportation and warehousing part of the supply chain helping clients move and store goods more efficiently. optimize transportation routes and carrier networks freight ocean air . advise on warehouse design layout and automation robotics . implement warehouse management systems wms . conduct freight cost benchmarking and carrier negotiations. skills logistics planning wms/tms software network optimization freight markets. qualifications degree in logistics or supply chain management.,"Consulting, Business & Operations",Niche: Supply Chain,Logistics Consultant,focuses specifically on the transportation and warehousing part of the supply chain helping clients move and store goods more efficiently.,optimize transportation routes and carrier networks freight ocean air . advise on warehouse design layout and automation robotics . implement warehouse management systems wms . conduct freight cost benchmarking and carrier negotiations.,skills logistics planning wms/tms software network optimization freight markets. qualifications degree in logistics or supply chain management.,535,https://www.kaggle.com/datasets/shivamashokgupta/job-description
JD0508,healthcare strategy consultant a management consultant specializing in the healthcare industry. advises hospital systems insurers payers or pharmaceutical companies on strategy. advise hospitals on service line growth market expansion or physician alignment. advise payers insurers on new product designs or value-based care models. advise pharmaceutical companies on drug launch and pricing strategy. skills deep knowledge of the healthcare ecosystem payers providers financial modeling strategy. qualifications standard consulting background often an mha or mph degree is valued.,Healthcare & Life Sciences,Niche: Healthcare,Healthcare Strategy Consultant,a management consultant specializing in the healthcare industry. advises hospital systems insurers payers or pharmaceutical companies on strategy.,advise hospitals on service line growth market expansion or physician alignment. advise payers insurers on new product designs or value-based care models. advise pharmaceutical companies on drug launch and pricing strategy.,skills deep knowledge of the healthcare ecosystem payers providers financial modeling strategy. qualifications standard consulting background often an mha or mph degree is valued.,536,https://www.kaggle.com/datasets/shivamashokgupta/job-description
JD0509,healthcare operations consultant focuses on improving the efficiency and patient throughput of clinical operations within a hospital or clinic system. analyze patient flow scheduling and bed management in hospitals. implement process improvements to reduce patient wait times e.g. in the er . optimize clinical staffing models and resource utilization. implement lean/six sigma principles in a clinical setting. skills process improvement operations management data analysis knowledge of clinical workflows. qualifications often held by former nurses rns or clinical managers industrial engineering background.,Healthcare & Life Sciences,Niche: Healthcare,Healthcare Operations Consultant,focuses on improving the efficiency and patient throughput of clinical operations within a hospital or clinic system.,analyze patient flow scheduling and bed management in hospitals. implement process improvements to reduce patient wait times e.g. in the er . optimize clinical staffing models and resource utilization. implement lean/six sigma principles in a clinical setting.,skills process improvement operations management data analysis knowledge of clinical workflows. qualifications often held by former nurses rns or clinical managers industrial engineering background.,537,https://www.kaggle.com/datasets/shivamashokgupta/job-description
JD0510,healthcare it consultant ehr an implementation consultant who helps hospital systems implement configure and optimize their electronic health record ehr systems like epic or cerner. gather clinical workflow requirements from doctors nurses and technicians. configure specific ehr modules e.g. inpatient ambulatory willow-pharmacy . build custom reports and workflows within the ehr. train and support clinical staff during go-live events. skills deep knowledge of epic or cerner understanding of clinical workflows training. qualifications must be certified in specific ehr modules e.g. epiccare ambulatory . often requires being a former clinician.,Healthcare & Life Sciences,Niche: Healthcare,Healthcare IT Consultant (EHR),an implementation consultant who helps hospital systems implement configure and optimize their electronic health record ehr systems like epic or cerner.,gather clinical workflow requirements from doctors nurses and technicians. configure specific ehr modules e.g. inpatient ambulatory willow-pharmacy . build custom reports and workflows within the ehr. train and support clinical staff during go-live events.,skills deep knowledge of epic or cerner understanding of clinical workflows training. qualifications must be certified in specific ehr modules e.g. epiccare ambulatory . often requires being a former clinician.,538,https://www.kaggle.com/datasets/shivamashokgupta/job-description
JD0511,life sciences consultant a strategic consultant focused on the pharmaceutical biotech and medical device industries. often focuses on r d commercial or regulatory strategy. advise pharma clients on r d portfolio strategy which drugs to fund . develop commercialization and market-access strategy for new drugs. consult on clinical trial operations and regulatory strategy fda . skills deep scientific knowledge biology chemistry pharma market regulatory affairs. qualifications phd md or pharmd is extremely common for this field.,Healthcare & Life Sciences,Niche: Healthcare,Life Sciences Consultant,a strategic consultant focused on the pharmaceutical biotech and medical device industries. often focuses on r d commercial or regulatory strategy.,advise pharma clients on r d portfolio strategy which drugs to fund . develop commercialization and market-access strategy for new drugs. consult on clinical trial operations and regulatory strategy fda .,skills deep scientific knowledge biology chemistry pharma market regulatory affairs. qualifications phd md or pharmd is extremely common for this field.,539,https://www.kaggle.com/datasets/shivamashokgupta/job-description
JD0512,marketing strategy consultant advises chief marketing officers cmos on brand positioning customer segmentation and marketing roi. differs from an ad agency which executes campaigns. conduct customer research surveys focus groups to identify segments. define the client s brand architecture and value proposition. analyze marketing spend and optimize channel mix digital traditional . advise on marketing technology martech stack strategy. skills market research brand strategy data analysis marketing analytics communication. qualifications classic consulting or marketing agency background mba often preferred.,"Consulting, Business & Operations",Niche: Marketing,Marketing Strategy Consultant,advises chief marketing officers cmos on brand positioning customer segmentation and marketing roi. differs from an ad agency which executes campaigns.,conduct customer research surveys focus groups to identify segments. define the client s brand architecture and value proposition. analyze marketing spend and optimize channel mix digital traditional . advise on marketing technology martech stack strategy.,skills market research brand strategy data analysis marketing analytics communication. qualifications classic consulting or marketing agency background mba often preferred.,540,https://www.kaggle.com/datasets/shivamashokgupta/job-description
JD0513,digital marketing consultant a hands-on expert or strategist who advises clients on how to improve their performance across all digital channels seo ppc social email . audit a client s existing digital marketing performance. develop an integrated strategy for seo ppc and content marketing. advise on marketing automation setup e.g. hubspot marketo . analyze web analytics and provide actionable recommendations. skills seo/sem content marketing social media marketing automation google analytics. qualifications proven track record in digital marketing deep expertise in several channels.,"Consulting, Business & Operations",Niche: Marketing,Digital Marketing Consultant,a hands-on expert or strategist who advises clients on how to improve their performance across all digital channels seo ppc social email .,audit a client s existing digital marketing performance. develop an integrated strategy for seo ppc and content marketing. advise on marketing automation setup e.g. hubspot marketo . analyze web analytics and provide actionable recommendations.,skills seo/sem content marketing social media marketing automation google analytics. qualifications proven track record in digital marketing deep expertise in several channels.,541,https://www.kaggle.com/datasets/shivamashokgupta/job-description
JD0514,seo consultant a technical specialist hired to help a client increase their organic search engine rankings. this can be as a freelancer or part of a digital agency. conduct comprehensive technical seo audits crawlability site speed schema . perform keyword research and map keywords to content strategy. develop and execute link-building off-page seo strategies. track and report on ranking traffic and conversion improvements. skills expert in seo tools ahrefs semrush screaming frog technical seo content strategy. qualifications proven demonstrable portfolio of ranking improvements.,"Consulting, Business & Operations",Niche: Marketing,SEO Consultant,a technical specialist hired to help a client increase their organic search engine rankings. this can be as a freelancer or part of a digital agency.,conduct comprehensive technical seo audits crawlability site speed schema . perform keyword research and map keywords to content strategy. develop and execute link-building off-page seo strategies. track and report on ranking traffic and conversion improvements.,skills expert in seo tools ahrefs semrush screaming frog technical seo content strategy. qualifications proven demonstrable portfolio of ranking improvements.,542,https://www.kaggle.com/datasets/shivamashokgupta/job-description
JD0515,sales force effectiveness consultant a specialist who advises clients on how to make their sales teams more productive. focuses on structure process and compensation. analyze and redesign sales territory alignment and quotas. design new sales commission and incentive plans. implement and optimize crm like salesforce processes for the sales team. develop sales training programs on methodology and product knowledge. skills sales operations crm processes compensation design data analysis. qualifications background in sales sales operations or sales management.,"Consulting, Business & Operations",Niche: Marketing,Sales Force Effectiveness Consultant,a specialist who advises clients on how to make their sales teams more productive. focuses on structure process and compensation.,analyze and redesign sales territory alignment and quotas. design new sales commission and incentive plans. implement and optimize crm like salesforce processes for the sales team. develop sales training programs on methodology and product knowledge.,skills sales operations crm processes compensation design data analysis. qualifications background in sales sales operations or sales management.,543,https://www.kaggle.com/datasets/shivamashokgupta/job-description
JD0516,esg consultant advises corporations on their environmental social and governance esg strategy metrics and reporting. a rapidly growing field. conduct an esg materiality assessment to identify key issues for the client. develop a comprehensive esg strategy and roadmap. collect esg data and prepare annual sustainability reports aligned with gri sasb standards . advise clients on net-zero goals and carbon accounting. skills knowledge of esg frameworks gri sasb tcfd sustainability data analysis technical writing. qualifications degree in environmental science sustainability or finance. esg certifications.,"Engineering, Manufacturing & Technology",Niche: Sustainability,ESG Consultant,advises corporations on their environmental social and governance esg strategy metrics and reporting. a rapidly growing field.,conduct an esg materiality assessment to identify key issues for the client. develop a comprehensive esg strategy and roadmap. collect esg data and prepare annual sustainability reports aligned with gri sasb standards . advise clients on net-zero goals and carbon accounting.,skills knowledge of esg frameworks gri sasb tcfd sustainability data analysis technical writing. qualifications degree in environmental science sustainability or finance. esg certifications.,544,https://www.kaggle.com/datasets/shivamashokgupta/job-description
JD0517,environmental compliance consultant a technical expert who audits client operations factories construction sites to ensure they are compliant with environmental laws e.g. clean air act clean water act . conduct environmental site assessments esas for real estate transactions. perform audits of facilities to check compliance with epa regulations. prepare and submit regulatory permits for air water and waste. develop plans for hazardous waste management or site remediation. skills deep knowledge of environmental regulations epa osha technical auditing chemistry/geology. qualifications degree in environmental engineering geology or environmental science.,"Engineering, Manufacturing & Technology",Niche: Sustainability,Environmental Compliance Consultant,a technical expert who audits client operations factories construction sites to ensure they are compliant with environmental laws e.g. clean air act clean water act .,conduct environmental site assessments esas for real estate transactions. perform audits of facilities to check compliance with epa regulations. prepare and submit regulatory permits for air water and waste. develop plans for hazardous waste management or site remediation.,skills deep knowledge of environmental regulations epa osha technical auditing chemistry/geology. qualifications degree in environmental engineering geology or environmental science.,545,https://www.kaggle.com/datasets/shivamashokgupta/job-description
JD0518,government public sector gps consultant a consultant often from a large firm like deloitte or bah who advises federal state or local government agencies on strategy operations and technology. help government agencies with digital transformation and it modernization. perform process improvement projects to increase agency efficiency. manage large-scale government it implementations. help agencies with strategic planning and program management. skills knowledge of government procurement/contracting project management process mapping. qualifications standard consulting skills. must be a us citizen and often requires a security clearance.,"Arts, Media, Education & Public Service",Niche: Public Sector,Government & Public Sector (GPS) Consultant,a consultant often from a large firm like deloitte or bah who advises federal state or local government agencies on strategy operations and technology.,help government agencies with digital transformation and it modernization. perform process improvement projects to increase agency efficiency. manage large-scale government it implementations. help agencies with strategic planning and program management.,skills knowledge of government procurement/contracting project management process mapping. qualifications standard consulting skills. must be a us citizen and often requires a security clearance.,546,https://www.kaggle.com/datasets/shivamashokgupta/job-description
JD0519,political consultant advises political campaigns on strategy. this includes polling media messaging fundraising strategy and get-out-the-vote gotv operations. develop the overall campaign strategy and messaging platform. commission and analyze polling data to gauge voter sentiment. create advertising strategy tv digital mail . advise on fundraising operations and voter mobilization efforts. skills deep knowledge of the political process polling analysis media strategy communication. qualifications extensive experience working on political campaigns.,"Arts, Media, Education & Public Service",Niche: Public Sector,Political Consultant,advises political campaigns on strategy. this includes polling media messaging fundraising strategy and get-out-the-vote gotv operations.,develop the overall campaign strategy and messaging platform. commission and analyze polling data to gauge voter sentiment. create advertising strategy tv digital mail . advise on fundraising operations and voter mobilization efforts.,skills deep knowledge of the political process polling analysis media strategy communication. qualifications extensive experience working on political campaigns.,547,https://www.kaggle.com/datasets/shivamashokgupta/job-description
JD0520,physical security consultant advises corporations governments or high-net-worth individuals on how to protect their physical assets buildings people data centers from threats. conduct physical security risk assessments of facilities. design integrated security systems access control video surveillance alarms . develop executive protection plans for high-profile individuals. create emergency response and workplace violence prevention plans. skills security risk assessment knowledge of security technology emergency planning. qualifications background in law enforcement military or corporate security. psp or cpp certifications.,"Engineering, Manufacturing & Technology",Niche: Security,Physical Security Consultant,advises corporations governments or high-net-worth individuals on how to protect their physical assets buildings people data centers from threats.,conduct physical security risk assessments of facilities. design integrated security systems access control video surveillance alarms . develop executive protection plans for high-profile individuals. create emergency response and workplace violence prevention plans.,skills security risk assessment knowledge of security technology emergency planning. qualifications background in law enforcement military or corporate security. psp or cpp certifications.,548,https://www.kaggle.com/datasets/shivamashokgupta/job-description
JD0521,educational consultant admissions an independent consultant hired by families to help high school students navigate the college application and admissions process. advise students on high school course selection and extracurriculars. develop a balanced list of target reach and safety schools. brainstorm and edit college application essays and personal statements. provide financial aid fafsa and scholarship guidance. skills deep knowledge of the university admissions landscape writing/editing mentoring teenagers. qualifications often a former college admissions officer or high school counselor.,"Arts, Media, Education & Public Service",Niche: Education,Educational Consultant (Admissions),an independent consultant hired by families to help high school students navigate the college application and admissions process.,advise students on high school course selection and extracurriculars. develop a balanced list of target reach and safety schools. brainstorm and edit college application essays and personal statements. provide financial aid fafsa and scholarship guidance.,skills deep knowledge of the university admissions landscape writing/editing mentoring teenagers. qualifications often a former college admissions officer or high school counselor.,549,https://www.kaggle.com/datasets/shivamashokgupta/job-description
JD0522,real estate development consultant advises investors and developers on the financial feasibility market demand and strategic plan for new construction or redevelopment projects. conduct market feasibility studies for a proposed project e.g. hotel apartments . build complex pro-forma financial models to forecast project costs and roi. assist with navigating zoning permitting and entitlement processes. advise on project financing structures debt and equity . skills expert financial modeling real estate market analysis knowledge of zoning/construction. qualifications master s in real estate msre or mba in finance deep industry experience.,"Consulting, Business & Operations",Niche: Real Estate,Real Estate Development Consultant,advises investors and developers on the financial feasibility market demand and strategic plan for new construction or redevelopment projects.,conduct market feasibility studies for a proposed project e.g. hotel apartments . build complex pro-forma financial models to forecast project costs and roi. assist with navigating zoning permitting and entitlement processes. advise on project financing structures debt and equity .,skills expert financial modeling real estate market analysis knowledge of zoning/construction. qualifications master s in real estate msre or mba in finance deep industry experience.,550,https://www.kaggle.com/datasets/shivamashokgupta/job-description
JD0523,independent consultant sme a former industry executive or senior manager who now works for themselves providing expert-level advice on a contract basis without the overhead of a large firm. provide highly specialized advice in their niche e.g. 30-year expert in medical device regulation . manage their own business development contracts and billing. often brought in by larger consulting firms as a subject matter expert sme . skills deep verifiable expertise in a niche strong personal network self-management. qualifications 20+ years of industry experience and a strong professional reputation.,"Arts, Media, Education & Public Service",Freelance / Independent,Independent Consultant (SME),a former industry executive or senior manager who now works for themselves providing expert-level advice on a contract basis without the overhead of a large firm.,provide highly specialized advice in their niche e.g. 30-year expert in medical device regulation . manage their own business development contracts and billing. often brought in by larger consulting firms as a subject matter expert sme .,skills deep verifiable expertise in a niche strong personal network self-management. qualifications 20+ years of industry experience and a strong professional reputation.,551,https://www.kaggle.com/datasets/shivamashokgupta/job-description
JD0524,internal consultant an employee who works full-time for one company not a consulting firm in a dedicated internal consulting or corporate strategy group. they run high-priority projects for the business. lead strategic projects for internal business units e.g. a new market entry . function like an external consultant but only for one client their employer . often filled by ex-consultants from top firms mckinsey bcg etc. . skills project management financial modeling presentation stakeholder alignment. qualifications typically 2-4 years of experience at a major external consulting firm.,"Consulting, Business & Operations",Consulting (Internal),Internal Consultant,an employee who works full-time for one company not a consulting firm in a dedicated internal consulting or corporate strategy group. they run high-priority projects for the business.,lead strategic projects for internal business units e.g. a new market entry . function like an external consultant but only for one client their employer . often filled by ex-consultants from top firms mckinsey bcg etc. .,skills project management financial modeling presentation stakeholder alignment. qualifications typically 2-4 years of experience at a major external consulting firm.,552,https://www.kaggle.com/datasets/shivamashokgupta/job-description
JD0525,chief of staff internal role while not always a consultant this internal role is often filled by ex-consultants. acts as the right-hand strategic partner to a c-level executive managing key projects and communications. manage the strategic priorities and rhythm of the business for an executive. prepare executive-level presentations for board meetings and all-hands. lead special cross-functional strategic projects on the executive s behalf. act as a proxy and advisor for the executive. skills project management executive communication strategic thinking discretion. qualifications mba and/or background in management consulting or investment banking.,"Consulting, Business & Operations",Management Consulting,Chief of Staff (Internal Role),while not always a consultant this internal role is often filled by ex-consultants. acts as the right-hand strategic partner to a c-level executive managing key projects and communications.,manage the strategic priorities and rhythm of the business for an executive. prepare executive-level presentations for board meetings and all-hands. lead special cross-functional strategic projects on the executive s behalf. act as a proxy and advisor for the executive.,skills project management executive communication strategic thinking discretion. qualifications mba and/or background in management consulting or investment banking.,553,https://www.kaggle.com/datasets/shivamashokgupta/job-description
JD0526,private equity consultant a strategy consultant often from a big 3 firm who works directly for a private equity fund helping them conduct commercial due diligence on acquisition targets. conduct rapid high-stakes commercial due diligence on potential acquisitions. build models to assess market size and growth potential of a target company. identify key risks and upside opportunities for the pe firm s investment thesis. skills high-pressure analysis market sizing financial modeling communication. qualifications top-tier mbb consulting experience.,"Consulting, Business & Operations",Strategy Consulting,Private Equity Consultant,a strategy consultant often from a big 3 firm who works directly for a private equity fund helping them conduct commercial due diligence on acquisition targets.,conduct rapid high-stakes commercial due diligence on potential acquisitions. build models to assess market size and growth potential of a target company. identify key risks and upside opportunities for the pe firm s investment thesis.,skills high-pressure analysis market sizing financial modeling communication. qualifications top-tier mbb consulting experience.,554,https://www.kaggle.com/datasets/shivamashokgupta/job-description
JD0527,post-merger integration pmi consultant a specialist consultant who helps two companies merge their operations after an acquisition is complete. focuses on capturing cost savings synergies and integrating technology/culture. plan the day 1 readiness for the merger systems payroll email . create and manage the integration management office imo . track the realization of cost and revenue synergies. manage the cultural integration of the two merging companies. skills program management pmp change management hr/it integration financial analysis. qualifications consulting background with experience in large complex m a projects.,"Consulting, Business & Operations",Strategy Consulting,Post-Merger Integration (PMI) Consultant,a specialist consultant who helps two companies merge their operations after an acquisition is complete. focuses on capturing cost savings synergies and integrating technology/culture.,plan the day 1 readiness for the merger systems payroll email . create and manage the integration management office imo . track the realization of cost and revenue synergies. manage the cultural integration of the two merging companies.,skills program management pmp change management hr/it integration financial analysis. qualifications consulting background with experience in large complex m a projects.,555,https://www.kaggle.com/datasets/shivamashokgupta/job-description
JD0528,it asset management itam consultant a specialist who helps companies track and manage their it hardware and software inventory to optimize costs and ensure license compliance. implement itam tools and processes to track all it assets. conduct software license compliance audits e.g. for microsoft oracle sap . identify cost savings by eliminating unused software license harvesting . manage the full lifecycle of it hardware from procurement to disposal. skills itam software knowledge license auditing data analysis procurement. qualifications certifications like citam certified it asset manager .,"Consulting, Business & Operations",Technology Consulting,IT Asset Management (ITAM) Consultant,a specialist who helps companies track and manage their it hardware and software inventory to optimize costs and ensure license compliance.,implement itam tools and processes to track all it assets. conduct software license compliance audits e.g. for microsoft oracle sap . identify cost savings by eliminating unused software license harvesting . manage the full lifecycle of it hardware from procurement to disposal.,skills itam software knowledge license auditing data analysis procurement. qualifications certifications like citam certified it asset manager .,556,https://www.kaggle.com/datasets/shivamashokgupta/job-description
JD0529,implementation project manager pm a pm working for a consulting firm like accenture or deloitte who manages the end-to-end implementation of a large technology system like sap or salesforce for a client. manage the entire project lifecycle scoping design build test deploy . manage the project budget timeline and resource allocation. act as the primary liaison between the client and the technical consulting team. proactively identify and mitigate project risks. skills project management pmp budget/risk management communication understanding of sdlc. qualifications pmp certification 5+ years managing large it projects.,"Consulting, Business & Operations",Systems Consulting,Implementation Project Manager (PM),a pm working for a consulting firm like accenture or deloitte who manages the end-to-end implementation of a large technology system like sap or salesforce for a client.,manage the entire project lifecycle scoping design build test deploy . manage the project budget timeline and resource allocation. act as the primary liaison between the client and the technical consulting team. proactively identify and mitigate project risks.,skills project management pmp budget/risk management communication understanding of sdlc. qualifications pmp certification 5+ years managing large it projects.,557,https://www.kaggle.com/datasets/shivamashokgupta/job-description
JD0530,employee experience ex consultant advises clients on how to improve the overall experience of their employees from onboarding to daily work technology and culture often using journey mapping tools. conduct employee surveys interviews and focus groups. create employee journey maps to identify pain points and moments that matter. advise on improvements to technology physical workspace and recognition programs. link employee experience improvements to business outcomes e.g. retention . skills design thinking survey analysis communication hr strategy. qualifications background in hr marketing or organizational psychology.,"Consulting, Business & Operations",HR Consulting,Employee Experience (EX) Consultant,advises clients on how to improve the overall experience of their employees from onboarding to daily work technology and culture often using journey mapping tools.,conduct employee surveys interviews and focus groups. create employee journey maps to identify pain points and moments that matter. advise on improvements to technology physical workspace and recognition programs. link employee experience improvements to business outcomes e.g. retention .,skills design thinking survey analysis communication hr strategy. qualifications background in hr marketing or organizational psychology.,558,https://www.kaggle.com/datasets/shivamashokgupta/job-description
JD0531,leadership development consultant designs and delivers leadership training programs often for senior executives or high-potential managers within a client organization. design custom leadership curriculums based on client needs. facilitate workshops and training sessions in-person or virtual . conduct 360-degree feedback assessments for leaders. provide one-on-one executive coaching to senior leaders. skills facilitation executive presence instructional design coaching organizational psychology. qualifications often has an executive coaching certification or an advanced degree e.g. i/o psychology .,"Consulting, Business & Operations",HR Consulting,Leadership Development Consultant,designs and delivers leadership training programs often for senior executives or high-potential managers within a client organization.,design custom leadership curriculums based on client needs. facilitate workshops and training sessions in-person or virtual . conduct 360-degree feedback assessments for leaders. provide one-on-one executive coaching to senior leaders.,skills facilitation executive presence instructional design coaching organizational psychology. qualifications often has an executive coaching certification or an advanced degree e.g. i/o psychology .,559,https://www.kaggle.com/datasets/shivamashokgupta/job-description
JD0532,hris analyst consulting a technical hr consultant who works on configuring maintaining and running reports from a client s hr system like workday or successfactors . configure business processes and security policies within the hris. build complex custom reports and dashboards for the client s hr team. troubleshoot system errors and manage support tickets. provide technical support and training to the client s hr staff. skills deep technical knowledge of an hris workday sap report writing logic. qualifications technical certifications in the specific hris platform.,"Consulting, Business & Operations",HR Consulting,HRIS Analyst (Consulting),a technical hr consultant who works on configuring maintaining and running reports from a client s hr system like workday or successfactors .,configure business processes and security policies within the hris. build complex custom reports and dashboards for the client s hr team. troubleshoot system errors and manage support tickets. provide technical support and training to the client s hr staff.,skills deep technical knowledge of an hris workday sap report writing logic. qualifications technical certifications in the specific hris platform.,560,https://www.kaggle.com/datasets/shivamashokgupta/job-description
JD0533,treasury consultant advises corporate treasurers on managing their company s cash liquidity debt and financial risks like currency or interest rate risk . help clients set up a global cash management and pooling structure. advise on debt issuance and capital structure strategy. design hedging strategies for fx and interest rate risk. advise on selecting and implementing a treasury management system tms . skills corporate finance cash management risk management knowledge of tms platforms. qualifications ctp certified treasury professional or cfa background in corporate treasury.,"Banking, Finance & Audit",Financial Advisory,Treasury Consultant,advises corporate treasurers on managing their company s cash liquidity debt and financial risks like currency or interest rate risk .,help clients set up a global cash management and pooling structure. advise on debt issuance and capital structure strategy. design hedging strategies for fx and interest rate risk. advise on selecting and implementing a treasury management system tms .,skills corporate finance cash management risk management knowledge of tms platforms. qualifications ctp certified treasury professional or cfa background in corporate treasury.,561,https://www.kaggle.com/datasets/shivamashokgupta/job-description
JD0534,supply chain planning consultant a specialist who implements technology and processes to help clients better forecast demand and plan their inventory and production schedules. design and implement demand planning forecasting processes. implement s op sales and operations planning frameworks. configure and implement supply chain planning software e.g. kinaxis o9 . skills demand forecasting inventory theory s op knowledge of planning software. qualifications degree in supply chain apics certification is common.,"Consulting, Business & Operations",Niche: Supply Chain,Supply Chain Planning Consultant,a specialist who implements technology and processes to help clients better forecast demand and plan their inventory and production schedules.,design and implement demand planning forecasting processes. implement s op sales and operations planning frameworks. configure and implement supply chain planning software e.g. kinaxis o9 .,skills demand forecasting inventory theory s op knowledge of planning software. qualifications degree in supply chain apics certification is common.,562,https://www.kaggle.com/datasets/shivamashokgupta/job-description
JD0535,climate risk consultant a specialist who models the financial risk of climate change on a client s assets and business model. aligns with tcfd task force on climate-related financial disclosures . model physical risks e.g. hurricane/flood damage to facilities . model transition risks e.g. carbon taxes shift to green energy . quantify the financial impact of these risks for investors and reports tcfd . skills financial modeling climate science risk analysis statistics. qualifications advanced degree in climate science finance or engineering.,"Engineering, Manufacturing & Technology",Niche: Sustainability,Climate Risk Consultant,a specialist who models the financial risk of climate change on a client s assets and business model. aligns with tcfd task force on climate-related financial disclosures .,model physical risks e.g. hurricane/flood damage to facilities . model transition risks e.g. carbon taxes shift to green energy . quantify the financial impact of these risks for investors and reports tcfd .,skills financial modeling climate science risk analysis statistics. qualifications advanced degree in climate science finance or engineering.,563,https://www.kaggle.com/datasets/shivamashokgupta/job-description
JD0536,public sector financials consultant advises government agencies on budgeting fund accounting and compliance with governmental accounting standards gasb . help government clients manage their budgets and funds. ensure compliance with gasb standards and federal grant rules. assist with the preparation of the comprehensive annual financial report cafr . implement public sector erp systems like oracle ps . skills fund accounting gasb government budgeting federal regulations. qualifications cpa with government experience cgfm certified government financial manager .,"Arts, Media, Education & Public Service",Niche: Public Sector,Public Sector Financials Consultant,advises government agencies on budgeting fund accounting and compliance with governmental accounting standards gasb .,help government clients manage their budgets and funds. ensure compliance with gasb standards and federal grant rules. assist with the preparation of the comprehensive annual financial report cafr . implement public sector erp systems like oracle ps .,skills fund accounting gasb government budgeting federal regulations. qualifications cpa with government experience cgfm certified government financial manager .,564,https://www.kaggle.com/datasets/shivamashokgupta/job-description
JD0537,real estate portfolio consultant advises corporations not real estate firms on how to manage their global portfolio of office space focusing on cost savings and space optimization. analyze a client s global real estate lease and property portfolio. advise on future of work strategies remote vs. hybrid vs. in-office . identify opportunities for consolidation and cost reduction. negotiate lease renewals and manage site dispositions. skills corporate real estate financial analysis lease accounting negotiation. qualifications background in corporate real estate or finance.,"Consulting, Business & Operations",Niche: Real Estate,Real Estate Portfolio Consultant,advises corporations not real estate firms on how to manage their global portfolio of office space focusing on cost savings and space optimization.,analyze a client s global real estate lease and property portfolio. advise on future of work strategies remote vs. hybrid vs. in-office . identify opportunities for consolidation and cost reduction. negotiate lease renewals and manage site dispositions.,skills corporate real estate financial analysis lease accounting negotiation. qualifications background in corporate real estate or finance.,565,https://www.kaggle.com/datasets/shivamashokgupta/job-description
JD0538,brand strategy consultant a high-level creative strategist often at a specialized branding agency who helps companies define or refresh their core brand identity logo name voice positioning . conduct workshops to define a brand s purpose mission and values. analyze the competitive landscape and define brand positioning. develop the creative brief for the new brand identity name logo voice . create formal brand guidelines for the client to use. skills branding marketing creative thinking facilitation design sense. qualifications experience at a top branding agency or in a corporate brand management role.,"Consulting, Business & Operations",Niche: Marketing,Brand Strategy Consultant,a high-level creative strategist often at a specialized branding agency who helps companies define or refresh their core brand identity logo name voice positioning .,conduct workshops to define a brand s purpose mission and values. analyze the competitive landscape and define brand positioning. develop the creative brief for the new brand identity name logo voice . create formal brand guidelines for the client to use.,skills branding marketing creative thinking facilitation design sense. qualifications experience at a top branding agency or in a corporate brand management role.,566,https://www.kaggle.com/datasets/shivamashokgupta/job-description
JD0539,ppc/sem consultant a freelance or agency expert who manages a client s paid search advertising pay-per-click on platforms like google ads to generate leads or sales with a positive roi. conduct keyword research for paid search campaigns. set up manage and optimize campaigns in google ads. write ad copy and manage bidding strategies to lower cpc/cpa. analyze campaign data and provide performance reports. skills expert in google ads analytics bidding strategies data analysis copywriting. qualifications google ads certification proven track record of managing ad spend.,"Consulting, Business & Operations",Niche: Marketing,PPC/SEM Consultant,a freelance or agency expert who manages a client s paid search advertising pay-per-click on platforms like google ads to generate leads or sales with a positive roi.,conduct keyword research for paid search campaigns. set up manage and optimize campaigns in google ads. write ad copy and manage bidding strategies to lower cpc/cpa. analyze campaign data and provide performance reports.,skills expert in google ads analytics bidding strategies data analysis copywriting. qualifications google ads certification proven track record of managing ad spend.,567,https://www.kaggle.com/datasets/shivamashokgupta/job-description
JD0540,data migration consultant a highly technical specialist who plans and executes the complex high-risk project of moving data from a client s legacy system s to a new system like a new erp or cloud database . analyze and map data fields from the old system to the new system. develop scripts to extract transform and load etl the data. perform data cleansing and validation to ensure data quality. manage the cutover process during the go-live weekend. skills etl processes sql scripting python data modeling extreme attention to detail. qualifications technical background in data management experience on large transformation projects.,"Consulting, Business & Operations",Technology Consulting,Data Migration Consultant,a highly technical specialist who plans and executes the complex high-risk project of moving data from a client s legacy system s to a new system like a new erp or cloud database .,analyze and map data fields from the old system to the new system. develop scripts to extract transform and load etl the data. perform data cleansing and validation to ensure data quality. manage the cutover process during the go-live weekend.,skills etl processes sql scripting python data modeling extreme attention to detail. qualifications technical background in data management experience on large transformation projects.,568,https://www.kaggle.com/datasets/shivamashokgupta/job-description
JD0541,ediscovery consultant a consultant who advises law firms and corporate legal departments on the technology and process of collecting reviewing and producing electronic data emails documents for litigation. advise legal teams on data preservation and collection strategies. manage the process of hosting data in an ediscovery review platform e.g. relativity . use technology ai/search terms to cull down large data sets. manage the technical production of data to opposing counsel. skills knowledge of legal review platforms relativity data processing legal procedures. qualifications relativity certified administrator rca or other ediscovery certifications.,"Arts, Media, Education & Public Service",Niche: Legal,eDiscovery Consultant,a consultant who advises law firms and corporate legal departments on the technology and process of collecting reviewing and producing electronic data emails documents for litigation.,advise legal teams on data preservation and collection strategies. manage the process of hosting data in an ediscovery review platform e.g. relativity . use technology ai/search terms to cull down large data sets. manage the technical production of data to opposing counsel.,skills knowledge of legal review platforms relativity data processing legal procedures. qualifications relativity certified administrator rca or other ediscovery certifications.,569,https://www.kaggle.com/datasets/shivamashokgupta/job-description
JD0542,non-profit strategy consultant a management consultant often at a specialized firm like bridgespan who advises non-profit organizations on strategy fundraising and impact measurement. help non-profits develop their theory of change and strategic plan. advise on sustainable fundraising and revenue models. design frameworks for measuring programmatic impact and outcomes. facilitate board retreats and strategic planning sessions. skills non-profit management fundraising strategy impact measurement facilitation. qualifications mba or mpp experience in the non-profit sector.,"Arts, Media, Education & Public Service",Niche: Non-Profit,Non-Profit Strategy Consultant,a management consultant often at a specialized firm like bridgespan who advises non-profit organizations on strategy fundraising and impact measurement.,help non-profits develop their theory of change and strategic plan. advise on sustainable fundraising and revenue models. design frameworks for measuring programmatic impact and outcomes. facilitate board retreats and strategic planning sessions.,skills non-profit management fundraising strategy impact measurement facilitation. qualifications mba or mpp experience in the non-profit sector.,570,https://www.kaggle.com/datasets/shivamashokgupta/job-description
JD0543,fundraising consultant an independent consultant hired by non-profits to plan and execute major fundraising initiatives such as a multi-year capital campaign. assess a non-profit s fundraising readiness. develop the strategy and case for a capital campaign. identify and research major donor prospects. train board members and staff on how to make the ask. manage the campaign timeline and reporting. skills major gift fundraising sales relationship building event planning. qualifications extensive 10+ years experience as a senior fundraiser e.g. director of development . cfre certification.,"Arts, Media, Education & Public Service",Niche: Non-Profit,Fundraising Consultant,an independent consultant hired by non-profits to plan and execute major fundraising initiatives such as a multi-year capital campaign.,assess a non-profit s fundraising readiness. develop the strategy and case for a capital campaign. identify and research major donor prospects. train board members and staff on how to make the ask. manage the campaign timeline and reporting.,skills major gift fundraising sales relationship building event planning. qualifications extensive 10+ years experience as a senior fundraiser e.g. director of development . cfre certification.,571,https://www.kaggle.com/datasets/shivamashokgupta/job-description
JD0544,public relations pr consultant an expert at an agency or freelance practice who advises clients on how to manage their public image earn media coverage and communicate with stakeholders. develop a strategic pr and communications plan. write and distribute press releases pitch stories to journalists. secure media placements articles interviews for the client. advise on crisis communications and reputation management. skills media relations strong writing ap style communication crisis management. qualifications degree in pr/comms/journalism and strong media contacts.,"Consulting, Business & Operations",Management Consulting,Public Relations (PR) Consultant,an expert at an agency or freelance practice who advises clients on how to manage their public image earn media coverage and communicate with stakeholders.,develop a strategic pr and communications plan. write and distribute press releases pitch stories to journalists. secure media placements articles interviews for the client. advise on crisis communications and reputation management.,skills media relations strong writing ap style communication crisis management. qualifications degree in pr/comms/journalism and strong media contacts.,572,https://www.kaggle.com/datasets/shivamashokgupta/job-description
JD0545,turnaround consultant a hands-on high-stakes consultant who embeds within a failing company to take rapid drastic action cost-cutting restructuring to save it from bankruptcy. more hands-on than a restructuring advisor. embed in the client s management team often as interim cro/cfo . identify and execute rapid cost-cutting initiatives. manage weekly cash flow with extreme scrutiny. negotiate with lenders and vendors to maintain operations. stabilize the business for a potential sale or restructuring. skills crisis management liquidity management negotiation leadership financial analysis. qualifications ctp certified turnaround professional extensive finance/ops experience.,"Consulting, Business & Operations",Strategy Consulting,Turnaround Consultant,a hands-on high-stakes consultant who embeds within a failing company to take rapid drastic action cost-cutting restructuring to save it from bankruptcy. more hands-on than a restructuring advisor.,embed in the client s management team often as interim cro/cfo . identify and execute rapid cost-cutting initiatives. manage weekly cash flow with extreme scrutiny. negotiate with lenders and vendors to maintain operations. stabilize the business for a potential sale or restructuring.,skills crisis management liquidity management negotiation leadership financial analysis. qualifications ctp certified turnaround professional extensive finance/ops experience.,573,https://www.kaggle.com/datasets/shivamashokgupta/job-description
JD0546,hr due diligence consultant a specialist on an m a transaction who analyzes the people risks. assesses the target company s culture leadership hr compliance and benefits liabilities. audit all hr compliance policies i-9s handbooks wage/hour . analyze benefits and pension plans to identify unfunded liabilities. assess cultural compatibility between the buyer and seller. identify key talent retention risks e.g. key leaders likely to quit . skills hr compliance benefits erisa compensation analysis risk assessment. qualifications senior background in hr or hr consulting.,"Consulting, Business & Operations",HR Consulting,HR Due Diligence Consultant,a specialist on an m a transaction who analyzes the people risks. assesses the target company s culture leadership hr compliance and benefits liabilities.,audit all hr compliance policies i-9s handbooks wage/hour . analyze benefits and pension plans to identify unfunded liabilities. assess cultural compatibility between the buyer and seller. identify key talent retention risks e.g. key leaders likely to quit .,skills hr compliance benefits erisa compensation analysis risk assessment. qualifications senior background in hr or hr consulting.,574,https://www.kaggle.com/datasets/shivamashokgupta/job-description
JD0547,business process consultant a consultant focused purely on process. they map a client s current state processes and design more efficient future state processes often before a technology implementation. lead workshops to map as-is business processes using bpmn or visio . identify pain points bottlenecks and redundancies. design optimized to-be processes. serve as the bridge between the business users and the tech consultants implementing the new process. skills process mapping visio business analysis facilitation critical thinking. qualifications six sigma certification is common background in operations or business analysis.,"Consulting, Business & Operations",Systems Consulting,Business Process Consultant,a consultant focused purely on process. they map a client s current state processes and design more efficient future state processes often before a technology implementation.,lead workshops to map as-is business processes using bpmn or visio . identify pain points bottlenecks and redundancies. design optimized to-be processes. serve as the bridge between the business users and the tech consultants implementing the new process.,skills process mapping visio business analysis facilitation critical thinking. qualifications six sigma certification is common background in operations or business analysis.,575,https://www.kaggle.com/datasets/shivamashokgupta/job-description
JD0548,intelligent automation rpa consultant helps clients identify and automate repetitive manual business processes like data entry using robotic process automation rpa software e.g. uipath automation anywhere . analyze client processes to identify high-value automation opportunities. design build and test software bots using rpa platforms. manage the bot workforce and ensure their performance. calculate the roi e.g. hours saved from automation. skills rpa software uipath process analysis basic coding/logic problem-solving. qualifications certification in a major rpa tool e.g. uipath certified developer .,"Consulting, Business & Operations",Technology Consulting,Intelligent Automation (RPA) Consultant,helps clients identify and automate repetitive manual business processes like data entry using robotic process automation rpa software e.g. uipath automation anywhere .,analyze client processes to identify high-value automation opportunities. design build and test software bots using rpa platforms. manage the bot workforce and ensure their performance. calculate the roi e.g. hours saved from automation.,skills rpa software uipath process analysis basic coding/logic problem-solving. qualifications certification in a major rpa tool e.g. uipath certified developer .,576,https://www.kaggle.com/datasets/shivamashokgupta/job-description
JD0549,research consultant / specialist a deep subject matter expert or researcher within a consulting firm who does not travel to clients but supports multiple project teams with expert research data or analysis. support consulting teams with deep specialized knowledge in one area e.g. semiconductor manufacturing . conduct complex literature and data research. own and manage the firm s proprietary data models or knowledge assets. provide expert consultation to traveling teams. skills deep subject matter expertise research data analysis library science. qualifications often holds a phd or is a former industry veteran in a specific niche.,"Consulting, Business & Operations",Strategy Consulting,Research Consultant / Specialist,a deep subject matter expert or researcher within a consulting firm who does not travel to clients but supports multiple project teams with expert research data or analysis.,support consulting teams with deep specialized knowledge in one area e.g. semiconductor manufacturing . conduct complex literature and data research. own and manage the firm s proprietary data models or knowledge assets. provide expert consultation to traveling teams.,skills deep subject matter expertise research data analysis library science. qualifications often holds a phd or is a former industry veteran in a specific niche.,577,https://www.kaggle.com/datasets/shivamashokgupta/job-description
JD0550,pharmaceutical commercialization consultant a life sciences specialist who advises pharma companies on the go-to-market strategy for a new drug that has passed clinical trials. develop the pricing and market access strategy how to get insurers to cover the drug . advise on sales force deployment and marketing strategy. conduct market forecasting for the new drug s sales potential. skills pharma industry knowledge market access strategy pricing marketing. qualifications phd pharmd or mba with a life sciences focus.,Healthcare & Life Sciences,Niche: Healthcare,Pharmaceutical Commercialization Consultant,a life sciences specialist who advises pharma companies on the go-to-market strategy for a new drug that has passed clinical trials.,develop the pricing and market access strategy how to get insurers to cover the drug . advise on sales force deployment and marketing strategy. conduct market forecasting for the new drug s sales potential.,skills pharma industry knowledge market access strategy pricing marketing. qualifications phd pharmd or mba with a life sciences focus.,578,https://www.kaggle.com/datasets/shivamashokgupta/job-description
JD0551,logistics technology tms consultant a specialist who helps clients select and implement a transportation management system tms to manage their freight and shipping operations. gather client requirements for freight management. lead the rfp and selection process for a new tms vendor. manage the implementation and integration of the tms platform. train the client s logistics team on how to use the new system. skills logistics processes knowledge of tms platforms e.g. oracle tm blue yonder project management. qualifications background in logistics or logistics it.,"Consulting, Business & Operations",Niche: Supply Chain,Logistics Technology (TMS) Consultant,a specialist who helps clients select and implement a transportation management system tms to manage their freight and shipping operations.,gather client requirements for freight management. lead the rfp and selection process for a new tms vendor. manage the implementation and integration of the tms platform. train the client s logistics team on how to use the new system.,skills logistics processes knowledge of tms platforms e.g. oracle tm blue yonder project management. qualifications background in logistics or logistics it.,579,https://www.kaggle.com/datasets/shivamashokgupta/job-description
JD0552,model risk management mrm consultant advises banks and financial institutions on their processes for managing the risk that their financial models e.g. credit risk market risk models are wrong or misused. help banks build a framework and policies for model validation. perform independent validation of key financial models. ensure the bank s mrm framework meets regulatory guidelines e.g. sr 11-7 . document and report model weaknesses to the client s risk committee. skills quantitative modeling risk analysis statistics deep knowledge of banking regulations. qualifications phd or master s in a quantitative field experience building or validating models.,"Consulting, Business & Operations",Risk Consulting,Model Risk Management (MRM) Consultant,advises banks and financial institutions on their processes for managing the risk that their financial models e.g. credit risk market risk models are wrong or misused.,help banks build a framework and policies for model validation. perform independent validation of key financial models. ensure the bank s mrm framework meets regulatory guidelines e.g. sr 11-7 . document and report model weaknesses to the client s risk committee.,skills quantitative modeling risk analysis statistics deep knowledge of banking regulations. qualifications phd or master s in a quantitative field experience building or validating models.,580,https://www.kaggle.com/datasets/shivamashokgupta/job-description
JD0553,culture transformation consultant advises leadership teams often post-merger or during a crisis on how to intentionally change their corporate culture. diagnose the current state culture using surveys interviews and observation. facilitate leadership workshops to define the desired state culture and values. design interventions e.g. changing incentives communications symbols to drive cultural change. measure and track the shift in behaviors over time. skills organizational psychology facilitation change management communication executive presence. qualifications advanced degree in i/o psychology org development or hr.,"Consulting, Business & Operations",HR Consulting,Culture Transformation Consultant,advises leadership teams often post-merger or during a crisis on how to intentionally change their corporate culture.,diagnose the current state culture using surveys interviews and observation. facilitate leadership workshops to define the desired state culture and values. design interventions e.g. changing incentives communications symbols to drive cultural change. measure and track the shift in behaviors over time.,skills organizational psychology facilitation change management communication executive presence. qualifications advanced degree in i/o psychology org development or hr.,581,https://www.kaggle.com/datasets/shivamashokgupta/job-description
JD0554,customer experience cx consultant a strategic consultant who helps clients design and improve the end-to-end experience a customer has with their brand products and services. map the end-to-end customer journey across web mobile call center in-store . identify pain points and moments of friction for the customer. use design thinking to brainstorm new improved customer experiences. create a roadmap of initiatives tech process people to improve cx. skills design thinking customer journey mapping user research market research. qualifications background in marketing ux design or strategy.,"Consulting, Business & Operations",Technology Consulting,Customer Experience (CX) Consultant,a strategic consultant who helps clients design and improve the end-to-end experience a customer has with their brand products and services.,map the end-to-end customer journey across web mobile call center in-store . identify pain points and moments of friction for the customer. use design thinking to brainstorm new improved customer experiences. create a roadmap of initiatives tech process people to improve cx.,skills design thinking customer journey mapping user research market research. qualifications background in marketing ux design or strategy.,582,https://www.kaggle.com/datasets/shivamashokgupta/job-description
JD0555,erp project director a very senior consulting leader often partner-level who has executive oversight for a massive multi-year global erp transformation project like a global sap s/4hana rollout . serve as the primary executive sponsor from the consulting firm. manage the overall program budget often 100m+ . own the c-suite client relationship ceo cfo cio . manage multiple project managers and technical/functional tracks. handle major escalations and strategic risk management. skills executive program management budget management c-suite communication risk management. qualifications decades of experience leading large-scale technology transformations.,"Consulting, Business & Operations",Systems Consulting,ERP Project Director,a very senior consulting leader often partner-level who has executive oversight for a massive multi-year global erp transformation project like a global sap s/4hana rollout .,serve as the primary executive sponsor from the consulting firm. manage the overall program budget often 100m+ . own the c-suite client relationship ceo cfo cio . manage multiple project managers and technical/functional tracks. handle major escalations and strategic risk management.,skills executive program management budget management c-suite communication risk management. qualifications decades of experience leading large-scale technology transformations.,583,https://www.kaggle.com/datasets/shivamashokgupta/job-description
JD0556,solution architect a senior highly technical consultant who designs the high-level technical blueprint for a complex technology solution integrating multiple systems to solve a client s business problem. analyze the client s business problem and technical environment. design the end-to-end technical architecture selecting the right platforms services and integrations. ensure the solution is scalable secure and resilient. create technical diagrams and documentation for the development teams. skills systems architecture deep technical knowledge across cloud data apps communication. qualifications senior-level technical background e.g. ex-developer or cloud engineer . relevant architect certs.,"Consulting, Business & Operations",Technology Consulting,Solution Architect,a senior highly technical consultant who designs the high-level technical blueprint for a complex technology solution integrating multiple systems to solve a client s business problem.,analyze the client s business problem and technical environment. design the end-to-end technical architecture selecting the right platforms services and integrations. ensure the solution is scalable secure and resilient. create technical diagrams and documentation for the development teams.,skills systems architecture deep technical knowledge across cloud data apps communication. qualifications senior-level technical background e.g. ex-developer or cloud engineer . relevant architect certs.,584,https://www.kaggle.com/datasets/shivamashokgupta/job-description
JD0557,operating model consultant a strategist who advises clients on how their company is structured and operates to deliver value. designs the blueprint for how work gets done. analyze a company s current operating model structure processes governance . design a new target operating model tom aligned with the business strategy. define the future governance processes capabilities and technology required. create the roadmap to transition from the current state to the future state. skills business architecture organizational design strategic planning process mapping. qualifications mba standard management consulting background.,"Consulting, Business & Operations",Strategy Consulting,Operating Model Consultant,a strategist who advises clients on how their company is structured and operates to deliver value. designs the blueprint for how work gets done.,analyze a company s current operating model structure processes governance . design a new target operating model tom aligned with the business strategy. define the future governance processes capabilities and technology required. create the roadmap to transition from the current state to the future state.,skills business architecture organizational design strategic planning process mapping. qualifications mba standard management consulting background.,585,https://www.kaggle.com/datasets/shivamashokgupta/job-description
JD0558,energy strategy consultant advises utility oil and gas or renewable energy companies on strategy regulation and market trends. advise utilities on grid modernization and renewable energy integration. model commodity pricing and market trends for energy traders. assess the financial viability of new energy projects e.g. wind farm solar field . advise oil gas clients on energy transition and decarbonization strategy. skills deep energy industry knowledge financial modeling regulatory policy commodity markets. qualifications degree in engineering economics or finance. often an mba or specialized master s.,"Engineering, Manufacturing & Technology",Niche: Energy,Energy Strategy Consultant,advises utility oil and gas or renewable energy companies on strategy regulation and market trends.,advise utilities on grid modernization and renewable energy integration. model commodity pricing and market trends for energy traders. assess the financial viability of new energy projects e.g. wind farm solar field . advise oil gas clients on energy transition and decarbonization strategy.,skills deep energy industry knowledge financial modeling regulatory policy commodity markets. qualifications degree in engineering economics or finance. often an mba or specialized master s.,586,https://www.kaggle.com/datasets/shivamashokgupta/job-description
JD0559,capital markets consultant advises corporations on how to raise money. this includes advising on ipo readiness optimal debt structures bonds vs. loans and credit rating agency strategy. advise private companies on the technical process of ipo readiness e.g. financial reporting needs . advise clients on their capital structure optimal mix of debt and equity . manage the relationship and presentations with credit rating agencies s p moody s . advise on debt issuance and refinancing strategies. skills corporate finance capital markets accounting sec regulations financial modeling. qualifications background in investment banking treasury or capital markets advisory.,"Banking, Finance & Audit",Financial Advisory,Capital Markets Consultant,advises corporations on how to raise money. this includes advising on ipo readiness optimal debt structures bonds vs. loans and credit rating agency strategy.,advise private companies on the technical process of ipo readiness e.g. financial reporting needs . advise clients on their capital structure optimal mix of debt and equity . manage the relationship and presentations with credit rating agencies s p moody s . advise on debt issuance and refinancing strategies.,skills corporate finance capital markets accounting sec regulations financial modeling. qualifications background in investment banking treasury or capital markets advisory.,587,https://www.kaggle.com/datasets/shivamashokgupta/job-description
JD0560,business continuity consultant advises clients on how to prepare for and recover from a major business disruption e.g. natural disaster cyberattack pandemic . conduct a business impact analysis bia to identify critical functions. write the business continuity plan bcp and disaster recovery dr plan. plan and facilitate tabletop exercises and simulation drills. help clients build redundant operational and it capabilities. skills risk assessment emergency planning operations project management. qualifications certified business continuity professional cbcp or similar credential.,"Consulting, Business & Operations",Risk Consulting,Business Continuity Consultant,advises clients on how to prepare for and recover from a major business disruption e.g. natural disaster cyberattack pandemic .,conduct a business impact analysis bia to identify critical functions. write the business continuity plan bcp and disaster recovery dr plan. plan and facilitate tabletop exercises and simulation drills. help clients build redundant operational and it capabilities.,skills risk assessment emergency planning operations project management. qualifications certified business continuity professional cbcp or similar credential.,588,https://www.kaggle.com/datasets/shivamashokgupta/job-description
JD0561,customer relationship management crm strategy consultant a strategic consultant different from the salesforce implementer who advises on the overall strategy for how a company acquires retains and interacts with its customers. analyze the full customer lifecycle from marketing to sales to service. define the data processes and technology required for a single view of the customer. develop strategies for customer segmentation and personalized marketing. select the right crm technology and create the implementation roadmap. skills crm strategy marketing automation sales process customer data analysis. qualifications background in marketing sales ops or crm management.,"Consulting, Business & Operations",Niche: Marketing,Customer Relationship Management (CRM) Strategy Consultant,a strategic consultant different from the salesforce implementer who advises on the overall strategy for how a company acquires retains and interacts with its customers.,analyze the full customer lifecycle from marketing to sales to service. define the data processes and technology required for a single view of the customer. develop strategies for customer segmentation and personalized marketing. select the right crm technology and create the implementation roadmap.,skills crm strategy marketing automation sales process customer data analysis. qualifications background in marketing sales ops or crm management.,589,https://www.kaggle.com/datasets/shivamashokgupta/job-description
JD0562,legal operations consultant advises corporate legal departments on how to operate more like a business. focuses on efficiency technology and cost management not on giving legal advice. help general counsels manage their budgets and legal spend. implement new legal tech e.g. matter management e-billing contract management systems . design efficient processes for contract review or litigation holds. develop metrics and dashboards to track the legal department s performance. skills legal industry knowledge process improvement project management tech implementation. qualifications often a former paralegal lawyer or law firm administrator. cloc certification .,"Arts, Media, Education & Public Service",Niche: Legal,Legal Operations Consultant,advises corporate legal departments on how to operate more like a business. focuses on efficiency technology and cost management not on giving legal advice.,help general counsels manage their budgets and legal spend. implement new legal tech e.g. matter management e-billing contract management systems . design efficient processes for contract review or litigation holds. develop metrics and dashboards to track the legal department s performance.,skills legal industry knowledge process improvement project management tech implementation. qualifications often a former paralegal lawyer or law firm administrator. cloc certification .,590,https://www.kaggle.com/datasets/shivamashokgupta/job-description
JD0563,retail strategy consultant a specialist who advises retail companies on topics like store footprint merchandising pricing and omnichannel strategy. analyze store performance and develop strategies for footprint optimization closures openings . advise on merchandising and product assortment strategy. design the omnichannel strategy linking e-commerce mobile app and physical stores . analyze customer loyalty data to improve retention. skills retail industry knowledge data analysis merchandising e-commerce strategy. qualifications consulting background with deep experience in the retail sector.,"Consulting, Business & Operations",Niche: Retail,Retail Strategy Consultant,a specialist who advises retail companies on topics like store footprint merchandising pricing and omnichannel strategy.,analyze store performance and develop strategies for footprint optimization closures openings . advise on merchandising and product assortment strategy. design the omnichannel strategy linking e-commerce mobile app and physical stores . analyze customer loyalty data to improve retention.,skills retail industry knowledge data analysis merchandising e-commerce strategy. qualifications consulting background with deep experience in the retail sector.,591,https://www.kaggle.com/datasets/shivamashokgupta/job-description
JD0564,e-commerce consultant a digital expert who advises clients on how to launch or optimize their online store. advise on e-commerce platform selection e.g. shopify magento bigcommerce . optimize website conversation rates cro checkout process and user experience. develop strategies for customer acquisition ppc seo and email marketing. analyze web data to reduce cart abandonment. skills e-commerce platforms conversion rate optimization cro digital marketing ux/ui principles. qualifications proven experience managing or growing a successful e-commerce business.,"Consulting, Business & Operations",Niche: Retail,E-commerce Consultant,a digital expert who advises clients on how to launch or optimize their online store.,advise on e-commerce platform selection e.g. shopify magento bigcommerce . optimize website conversation rates cro checkout process and user experience. develop strategies for customer acquisition ppc seo and email marketing. analyze web data to reduce cart abandonment.,skills e-commerce platforms conversion rate optimization cro digital marketing ux/ui principles. qualifications proven experience managing or growing a successful e-commerce business.,592,https://www.kaggle.com/datasets/shivamashokgupta/job-description
JD0565,small business consultant cpa firm often a cpa or senior accountant at a regional firm who acts as an outsourced cfo or trusted advisor for many different small business clients. provide bookkeeping payroll and tax services a one-stop-shop . prepare monthly financial statements and explain them to the business owner. advise on cash flow management business strategy and tax planning. help owners secure bank loans or choose software. skills full-cycle accounting tax communication simplifying complex topics business acumen. qualifications cpa license and a strong desire to work directly with entrepreneurs.,"Banking, Finance & Audit",Public Accounting,Small Business Consultant (CPA Firm),often a cpa or senior accountant at a regional firm who acts as an outsourced cfo or trusted advisor for many different small business clients.,provide bookkeeping payroll and tax services a one-stop-shop . prepare monthly financial statements and explain them to the business owner. advise on cash flow management business strategy and tax planning. help owners secure bank loans or choose software.,skills full-cycle accounting tax communication simplifying complex topics business acumen. qualifications cpa license and a strong desire to work directly with entrepreneurs.,593,https://www.kaggle.com/datasets/shivamashokgupta/job-description
JD0566,change management director a senior leader in the change management practice. sells and oversees large-scale transformation projects focusing on ensuring human adoption of the new solution. lead the people workstream on large digital or m a transformations. sell and scope complex change management programs. manage multiple teams of change consultants. advise c-suite clients on communication strategy and leadership alignment. skills executive leadership sales change strategy communication. qualifications 10+ years in change management prosci or similar certification.,"Consulting, Business & Operations",Strategy Consulting,Change Management (Director),a senior leader in the change management practice. sells and oversees large-scale transformation projects focusing on ensuring human adoption of the new solution.,lead the people workstream on large digital or m a transformations. sell and scope complex change management programs. manage multiple teams of change consultants. advise c-suite clients on communication strategy and leadership alignment.,skills executive leadership sales change strategy communication. qualifications 10+ years in change management prosci or similar certification.,594,https://www.kaggle.com/datasets/shivamashokgupta/job-description
JD0567,enterprise architect a very senior strategic consultant who maintains the holistic map of a client s entire technology data and application ecosystem. ensures all new projects fit the long-term plan. create and maintain the blueprint of the client s current and future technology landscape. define the principles standards and guidelines for all technology projects. evaluate new technologies and ensure they align with the business strategy. govern solution architects to ensure their designs fit the overall plan. skills systems thinking business architecture technical knowledge broad and deep governance. qualifications 15+ years in it certification e.g. togaf is common.,"Consulting, Business & Operations",Technology Consulting,Enterprise Architect,a very senior strategic consultant who maintains the holistic map of a client s entire technology data and application ecosystem. ensures all new projects fit the long-term plan.,create and maintain the blueprint of the client s current and future technology landscape. define the principles standards and guidelines for all technology projects. evaluate new technologies and ensure they align with the business strategy. govern solution architects to ensure their designs fit the overall plan.,skills systems thinking business architecture technical knowledge broad and deep governance. qualifications 15+ years in it certification e.g. togaf is common.,595,https://www.kaggle.com/datasets/shivamashokgupta/job-description
JD0568,ux strategy consultant advises clients on their overall user experience strategy. goes beyond designing a single app to define the principles and processes for how the entire company builds user-centric products. audit the client s current ux/ui capabilities and design processes. develop a strategy for a consistent user-centric design language across all products. help build an internal center of excellence for ux. conduct foundational user research to inform long-term product strategy. skills ux research design thinking product strategy facilitation leadership. qualifications senior-level background in ux research or product design.,"Consulting, Business & Operations",Technology Consulting,UX Strategy Consultant,advises clients on their overall user experience strategy. goes beyond designing a single app to define the principles and processes for how the entire company builds user-centric products.,audit the client s current ux/ui capabilities and design processes. develop a strategy for a consistent user-centric design language across all products. help build an internal center of excellence for ux. conduct foundational user research to inform long-term product strategy.,skills ux research design thinking product strategy facilitation leadership. qualifications senior-level background in ux research or product design.,596,https://www.kaggle.com/datasets/shivamashokgupta/job-description
JD0569,tax due diligence consultant a specialized cpa who works on m a transactions focusing purely on analyzing the target company s tax compliance risks and liabilities. analyze the target s historical tax returns income sales payroll . identify and quantify potential unpaid tax liabilities or audit risks. advise the buyer on the tax implications of the deal structure e.g. asset vs. stock sale . review the tax section of the purchase agreement. skills expert tax knowledge especially corporate and m a accounting risk analysis due diligence. qualifications cpa and/or master s in taxation mst background in public accounting tax .,"Banking, Finance & Audit",Financial Advisory,Tax Due Diligence Consultant,a specialized cpa who works on m a transactions focusing purely on analyzing the target company s tax compliance risks and liabilities.,analyze the target s historical tax returns income sales payroll . identify and quantify potential unpaid tax liabilities or audit risks. advise the buyer on the tax implications of the deal structure e.g. asset vs. stock sale . review the tax section of the purchase agreement.,skills expert tax knowledge especially corporate and m a accounting risk analysis due diligence. qualifications cpa and/or master s in taxation mst background in public accounting tax .,597,https://www.kaggle.com/datasets/shivamashokgupta/job-description
JD0570,implementation consultant a generalist role for a consultant who embeds with a client team after the strategy is set to help them execute the plan and manage the project. help the client s internal team build project plans and timelines. set up and run the project management office pmo for a key initiative. track progress identify risks and create status reports for leadership. act as a utility player to solve problems and keep the project moving. skills project management pmp communication organization problem-solving. qualifications consulting background with strong project management skills.,"Consulting, Business & Operations",Management Consulting,Implementation Consultant,a generalist role for a consultant who embeds with a client team after the strategy is set to help them execute the plan and manage the project.,help the client s internal team build project plans and timelines. set up and run the project management office pmo for a key initiative. track progress identify risks and create status reports for leadership. act as a utility player to solve problems and keep the project moving.,skills project management pmp communication organization problem-solving. qualifications consulting background with strong project management skills.,598,https://www.kaggle.com/datasets/shivamashokgupta/job-description
JD0571,logistics procurement consultant a specialist focused only on helping clients buy procure transportation and logistics services such as truckload freight ocean shipping or 3pl warehouse services. analyze the client s freight spending and carrier contracts. run large-scale rfps to bid out freight lanes or warehouse contracts. negotiate freight rates and service level agreements slas with carriers/3pls. audit freight invoices to ensure accurate billing. skills deep knowledge of freight markets transportation negotiation procurement. qualifications background in logistics freight brokerage or procurement.,"Consulting, Business & Operations",Niche: Supply Chain,Logistics Procurement Consultant,a specialist focused only on helping clients buy procure transportation and logistics services such as truckload freight ocean shipping or 3pl warehouse services.,analyze the client s freight spending and carrier contracts. run large-scale rfps to bid out freight lanes or warehouse contracts. negotiate freight rates and service level agreements slas with carriers/3pls. audit freight invoices to ensure accurate billing.,skills deep knowledge of freight markets transportation negotiation procurement. qualifications background in logistics freight brokerage or procurement.,599,https://www.kaggle.com/datasets/shivamashokgupta/job-description
JD0572,payer strategy consultant advises health insurance companies payers on their strategy including market expansion new plan design and shifting to value-based care payments. help insurers develop new medicare advantage or aca marketplace plans. advise on strategies to partner with providers on value-based care contracts. analyze market trends and competitor strategies in the insurance space. skills deep knowledge of the us health insurance system financial modeling strategy. qualifications mba mha or mph experience working for or consulting with health insurers.,Healthcare & Life Sciences,Niche: Healthcare,Payer Strategy Consultant,advises health insurance companies payers on their strategy including market expansion new plan design and shifting to value-based care payments.,help insurers develop new medicare advantage or aca marketplace plans. advise on strategies to partner with providers on value-based care contracts. analyze market trends and competitor strategies in the insurance space.,skills deep knowledge of the us health insurance system financial modeling strategy. qualifications mba mha or mph experience working for or consulting with health insurers.,600,https://www.kaggle.com/datasets/shivamashokgupta/job-description
JD0573,loss prevention lp consultant an external expert who advises retail clients on how to reduce shrink inventory loss due to theft fraud or error . audit a retailer s current lp procedures store layouts and technology. identify sources of shrink e.g. employee theft shoplifting administrative error . recommend improvements to technology cameras tags processes cash handling and training. develop and implement employee awareness and integrity programs. skills investigative skills auditing knowledge of lp technology retail operations. qualifications former corporate loss prevention manager. lpc loss prevention certified credential.,"Consulting, Business & Operations",Niche: Retail,Loss Prevention (LP) Consultant,an external expert who advises retail clients on how to reduce shrink inventory loss due to theft fraud or error .,audit a retailer s current lp procedures store layouts and technology. identify sources of shrink e.g. employee theft shoplifting administrative error . recommend improvements to technology cameras tags processes cash handling and training. develop and implement employee awareness and integrity programs.,skills investigative skills auditing knowledge of lp technology retail operations. qualifications former corporate loss prevention manager. lpc loss prevention certified credential.,601,https://www.kaggle.com/datasets/shivamashokgupta/job-description
JD0574,communications consultant hr a specialist often part of a broader hr consulting firm who focuses on writing and designing the communication campaigns for hr programs e.g. rolling out new benefits a new performance review process . develop the communication strategy and key messaging for a new hr initiative. write and design all employee-facing materials emails brochures videos intranet sites . ensure communications are clear engaging and aligned with the company culture. plan the go-live communication cascade from leaders to managers to employees . skills strong writing and editing graphic design sense marketing hr program knowledge. qualifications degree in communications marketing or hr.,"Consulting, Business & Operations",HR Consulting,Communications Consultant (HR),a specialist often part of a broader hr consulting firm who focuses on writing and designing the communication campaigns for hr programs e.g. rolling out new benefits a new performance review process .,develop the communication strategy and key messaging for a new hr initiative. write and design all employee-facing materials emails brochures videos intranet sites . ensure communications are clear engaging and aligned with the company culture. plan the go-live communication cascade from leaders to managers to employees .,skills strong writing and editing graphic design sense marketing hr program knowledge. qualifications degree in communications marketing or hr.,602,https://www.kaggle.com/datasets/shivamashokgupta/job-description
JD0575,working capital consultant an operational finance consultant who helps clients improve their cash flow by optimizing accounts receivable accounts payable and inventory the components of net working capital . analyze the client s cash-to-cash cycle. implement strategies to collect receivables ar faster. negotiate extended payment terms with suppliers ap . develop strategies to reduce excess and obsolete inventory. free up cash trapped in operations. skills financial analysis operations procurement credit management. qualifications background in corporate finance treasury or operations consulting.,"Banking, Finance & Audit",Financial Advisory,Working Capital Consultant,an operational finance consultant who helps clients improve their cash flow by optimizing accounts receivable accounts payable and inventory the components of net working capital .,analyze the client s cash-to-cash cycle. implement strategies to collect receivables ar faster. negotiate extended payment terms with suppliers ap . develop strategies to reduce excess and obsolete inventory. free up cash trapped in operations.,skills financial analysis operations procurement credit management. qualifications background in corporate finance treasury or operations consulting.,603,https://www.kaggle.com/datasets/shivamashokgupta/job-description
JD0576,it service management itsm consultant an expert in itil information technology infrastructure library framework who helps clients improve their it support operations like the help desk . often implements servicenow. advise clients on itil best practices for incident management problem management and change management. redesign the client s it help desk and support processes. implement and configure itsm software like servicenow . skills itil framework foundation or expert cert process mapping servicenow. qualifications itil certification is mandatory. experience in it support operations.,"Consulting, Business & Operations",Technology Consulting,IT Service Management (ITSM) Consultant,an expert in itil information technology infrastructure library framework who helps clients improve their it support operations like the help desk . often implements servicenow.,advise clients on itil best practices for incident management problem management and change management. redesign the client s it help desk and support processes. implement and configure itsm software like servicenow .,skills itil framework foundation or expert cert process mapping servicenow. qualifications itil certification is mandatory. experience in it support operations.,604,https://www.kaggle.com/datasets/shivamashokgupta/job-description
JD0577,economic development consultant hired by city or state governments to develop strategies to attract new businesses create jobs and stimulate economic growth in their region. conduct economic analysis of a region s strengths and weaknesses. develop strategies for attracting businesses in specific target industries e.g. tech biotech . advise on tax incentives and workforce development programs. write grant applications for federal economic development funds. skills economics public policy real estate grant writing data analysis. qualifications master s in urban planning public policy mpp or economics.,"Arts, Media, Education & Public Service",Niche: Public Sector,Economic Development Consultant,hired by city or state governments to develop strategies to attract new businesses create jobs and stimulate economic growth in their region.,conduct economic analysis of a region s strengths and weaknesses. develop strategies for attracting businesses in specific target industries e.g. tech biotech . advise on tax incentives and workforce development programs. write grant applications for federal economic development funds.,skills economics public policy real estate grant writing data analysis. qualifications master s in urban planning public policy mpp or economics.,605,https://www.kaggle.com/datasets/shivamashokgupta/job-description
JD0578,public safety consultant advises police departments fire departments and ems agencies on operations staffing technology and community engagement. analyze 911 call data and response times to optimize staffing and deployment. advise on implementing new technologies e.g. body cameras dispatch systems . facilitate strategic planning and community policing initiatives. assess agency compliance with national standards and best practices. skills public safety operations police/fire data analysis stakeholder facilitation. qualifications often a former senior public safety official e.g. police chief fire chief .,"Arts, Media, Education & Public Service",Niche: Public Sector,Public Safety Consultant,advises police departments fire departments and ems agencies on operations staffing technology and community engagement.,analyze 911 call data and response times to optimize staffing and deployment. advise on implementing new technologies e.g. body cameras dispatch systems . facilitate strategic planning and community policing initiatives. assess agency compliance with national standards and best practices.,skills public safety operations police/fire data analysis stakeholder facilitation. qualifications often a former senior public safety official e.g. police chief fire chief .,606,https://www.kaggle.com/datasets/shivamashokgupta/job-description
JD0579,business model transformation consultant advises established companies on how to fundamentally change their business model often from a one-time product sale to a recurring revenue subscription model. analyze the client s current business model and value chain. design new value propositions and recurring revenue models. identify the operational technological and financial changes needed to support the new model. create the implementation roadmap for the transformation. skills strategic thinking financial modeling recurring revenue innovation business architecture. qualifications mba senior management consulting experience.,"Consulting, Business & Operations",Strategy Consulting,Business Model Transformation Consultant,advises established companies on how to fundamentally change their business model often from a one-time product sale to a recurring revenue subscription model.,analyze the client s current business model and value chain. design new value propositions and recurring revenue models. identify the operational technological and financial changes needed to support the new model. create the implementation roadmap for the transformation.,skills strategic thinking financial modeling recurring revenue innovation business architecture. qualifications mba senior management consulting experience.,607,https://www.kaggle.com/datasets/shivamashokgupta/job-description
